OrderDate,Order,AssetName,AssetDescription,WorkDescription,ReportedDate,RequiredByDate,PlannedDurationHrs,ActualStartDateTime,ActualEndDateTime,Duration,WorkType,SystemType,WorkStatus,FailureType,RemedyType,ParentLocation,ReferenceReport,MonthY,WorkPriority,OffshoreReport,Month Name,Year
17/04/2025 10:58,WO-CBM_100539,ABB,CMB System for Planned Maint.,ABB - Pre-berthing checks,,16/04/2025,1,16/04/2025 07:15,16/04/2025 08:30,1.25,Inspection,Mooring System,Completed,,,ABB_Offshore,DPR 2929,2025-04 (Apr),P1 - High,,April,2025
16/04/2025 15:58,WO-W_SHOP_200062,GPMS-W-SHOP,GPMS Maintenance Workshop & Warehouse,Fabrication of plumb weight for SPM,,27/04/2025,3,15/04/2025 15:00,18/04/2025 16:30,73.5,Planned Corrective Maint.,Anchoring System,Completed,,,W_Shop,,2025-04 (Apr),P2 - Medium,,April,2025
16/04/2025 10:59,WO-SPM_200094,SPM-AE-BY-02,CALM Buoy - CO760,Installation of Fender on SPM2 at Berth 16,,20/04/2025,2,15/04/2025 15:00,15/04/2025 16:00,1,Planned Corrective Maint.,Buoy Body,Completed,,,SPM_Offshore,,2025-04 (Apr),P2 - Medium,,April,2025
16/04/2025 10:56,WO-SPM-CBM_200013,ABB/SPM_Onshore,Onshore ABB_SPM System for Planned Maintenance,Valve Fabric Maintenance - Gao Lagoon Station,,20/04/2025,24,17/04/2025 10:30,17/04/2025 13:00,2.5,Planned Corrective Maint.,Valve,Completed,,,ABB_SPM_Onshore,,2025-04 (Apr),P2 - Medium,,April,2025
16/04/2025 10:53,WO-SPM-CBM_100087,ABB/SPM_Onshore,Onshore ABB_SPM System for Planned Maintenance,Weekly Servitude Walk / Pipeline Inspection,,20/04/2025,2,16/04/2025 09:30,16/04/2025 12:30,3,Planned Maint.,Piping,Completed,,,ABB_SPM_Onshore,,2025-04 (Apr),P2 - Medium,,April,2025
16/04/2025 10:51,WO-W_SHOP_100166,COMP-02,Air Compressor - Bauer Mariner 320-B,Weekly Inspection,,20/04/2025,0.5,17/04/2025 16:00,17/04/2025 16:30,0.5,Planned Maint.,Engine,Completed,,,W_Shop,,2025-04 (Apr),P2 - Medium,,April,2025
16/04/2025 10:50,WO-W_SHOP_100165,COMP-01,Air Compressor - KOTECH,Weekly Inspection,,20/04/2025,0.5,14/04/2025 08:30,14/04/2025 09:00,0.5,Planned Maint.,Engine,Completed,,,W_Shop,,2025-04 (Apr),P2 - Medium,,April,2025
16/04/2025 10:50,WO-W_SHOP_100164,Genset-01,Generator- Megapower,Weekly Inspection,,20/04/2025,0.5,14/04/2025 13:30,14/04/2025 14:00,0.5,Planned Maint.,Engine,Completed,,,W_Shop,,2025-04 (Apr),P2 - Medium,,April,2025
16/04/2025 09:33,WO-W_SHOP_200061,ABB-FT-SPOOL_PIECE,"12"" PIG LAUNCHER (SPOOL PIECE  32"" LONG APPROX)",Surface Preparation & Recoating of five (5)12-inch Pig Launcher Spool Pieces,,22/04/2025,56,14/04/2025 10:00,,,Planned Corrective Maint.,Piping,In Progress,Corrosion,Coated,W_Shop,,2025-04 (Apr),P2 - Medium,,April,2025
15/04/2025 08:41,WO-CBM_200093,ABB-ME-SC-01,ABB Sierra chain & pickup line,Installation of cross over line from Sierra chain to stinger box,,13/04/2025,,13/04/2025 08:07,13/04/2025 08:44,0.616666667,Planned Corrective Maint.,Anchoring System,Completed,,,ABB_Offshore,DPR 2926,2025-04 (Apr),P2 - Medium,,April,2025
14/04/2025 16:36,WO-SPM_100547,SPM-AE-BY-01,CALM Buoy - SO17190,SPM – Bi-annual Hose Flanges Cathodic Protection,,20/04/2025,1,,,,Planned Maint.,Cathodic Protection,Open,,,SPM_Offshore,,2025-04 (Apr),P2 - Medium,,April,2025
14/04/2025 16:34,WO-SPM_100546,SPM-AE-BY-01,CALM Buoy - SO17190,SPM – Bi-annual PLEM Cathodic Protection,,20/04/2025,0.75,,,,Planned Maint.,Cathodic Protection,Open,,,SPM_Offshore,,2025-04 (Apr),P2 - Medium,,April,2025
14/04/2025 16:31,WO-SPM_100545,SPM-AE-BY-01,CALM Buoy - SO17190,SPM – Bi-annual Buoy Cathodic Protection,,20/04/2025,1,,,,Planned Maint.,Cathodic Protection,Open,,,SPM_Offshore,,2025-04 (Apr),P2 - Medium,,April,2025
14/04/2025 16:29,WO-SPM_100544,SPM-AE-BY-01,CALM Buoy - SO17190,SPM – Quarterly Anodes GVI,,20/04/2025,1.5,,,,Planned Maint.,Buoy Body,Open,,,SPM_Offshore,,2025-04 (Apr),P2 - Medium,,April,2025
14/04/2025 16:26,WO-SPM_100543,SPM-AE-BY-01,CALM Buoy - SO17190,"SPM - Monthly Inspection of Mooring Bridle/Bridle 
Platform, Hawser & other Acc. GVI",,20/04/2025,1.5,14/04/2025 10:52,14/04/2025 11:30,0.633333333,Planned Maint.,Mooring System,Completed,,,SPM_Offshore,DPR 2927,2025-04 (Apr),P2 - Medium,,April,2025
14/04/2025 16:23,WO-SPM_100542,SPM-AE-BY-01,CALM Buoy - SO17190,SPM - Quarterly MBC GVI,,20/04/2025,0.5,14/04/2025 11:30,14/04/2025 11:36,0.1,Planned Maint.,MBC,Completed,,,SPM_Offshore,DPR 2927,2025-04 (Apr),P2 - Medium,,April,2025
14/04/2025 16:20,WO-SPM_100541,SPM-AE-BY-01,CALM Buoy - SO17190,SPM - Monthly Soundings,,20/04/2025,1.5,14/04/2025 11:30,14/04/2025 12:00,0.5,Planned Maint.,Buoy Body,Completed,,,SPM_Offshore,DPR 2927,2025-04 (Apr),P2 - Medium,,April,2025
14/04/2025 16:18,WO-SPM_100540,SPM-AE-BY-01,CALM Buoy - SO17190,SPM – Weekly Solar Panels GVI and cleaning,,20/04/2025,0.33,14/04/2025 11:40,14/04/2025 12:00,0.333333333,Planned Maint.,NavAids & Power,Completed,,,SPM_Offshore,DPR 2927,2025-04 (Apr),P2 - Medium,,April,2025
14/04/2025 16:16,WO-SPM_100539,SPM-AE-BY-01,CALM Buoy - SO17190,SPM – Weekly Main Bearing Greasing,,20/04/2025,1,14/04/2025 11:30,14/04/2025 12:00,0.5,Planned Maint.,Lubrication System,Completed,,,SPM_Offshore,DPR 2927,2025-04 (Apr),P2 - Medium,,April,2025
14/04/2025 16:14,WO-SPM_100538,SPM-AE-BY-01,CALM Buoy - SO17190,SPM – Weekly Central Pipe Swivel Greasing and GVI,,20/04/2025,1,14/04/2025 11:30,14/04/2025 12:00,0.5,Planned Maint.,Swivel System,Completed,,,SPM_Offshore,DPR 2927,2025-04 (Apr),P2 - Medium,,April,2025
14/04/2025 16:12,WO-SPM_100537,SPM-AE-BY-01,CALM Buoy - SO17190,SPM – Weekly Buoy Freeboard/Draft GVI,,20/04/2025,0.1667,14/04/2025 11:30,14/04/2025 11:40,0.166666667,Planned Maint.,Buoy Body,Completed,,,SPM_Offshore,DPR 2927,2025-04 (Apr),P2 - Medium,,April,2025
14/04/2025 16:09,WO-SPM_100519,SPM-AE-BY-01,CALM Buoy - SO17190,SPM - Annual Main Bearing Axial Wear Measurement,,20/04/2025,,,,,Planned Maint.,Lubrication System,Open,,,SPM_Offshore,,2025-04 (Apr),P2 - Medium,,April,2025
14/04/2025 15:57,WO-CBM_100538,ABB,CMB System for Planned Maint.,ABB - Quarterly MATTHEW Buoy Body (Subsea ) GVI,,20/04/2025,0.25,,,,Planned Maint.,Buoy Body,Open,,,ABB_Offshore,,2025-04 (Apr),P2 - Medium,,April,2025
14/04/2025 15:54,WO-CBM_100537,ABB,CMB System for Planned Maint.,ABB - Weekly Bush Wear checks,,20/04/2025,0.33,16/04/2025 07:20,16/04/2025 07:40,0.333333333,Planned Maint.,Buoy Body,Completed,,,ABB_Offshore,DPR 2829,2025-04 (Apr),P2 - Medium,,April,2025
14/04/2025 15:52,WO-CBM_100536,ABB,CMB System for Planned Maint.,ABB - Weekly Buoys Freeboard/Draft GVI,,20/04/2025,0.33,16/04/2025 07:15,16/04/2025 07:35,0.333333333,Planned Maint.,Buoy Body,Completed,,,ABB_Offshore,DPR 2929,2025-04 (Apr),P2 - Medium,,April,2025
14/04/2025 15:49,WO-CBM_100535,ABB,CMB System for Planned Maint.,ABB - Weekly Buoy Hooks GVI & Lubrication,,20/04/2025,0.33,16/04/2025 07:20,16/04/2025 07:40,0.333333333,Planned Maint.,Buoy Body,Completed,,,ABB_Offshore,DPR 2929,2025-04 (Apr),P2 - Medium,,April,2025
14/04/2025 13:51,WO-CBM_100534,ABB,CMB System for Planned Maint.,ABB - Pre-berthing checks,,13/04/2025,1,13/04/2025 08:00,13/04/2025 09:00,1,Inspection,Mooring System,Completed,,,ABB_Offshore,DPR 2926,2025-04 (Apr),P1 - High,,April,2025
14/04/2025 08:16,WO-SPM_200093,SPM-AE-BY-01,CALM Buoy - SO17190,Changed missing shackle pin on TRH belly chain,11/04/2025,11/04/2025,,11/04/2025 11:13,11/04/2025 11:40,0.45,Planned Corrective Maint.,Anchoring System,Closed,,,SPM_Offshore,DPR 2925 / SPM Report 266,2025-04 (Apr),P2 - Medium,SPM Report,April,2025
14/04/2025 08:13,WO-CBM_200092,ABB-ME-SC-01,ABB Sierra chain & pickup line,Installation of new Sierra chain marker buoy and hang off rope,,11/04/2025,,11/04/2025 10:11,11/04/2025 10:48,0.616666667,Planned Corrective Maint.,Anchoring System,Completed,Missing,Replaced,ABB_Offshore,DPR 2925,2025-04 (Apr),P2 - Medium,,April,2025
14/04/2025 08:08,WO-SPM_200092,SPM-ME-CH-01,SPM Mooring Chain,Removal of fishing net from SPM Mooring chain #2,11/04/2025,11/04/2025,,11/04/2025 12:16,14/04/2025 11:24,71.13333333,Planned Corrective Maint.,Anchoring System,Completed,Marine Fouling / Foreign Object,Removed,SPM_Offshore,"DPR 2925, 2927",2025-04 (Apr),P2 - Medium,,April,2025
11/04/2025 10:35,WO-CBM_200091,ABB-ME-BY-02,ABB  Bravo Buoy,Change out ABB02 (Bravo) worn out UKP Bushes,,10/04/2025,1,10/04/2025 07:52,10/04/2025 09:20,1.466666667,Planned Corrective Maint.,Buoy Body,Closed,Worn,Replaced,ABB_Offshore,DPR 2924 / ABB Report 318,2025-04 (Apr),P1 - High,ABB Report,April,2025
11/04/2025 10:32,WO-CBM_200090,ABB-ME-BY-05,ABB Alpha Buoy,Change out ABB05 (Alpha) worn out UKP Bushes,,10/04/2025,1,10/04/2025 07:52,10/04/2025 09:20,1.466666667,Planned Corrective Maint.,Buoy Body,Closed,Worn,Replaced,ABB_Offshore,DPR 2924 / ABB Report 317,2025-04 (Apr),P1 - High,ABB Report,April,2025
10/04/2025 11:41,WO-W_SHOP_200060,GPMS-W-SHOP,GPMS Maintenance Workshop & Warehouse,"Fabricating and coating of 2"" radius clamp on diamond reflector",,20/04/2025,3,10/04/2025 08:00,14/04/2025 16:00,104,Planned Improvement,Others,Completed,,Fabricate,W_Shop,,2025-04 (Apr),P3 - Low,,April,2025
10/04/2025 11:38,WO-SPM_200091,SPM-AE-BY-02,CALM Buoy - CO760,Cleaning of SPM Pipeline Blind Flange and PRV for Inspection,,08/04/2025,,08/04/2025 10:33,10/04/2025 11:47,49.23333333,Planned Corrective Maint.,Piping,Closed,Aquatic Exposure,Cleaned,SPM_Offshore,"DPR 2923, 2924 / SPM Report 265",2025-04 (Apr),P2 - Medium,SPM Report,April,2025
08/04/2025 17:06,WO-SPM-CBM_100086,ABB/SPM_Onshore,Onshore ABB_SPM System for Planned Maintenance,Weekly Servitude Walk,,13/04/2025,2,08/04/2025 09:30,08/04/2025 11:30,2,Planned Maint.,Piping,Closed,,,ABB_SPM_Onshore,,2025-04 (Apr),P2 - Medium,,April,2025
08/04/2025 16:55,WO-JET_100064,Oil-Jetty,Oil Jetty System for Planned Maintenance,Bi-weekly Servitude Walk / Pipeline Inspection,,13/04/2025,2,09/04/2025 09:30,09/04/2025 11:30,2,Planned Maint.,Piping,Completed,,,Oil_Jetty,,2025-04 (Apr),P2 - Medium,,April,2025
08/04/2025 16:41,WO-CBM_100532,ABB,CMB System for Planned Maint.,ABB-Pre-berthing Checks,,07/04/2025,1,07/04/2025 08:09,07/04/2025 09:20,1.183333333,Inspection,Mooring System,Closed,,,ABB_Offshore,DPR 2922,2025-04 (Apr),P1 - High,,April,2025
08/04/2025 16:11,WO-SPM_100536,SPM-AE-BY-01,CALM Buoy - SO17190,SPM- Quarterly Batteries & Enclosures GVI,,13/04/2025,15,,,,Planned Maint.,NavAids & Power,Backlog,,,SPM_Offshore,,2025-04 (Apr),P2 - Medium,,April,2025
08/04/2025 16:07,WO-SPM_100535,SPM-AE-BY-01,CALM Buoy - SO17190,SPM- Monthly Navigation Aids GVI,,13/04/2025,0.5,08/04/2025 11:33,08/04/2025 12:04,0.516666667,Planned Maint.,NavAids & Power,Closed,,,SPM_Offshore,DPR 2923,2025-04 (Apr),P2 - Medium,,April,2025
08/04/2025 16:04,WO-SPM_100532,SPM-AE-BY-01,CALM Buoy - SO17190,SPM- Monthly Hose Pick Up Equipment GVI,,13/04/2025,0.75,11/04/2025 11:13,11/04/2025 11:40,0.45,Planned Maint.,Hoisting & Lifting,Closed,,,SPM_Offshore,DPR 2925,2025-04 (Apr),P2 - Medium,,April,2025
08/04/2025 16:00,WO-SPM_100531,SPM-AE-BY-01,CALM Buoy - SO17190,SPM-Monthly GVI of Floating Hoses & Underwater Hoses (Chinese Lantern),,13/04/2025,1.5,08/04/2025 10:33,08/04/2025 11:58,1.416666667,Planned Maint.,Submarine Hose,Closed,,,SPM_Offshore,DPR 2923,2025-04 (Apr),P2 - Medium,,April,2025
08/04/2025 15:52,WO-SPM_100529,SPM-AE-BY-01,CALM Buoy - SO17190,SPM – Weekly Solar Panels GVI and cleaning,,13/04/2025,0.33,08/04/2025 10:28,08/04/2025 10:48,0.333333333,Planned Maint.,NavAids & Power,Closed,,,SPM_Offshore,DPR 2923,2025-04 (Apr),P2 - Medium,,April,2025
08/04/2025 15:47,WO-SPM_100528,SPM-AE-BY-01,CALM Buoy - SO17190,SPM – Weekly Main Bearing Greasing,,13/04/2025,1,08/04/2025 10:18,08/04/2025 11:18,1,Planned Maint.,Lubrication System,Closed,,,SPM_Offshore,DPR 2923,2025-04 (Apr),P2 - Medium,,April,2025
08/04/2025 14:41,WO-SPM_100530,SPM-AE-BY-01,CALM Buoy - SO17190,SPM -Monthly Cleaning of Floating Hoses & Underwater Hoses (Chinese Lantern),,13/04/2025,120,,,,Planned Maint.,Submarine Hose,Backlog,,,SPM_Offshore,,2025-04 (Apr),P2 - Medium,,April,2025
08/04/2025 14:32,WO-SPM_100534,SPM-AE-BY-01,CALM Buoy - SO17190,"SPM – Bi-Weekly Turntable Rotation & Locking Pins, Guides and Brakes",,13/04/2025,1,11/04/2025 11:47,11/04/2025 12:07,0.333333333,Planned Maint.,Buoy Body,Closed,,,SPM_Offshore,DPR 2925,2025-04 (Apr),P2 - Medium,,April,2025
08/04/2025 14:23,WO-SPM_100533,SPM-AE-BY-01,CALM Buoy - SO17190,SPM – Bi-Weekly Lifting Equipment GVI & Lubrication,,13/04/2025,,08/04/2025 11:33,08/04/2025 12:04,0.516666667,Planned Maint.,Hoisting & Lifting,Completed,,,SPM_Offshore,DPR 2923,2025-04 (Apr),P2 - Medium,,April,2025
08/04/2025 14:21,WO-SPM_100527,SPM-AE-BY-01,CALM Buoy - SO17190,SPM – Weekly Central Pipe Swivel Greasing and GVI,,13/04/2025,1,09/04/2025 10:18,09/04/2025 11:18,1,Planned Maint.,Lubrication System,Closed,,,SPM_Offshore,DPR 2923,2025-04 (Apr),P2 - Medium,,April,2025
08/04/2025 13:54,WO-SPM_100526,SPM-AE-BY-01,CALM Buoy - SO17190,SPM – Weekly Buoy Freeboard/Draft GVI,,13/04/2025,0.1667,08/04/2025 10:18,08/04/2025 10:28,0.166666667,Planned Maint.,Buoy Body,Closed,,,SPM_Offshore,DPR 2923,2025-04 (Apr),P2 - Medium,,April,2025
08/04/2025 10:36,WO-CBM_100531,ABB,CMB System for Planned Maint.,ABB - Quarterly MBC GVI,,13/04/2025,0.5,07/04/2025 08:15,07/04/2025 08:45,0.5,Planned Maint.,MBC,Completed,,,ABB_Offshore,DPR 2922,2025-04 (Apr),P2 - Medium,,April,2025
08/04/2025 10:30,WO-CBM_100530,ABB,CMB System for Planned Maint.,ABB – Bi-annual PLEM to shore pipeline inspection,,13/04/2025,1.5,,,,Planned Maint.,PLEM Piping and Structure,Backlog,,,ABB_Offshore,,2025-04 (Apr),P2 - Medium,,April,2025
08/04/2025 10:28,WO-CBM_100529,ABB,CMB System for Planned Maint.,ABB - Quarterly Buoy Anodes GVI,,13/04/2025,1,07/04/2025 08:37,07/04/2025 09:07,0.5,Planned Maint.,Buoy Body,Closed,,,ABB_Offshore,DPR 2922,2025-04 (Apr),P2 - Medium,,April,2025
08/04/2025 10:26,WO-CBM_100528,ABB,CMB System for Planned Maint.,ABB - Monthly Buoy Body GVI and Cleaning,,13/04/2025,2,07/04/2025 08:09,07/04/2025 09:07,0.966666667,Planned Maint.,Buoy Body,Closed,,,ABB_Offshore,DPR 2922,2025-04 (Apr),P2 - Medium,,April,2025
08/04/2025 10:20,WO-CBM_100527,ABB,CMB System for Planned Maint.,ABB - Weekly Buoys Freeboard/Draft GVI,,13/04/2025,0.33,07/04/2025 08:10,07/04/2025 08:30,0.333333333,Planned Maint.,Buoy Body,Closed,,,ABB_Offshore,DPR 2922,2025-04 (Apr),P2 - Medium,,April,2025
08/04/2025 10:14,WO-CBM_100526,ABB,CMB System for Planned Maint.,ABB - Weekly Bush Wear checks,,13/04/2025,0.33,07/04/2025 08:15,07/04/2025 08:35,0.333333333,Planned Maint.,Buoy Body,Closed,,,ABB_Offshore,DPR 2922,2025-04 (Apr),P2 - Medium,,April,2025
08/04/2025 10:10,WO-CBM_100525,ABB,CMB System for Planned Maint.,ABB - Weekly Buoy Hooks GVI & Lubrication,,13/04/2025,0.33,07/04/2025 08:15,07/04/2025 08:35,0.333333333,Planned Maint.,Buoy Body,Closed,,,ABB_Offshore,DPR 2922,2025-04 (Apr),P2 - Medium,,April,2025
08/04/2025 09:53,WO-CBM_100524,ABB,CMB System for Planned Maint.,ABB- Pre-berthing Checks,,04/04/2025,1,04/04/2025 07:55,04/04/2025 09:10,1.25,Inspection,Mooring System,Closed,,,ABB_Offshore,DPR 2921,2025-04 (Apr),P1 - High,,April,2025
07/04/2025 10:21,WO-W_SHOP_100163,ABB-ME-BY-01,ABB Spare Buoy,Draft Marking on ABB05,,13/04/2025,5,09/04/2025 08:00,14/04/2025 12:00,124,Planned Maint.,Buoy Body,Completed,,,W_Shop,,2025-04 (Apr),P2 - Medium,,April,2025
07/04/2025 10:19,WO-W_SHOP_100162,GPMS-W-SHOP,GPMS Maintenance Workshop & Warehouse,Monthly Welding Machines Inspection,,13/04/2025,1,11/04/2025 09:30,11/04/2025 10:30,1,Planned Maint.,Tools,Completed,,,W_Shop,,2025-04 (Apr),P2 - Medium,,April,2025
07/04/2025 10:17,WO-W_SHOP_100161,GPMS-W-SHOP,GPMS Maintenance Workshop & Warehouse,Monthly Gas Cylinders Inspection,,13/04/2025,0.5,10/04/2025 09:30,10/04/2025 10:00,0.5,Planned Maint.,Tools,Completed,,,W_Shop,,2025-04 (Apr),P2 - Medium,,April,2025
07/04/2025 10:16,WO-W_SHOP_100160,GPMS-W-SHOP,GPMS Maintenance Workshop & Warehouse,Monthly Angle Grinders Inspection,,13/04/2025,0.5,10/04/2025 09:30,10/04/2025 10:00,0.5,Planned Maint.,Tools,Completed,,,W_Shop,,2025-04 (Apr),P2 - Medium,,April,2025
07/04/2025 10:11,WO-W_SHOP_100159,Genset-01,Generator- Megapower,Weekly Inspection,,13/04/2025,0.5,07/04/2025 08:00,07/04/2025 08:30,0.5,Planned Maint.,Engine,Closed,,,W_Shop,,2025-04 (Apr),P2 - Medium,,April,2025
07/04/2025 10:10,WO-W_SHOP_100158,COMP-02,Air Compressor - Bauer Mariner 320-B,Weekly Inspection,,13/04/2025,0.5,07/04/2025 08:00,07/04/2025 08:30,0.5,Planned Maint.,Engine,Closed,,,W_Shop,,2025-04 (Apr),P2 - Medium,,April,2025
07/04/2025 10:10,WO-W_SHOP_100157,COMP-01,Air Compressor - KOTECH,Weekly Inspection,,13/04/2025,0.5,07/04/2025 08:00,07/04/2025 08:30,0.5,Planned Maint.,Engine,Closed,,,W_Shop,,2025-04 (Apr),P2 - Medium,,April,2025
03/04/2025 18:24,WO-W_SHOP_200059,W_SHOP-PIG_LAUNCHER,"20"" PIG Launcher - Workshop",Cutting three gaskets for the pig launcher,26/03/2025,30/03/2025,5,26/03/2025 09:00,26/03/2025 14:00,5,Planned Corrective Maint.,Piping,Closed,Torn,Replaced,W_Shop,,2025-03 (Mar),P2 - Medium,,March,2025
03/04/2025 16:50,WO-CBM_100523,ABB,CMB System for Planned Maint.,ABB - Pre-berthing checks,,01/04/2025,1,01/04/2025 07:50,01/04/2025 09:00,1.166666667,Inspection,Mooring System,Closed,,,ABB_Offshore,DPR 2918,2025-04 (Apr),P1 - High,,April,2025
03/04/2025 16:46,WO-CBM_200089,ABB-ME-BY-02,ABB  Bravo Buoy,Removed fishing net from bravo mooring chain,,01/04/2025,,01/04/2025 08:15,01/04/2025 08:38,0.383333333,Planned Corrective Maint.,Anchoring System,Completed,Marine Fouling / Foreign Object,Removed,ABB_Offshore,DPR 2918,2025-04 (Apr),P2 - Medium,,April,2025
03/04/2025 15:34,WO-SPM-CBM_100085,ABB/SPM_Onshore,Onshore ABB_SPM System for Planned Maintenance,Bi-weekly Servitude Walk / Pipeline Inspection,,06/04/2025,2,03/04/2025 10:00,03/04/2025 12:00,2,Planned Maint.,Piping,Closed,,,ABB_SPM_Onshore,,2025-04 (Apr),P2 - Medium,,April,2025
03/04/2025 15:31,WO-W_SHOP_100156,COMP-02,Air Compressor - Bauer Mariner 320-B,Weekly Inspection,,06/04/2025,0.5,04/04/2025 16:30,04/04/2025 17:00,0.5,Planned Maint.,Engine,Closed,,,W_Shop,,2025-04 (Apr),P2 - Medium,,April,2025
03/04/2025 15:30,WO-W_SHOP_100155,Genset-01,Generator- Megapower,Weekly Inspection,,06/04/2025,0.5,03/04/2025 16:30,03/04/2025 17:00,0.5,Planned Maint.,Engine,Closed,,,W_Shop,,2025-04 (Apr),P2 - Medium,,April,2025
03/04/2025 15:29,WO-W_SHOP_100154,COMP-01,Air Compressor - KOTECH,Weekly Inspection,,06/04/2025,0.5,03/04/2025 16:30,03/04/2025 17:00,0.5,Planned Maint.,Engine,Closed,,,W_Shop,,2025-04 (Apr),P2 - Medium,,April,2025
03/04/2025 15:26,WO-SPM_100525,SPM-AE-BY-01,CALM Buoy - SO17190,SPM – Monthly External Leakage GVI,,06/04/2025,0.33,02/04/2025 11:50,02/04/2025 12:10,0.333333333,Planned Maint.,Piping,Closed,,,SPM_Offshore,DPR 2919,2025-04 (Apr),P2 - Medium,,April,2025
03/04/2025 15:00,WO-SPM_100524,SPM-AE-BY-01,CALM Buoy - SO17190,SPM – Monthly PLEM Valve Operations,,06/04/2025,0.5,08/04/2025 10:33,08/04/2025 11:12,0.65,Planned Maint.,PLEM Piping and Structure,Closed,,,SPM_Offshore,DPR 2923,2025-04 (Apr),P2 - Medium,,April,2025
03/04/2025 14:58,WO-SPM_100523,SPM-AE-BY-01,CALM Buoy - SO17190,SPM – Monthly Expansion Joint GVI,,06/04/2025,0.33,02/04/2025 11:50,02/04/2025 12:10,0.333333333,Planned Maint.,Piping Support,Closed,,,SPM_Offshore,DPR 2919,2025-04 (Apr),P2 - Medium,,April,2025
03/04/2025 14:56,WO-SPM_100522,SPM-AE-BY-01,CALM Buoy - SO17190,SPM – Monthly Top Side Valve Operations,,06/04/2025,0.33,02/04/2025 11:50,02/04/2025 12:10,0.333333333,Planned Maint.,Valve,Closed,,,SPM_Offshore,DPR 2919,2025-04 (Apr),P2 - Medium,,April,2025
03/04/2025 09:05,WO-SPM_100521,SPM-AE-BY-01,CALM Buoy - SO17190,SPM – Monthly Fluid Swivel GVI,,06/04/2025,0.33,02/04/2025 11:50,02/04/2025 12:10,0.333333333,Planned Maint.,Swivel System,Closed,,,SPM_Offshore,DPR 2919,2025-04 (Apr),P2 - Medium,,April,2025
03/04/2025 09:03,WO-SPM_100520,SPM-AE-BY-01,CALM Buoy - SO17190,SPM – Monthly Torque Arm GVI,,06/04/2025,0.33,02/04/2025 11:50,02/04/2025 12:10,0.333333333,Planned Maint.,Swivel System,Closed,,,SPM_Offshore,DPR 2919,2025-04 (Apr),P2 - Medium,,April,2025
03/04/2025 09:00,WO-CBM_100533,ABB,CMB System for Planned Maint.,ABB - Pre-berthing checks,,10/04/2025,1,10/04/2025 07:52,10/04/2025 09:20,1.466666667,Inspection,Mooring System,Closed,,,ABB_Offshore,DPR 2924,2025-04 (Apr),P1 - High,,April,2025
03/04/2025 08:57,WO-SPM_100518,SPM-AE-BY-01,CALM Buoy - SO17190,SPM – Weekly Solar Panels GVI and cleaning,,06/04/2025,0.33,02/04/2025 10:40,02/04/2025 11:00,0.333333333,Planned Maint.,NavAids & Power,Closed,,,SPM_Offshore,DPR 2919,2025-04 (Apr),P2 - Medium,,April,2025
03/04/2025 08:56,WO-SPM_100517,SPM-AE-BY-01,CALM Buoy - SO17190,SPM – Weekly Main Bearing Greasing,,06/04/2025,1,02/04/2025 10:23,02/04/2025 11:23,1,Planned Maint.,Lubrication System,Closed,,,SPM_Offshore,DPR 2919,2025-04 (Apr),P2 - Medium,,April,2025
03/04/2025 08:54,WO-SPM_100516,SPM-AE-BY-01,CALM Buoy - SO17190,SPM – Weekly Central Pipe Swivel Greasing and GVI,,06/04/2025,1,02/04/2025 10:22,02/04/2025 11:22,1,Planned Maint.,Swivel System,Closed,,,SPM_Offshore,DPR 2919,2025-04 (Apr),P2 - Medium,,April,2025
03/04/2025 08:53,WO-SPM_100515,SPM-AE-BY-01,CALM Buoy - SO17190,SPM – Weekly Buoy Freeboard/Draft GVI,,06/04/2025,0.1667,02/04/2025 10:10,02/04/2025 10:20,0.166666667,Planned Maint.,Buoy Body,Closed,,,SPM_Offshore,DPR 2919,2025-04 (Apr),P2 - Medium,,April,2025
03/04/2025 08:49,WO-CBM_100522,ABB,CMB System for Planned Maint.,ABB – Monthly PLEM Valve operation,,06/04/2025,0.25,01/04/2025 08:35,01/04/2025 08:50,0.25,Planned Maint.,PLEM Piping and Structure,Closed,,,ABB_Offshore,DPR 2918,2025-04 (Apr),P2 - Medium,,April,2025
03/04/2025 08:43,WO-CBM_100521,ABB,CMB System for Planned Maint.,ABB - Monthly Hose Pick Up Equipment & End Fittings GVI,,06/04/2025,0.5,01/04/2025 08:20,01/04/2025 08:50,0.5,Planned Maint.,Hoisting & Lifting,Closed,,,ABB_Offshore,DPR 2918 / ABB Report 316,2025-04 (Apr),P2 - Medium,ABB Report,April,2025
03/04/2025 08:41,WO-CBM_100520,ABB-FT-HS-01,ABB Submarine Hose Assembly,ABB – Monthly Subsea Hoses,,06/04/2025,0.5,02/04/2025 09:36,02/04/2025 09:46,0.166666667,Planned Maint.,Submarine Hose,Closed,,,ABB_Offshore,DPR 2919,2025-04 (Apr),P2 - Medium,,April,2025
03/04/2025 08:40,WO-CBM_100519,ABB-FT-HS-01,ABB Submarine Hose Assembly,ABB – Monthly GVI above water Hoses,,06/04/2025,0.5,01/04/2025 08:20,01/04/2025 08:50,0.5,Planned Maint.,Submarine Hose,Closed,,,ABB_Offshore,DPR 2918,2025-04 (Apr),P2 - Medium,,April,2025
03/04/2025 08:38,WO-CBM_100518,ABB,CMB System for Planned Maint.,"ABB - Monthly Mooring buoy Pins, Swivel & Touchdown area on Chain",,06/04/2025,1.5,07/04/2025 08:37,07/04/2025 09:20,0.716666667,Planned Maint.,Buoy Body,Closed,,,ABB_Offshore,DPR 2922,2025-04 (Apr),P2 - Medium,,April,2025
03/04/2025 08:33,WO-CBM_100517,ABB,CMB System for Planned Maint.,ABB - Buoy Pre-Refurbishment Inspection,,06/04/2025,4,07/04/2025 08:37,13/04/2025 09:00,144.3833333,Planned Maint.,Buoy Body,Closed,,,ABB_Offshore,"DPR 2922, 2924, 2926",2025-04 (Apr),P2 - Medium,,April,2025
03/04/2025 08:29,WO-CBM_100516,ABB,CMB System for Planned Maint.,ABB - Weekly Bush Wear checks,,06/04/2025,0.33,01/04/2025 08:10,01/04/2025 08:30,0.333333333,Planned Maint.,Buoy Body,Closed,,,ABB_Offshore,DPR 2918,2025-04 (Apr),P2 - Medium,,April,2025
03/04/2025 08:25,WO-CBM_100515,ABB,CMB System for Planned Maint.,ABB - Weekly Buoys Freeboard/Draft GVI,,06/04/2025,0.33,01/04/2025 07:50,01/04/2025 08:10,0.333333333,Planned Maint.,Buoy Body,Closed,,,ABB_Offshore,DPR 2918,2025-04 (Apr),P2 - Medium,,April,2025
03/04/2025 08:24,WO-CBM_100514,ABB,CMB System for Planned Maint.,ABB - Weekly Buoy Hooks GVI & Lubrication,,06/04/2025,0.33,01/04/2025 08:10,01/04/2025 08:30,0.333333333,Planned Maint.,Buoy Body,Closed,,,ABB_Offshore,DPR 2918,2025-04 (Apr),P2 - Medium,,April,2025
02/04/2025 11:58,WO-CBM_100513,ABB,CMB System for Planned Maint.,ABB - Pre-berthing checks,,29/03/2025,1,29/03/2025 06:55,29/03/2025 08:10,1.25,Inspection,Mooring System,Closed,,,ABB_Offshore,DPR 2917,2025-03 (Mar),P1 - High,,March,2025
27/03/2025 15:11,WO-CBM_200088,ABB-ME-BY-04,ABB Charlie Buoy,Change out ABB04 (Charlie) worn out UKP Bushes.,,26/03/2025,,26/03/2025 08:25,26/03/2025 08:55,0.5,Planned Corrective Maint.,Buoy Body,Closed,Worn,Replaced,ABB_Offshore,DPR 2915 / ABB Report 315,2025-03 (Mar),P1 - High,ABB Report,March,2025
27/03/2025 15:07,WO-CBM_100512,ABB,CMB System for Planned Maint.,ABB - Pre-berthing checks,,26/03/2025,1,26/03/2025 08:25,26/03/2025 09:18,0.883333333,Inspection,Mooring System,Closed,,,ABB_Offshore,DPR 2915,2025-03 (Mar),P1 - High,,March,2025
27/03/2025 00:00,WO-W_SHOP_200058,Genset-01,Generator- Megapower,"Yearly Oil Service 
Radiator tank cleaning to rectify engine overheating",,27/03/2025,4,27/03/2025 11:30,27/03/2025 15:30,4,Planned Maint.,Engine,Closed,Overheating,Serviced,W_Shop,,2025-03 (Mar),P2 - Medium,,March,2025
26/03/2025 16:30,WO-W_SHOP_200057,Genset-01,Generator- Megapower,Genset stopped due to engine overheating. Engine cooled and coolant topped up. Contractor to be engaged for full servicing and radiator cleaning.,,26/03/2025,0.5,26/03/2025 15:15,26/03/2025 15:42,0.45,Breakdown,Engine,Completed,Overheating,Refilled,W_Shop,,2025-03 (Mar),P1 - High,,March,2025
26/03/2025 14:46,WO-SPM_200090,SPM-ME-CH-01,SPM Mooring Chain,Removal of fishing net from SPM Mooring chain #2,,28/03/2025,,28/03/2025 11:58,28/03/2025 12:30,0.533333333,Planned Corrective Maint.,Anchoring System,Completed,Marine Fouling / Foreign Object,Removed,SPM_Offshore,DPR 2916,2025-03 (Mar),P2 - Medium,,March,2025
26/03/2025 14:36,WO-SPM_200089,SPM-AE-BY-01,CALM Buoy - SO17190,Tightened loose tie rod nuts on fluid transfer piping expansion piece.,,24/03/2025,,24/03/2025 11:37,24/03/2025 12:33,0.933333333,Planned Corrective Maint.,Swivel System,Closed,,,SPM_Offshore,DPR 2913 / SPM Report 263,2025-03 (Mar),P2 - Medium,SPM Report,March,2025
25/03/2025 14:26,WO-SPM_200088,SPM-ME-CH-01,SPM Mooring Chain,Removed fishing net from mooring chain #2,,24/03/2025,,24/03/2025 11:48,25/03/2025 10:16,22.46666667,Planned Corrective Maint.,Anchoring System,Completed,Marine Fouling / Foreign Object,Removed,SPM_Offshore,"DPR 2913,2914",2025-03 (Mar),P2 - Medium,,March,2025
24/03/2025 14:25,WO-JET_100063,Oil-Jetty,Oil Jetty System for Planned Maintenance,Bi-weekly Servitude Walk / Pipeline Inspection,,30/03/2025,2,25/03/2025 09:00,25/03/2025 11:00,2,Planned Maint.,Piping,Closed,,,Oil_Jetty,,2025-03 (Mar),P2 - Medium,,March,2025
24/03/2025 14:24,WO-SPM-CBM_100084,ABB/SPM_Onshore,Onshore ABB_SPM System for Planned Maintenance,Weekly Servitude Walk / Pipeline Inspection,,30/03/2025,2,27/03/2025 10:00,27/03/2025 12:00,2,Planned Maint.,Piping,Closed,,,ABB_SPM_Onshore,,2025-03 (Mar),P2 - Medium,,March,2025
24/03/2025 14:21,WO-W_SHOP_100153,COMP-02,Air Compressor - Bauer Mariner 320-B,Weekly Inspection,,30/03/2025,0.5,28/03/2025 16:00,28/03/2025 16:30,0.5,Planned Maint.,Engine,Closed,,,W_Shop,,2025-03 (Mar),P2 - Medium,,March,2025
24/03/2025 14:21,WO-W_SHOP_100152,COMP-01,Air Compressor - KOTECH,Weekly Inspection,,30/03/2025,0.5,24/03/2025 10:30,24/03/2025 11:00,0.5,Planned Maint.,Engine,Closed,,,W_Shop,,2025-03 (Mar),P2 - Medium,,March,2025
24/03/2025 14:20,WO-W_SHOP_100151,Genset-01,Generator- Megapower,Weekly Inspection,,30/03/2025,0.5,24/03/2025 10:30,24/03/2025 11:00,0.5,Planned Maint.,Engine,Closed,,,W_Shop,,2025-03 (Mar),P2 - Medium,,March,2025
24/03/2025 10:51,WO-SPM_100514,SPM-AE-BY-01,CALM Buoy - SO17190,SPM – Weekly Solar Panels GVI and cleaning,,30/03/2025,0.33,24/03/2025 11:37,24/03/2025 12:35,0.966666667,Planned Maint.,NavAids & Power,Closed,,,SPM_Offshore,DPR 2913,2025-03 (Mar),P2 - Medium,,March,2025
24/03/2025 10:49,WO-SPM_100513,SPM-AE-BY-01,CALM Buoy - SO17190,SPM – Weekly Main Bearing Greasing,,30/03/2025,1,24/03/2025 11:37,24/03/2025 12:35,0.966666667,Planned Maint.,Lubrication System,Closed,,,SPM_Offshore,DPR 2913,2025-03 (Mar),P2 - Medium,,March,2025
24/03/2025 10:48,WO-SPM_100512,SPM-AE-BY-01,CALM Buoy - SO17190,SPM – Weekly Central Pipe Swivel Greasing and GVI,,30/03/2025,1,24/03/2025 11:37,24/03/2025 12:35,0.966666667,Planned Maint.,Swivel System,Closed,,,SPM_Offshore,DDPR 2913,2025-03 (Mar),P2 - Medium,,March,2025
24/03/2025 10:47,WO-SPM_100511,SPM-AE-BY-01,CALM Buoy - SO17190,SPM – Weekly Buoy Freeboard/Draft GVI,,30/03/2025,0.1667,24/03/2025 11:37,24/03/2025 11:47,0.166666667,Planned Maint.,Buoy Body,Closed,,,SPM_Offshore,DPR 2913,2025-03 (Mar),P2 - Medium,,March,2025
24/03/2025 10:40,WO-CBM_100511,ABB,CMB System for Planned Maint.,ABB – Bi-annual PLEM Marker buoy GVI,,30/03/2025,0.35,26/03/2025 08:40,26/03/2025 09:01,0.35,Planned Maint.,Buoy Body,Completed,,,ABB_Offshore,DPR 2915,2025-03 (Mar),P2 - Medium,,March,2025
24/03/2025 10:21,WO-CBM_100510,ABB,CMB System for Planned Maint.,ABB - Weekly Bush Wear checks,,30/03/2025,0.33,26/03/2025 08:25,26/03/2025 08:45,0.333333333,Planned Maint.,Buoy Body,Closed,,,ABB_Offshore,DPR 2915,2025-03 (Mar),P2 - Medium,,March,2025
24/03/2025 10:20,WO-CBM_100509,ABB,CMB System for Planned Maint.,ABB - Weekly Buoys Freeboard/Draft GVI,,30/03/2025,0.33,26/03/2025 08:30,26/03/2025 08:50,0.333333333,Planned Maint.,Buoy Body,Closed,,,ABB_Offshore,DPR 2915,2025-03 (Mar),P2 - Medium,,March,2025
24/03/2025 10:16,WO-CBM_100508,ABB,CMB System for Planned Maint.,ABB - Weekly Buoy Hooks GVI & Lubrication,,30/03/2025,0.33,26/03/2025 08:25,26/03/2025 08:45,0.333333333,Planned Maint.,Buoy Body,Closed,,,ABB_Offshore,DPR 2915,2025-03 (Mar),P2 - Medium,,March,2025
24/03/2025 10:13,WO-CBM_100507,ABB,CMB System for Planned Maint.,ABB - Pre-berthing checks,,23/03/2025,1,23/03/2025 08:06,23/03/2025 08:10,0.066666667,Inspection,Mooring System,Closed,,,ABB_Offshore,DPR 2912,2025-03 (Mar),P1 - High,,March,2025
21/03/2025 13:50,WO-CBM_100506,ABB,CMB System for Planned Maint.,ABB - Pre-berthing checks,,20/03/2025,1,20/03/2025 08:37,20/03/2025 10:00,1.383333333,Inspection,Mooring System,Closed,,,ABB_Offshore,DPR 2911,2025-03 (Mar),P1 - High,,March,2025
20/03/2025 16:16,WO-SPM_100510,SPM-ME-CH-01,SPM Mooring Chain,GVI of SPM Mooring Chain #5 to the anchor location,,18/03/2025,,18/03/2025 11:37,18/03/2025 12:12,0.583333333,Planned Maint.,Anchoring System,Completed,,,SPM_Offshore,DPR 2909,2025-03 (Mar),P2 - Medium,,March,2025
19/03/2025 14:29,WO-SPM_200086,SPM-ME-CH-01,SPM Mooring Chain,Removed fishing net on mooring chain #4,,18/03/2025,,18/03/2025 10:42,18/03/2025 11:23,0.683333333,Planned Corrective Maint.,Anchoring System,Completed,Marine Fouling / Foreign Object,Removed,SPM_Offshore,DPR 2909,2025-03 (Mar),P2 - Medium,,March,2025
19/03/2025 14:27,WO-SPM_200085,SPM-AE-BY-01,CALM Buoy - SO17190,"GVI & counting of installed and uninstalled anodes' location on the SPM buoy 
counted a total of 38 anodes",,18/03/2025,,18/03/2025 10:42,18/03/2025 11:23,0.683333333,Planned Corrective Maint.,Buoy Body,Completed,,,SPM_Offshore,DPR 2909,2025-03 (Mar),P2 - Medium,,March,2025
19/03/2025 13:51,WO-SPM_200087,SPM-FT-HS-01,SPM Hose String Assembly (Floating/Submarine),"Replaced TRH 16"" light weight blind flange, FF 150LB",,18/03/2025,,18/03/2025 10:46,18/03/2025 10:58,0.2,Planned Corrective Maint.,Floating Hose,Closed,Corrosion,Replaced,SPM_Offshore,DPR 2909 / SPM Report 262,2025-03 (Mar),P2 - Medium,SPM Report,March,2025
18/03/2025 14:25,WO-CBM_200087,ABB-ME-BY-05,ABB Alpha Buoy,Change out ABB05 (Alpha) worn out UKP Bushes,,17/03/2025,,17/03/2025 08:58,17/03/2025 09:51,0.883333333,Planned Corrective Maint.,Buoy Body,Closed,Worn,Replaced,ABB_Offshore,DPR 2908 / ABB Report 313,2025-03 (Mar),P1 - High,ABB Report,March,2025
18/03/2025 14:06,WO-CBM_100505,ABB,CMB System for Planned Maint.,ABB- Pre-berthing Checks,,17/03/2025,1,17/03/2025 08:21,17/03/2025 10:03,1.7,Inspection,Mooring System,Closed,,,ABB_Offshore,DPR 2908,2025-03 (Mar),P1 - High,,March,2025
17/03/2025 16:17,WO-CBM_100500,ABB,CMB System for Planned Maint.,"ABB - Pre-berthing checks
clean PLEM Buoy",,14/03/2025,1,14/03/2025 08:15,14/03/2025 09:00,0.75,Inspection,Mooring System,Closed,,,ABB_Offshore,DPR 2907,2025-03 (Mar),P1 - High,,March,2025
17/03/2025 10:19,WO-W_SHOP_100150,GPMS-W-SHOP,GPMS Maintenance Workshop & Warehouse,Bi-annual Lifting Equipment Inspection,,30/03/2025,40,24/03/2025 10:00,29/03/2025 15:00,125,Planned Maint.,Hoisting & Lifting,Closed,,,W_Shop,,2025-03 (Mar),P2 - Medium,,March,2025
17/03/2025 10:11,WO_SPM_CBM_10083,ABB/SPM_Onshore,Onshore ABB_SPM System for Planned Maintenance,Monthly Cathodic protection potential measurement,,23/03/2025,2,20/03/2025 10:00,20/03/2025 12:00,2,Planned Maint.,Cathodic Protection,Closed,,,ABB_SPM_Onshore,,2025-03 (Mar),P2 - Medium,,March,2025
17/03/2025 10:09,WO_SPM_CBM_100082,ABB/SPM_Onshore,Onshore ABB_SPM System for Planned Maintenance,Weekly Servitude Walk,,23/03/2025,2,20/03/2025 10:00,20/03/2025 12:00,2,Planned Maint.,Piping,Closed,,,ABB_SPM_Onshore,,2025-03 (Mar),P2 - Medium,,March,2025
17/03/2025 10:06,WO-W_SHOP_100148,Genset-01,Generator- Megapower,Weekly Inspection,,23/03/2025,0.5,17/03/2025 09:30,17/03/2025 10:00,0.5,Planned Maint.,Engine,Closed,,,W_Shop,,2025-03 (Mar),P2 - Medium,,March,2025
17/03/2025 10:05,WO-W_SHOP_100149,COMP-02,Air Compressor - Bauer Mariner 320-B,Weekly Inspection,,23/03/2025,0.5,21/03/2025 16:00,21/03/2025 17:00,1,Planned Maint.,Engine,Closed,,,W_Shop,,2025-03 (Mar),P2 - Medium,,March,2025
17/03/2025 10:04,WO-W_SHOP_100147,COMP-01,Air Compressor - KOTECH,Weekly Inspection,,23/03/2025,0.5,17/03/2025 09:30,17/03/2025 10:00,0.5,Planned Maint.,Engine,Closed,,,W_Shop,,2025-03 (Mar),P2 - Medium,,March,2025
17/03/2025 09:16,WO-SPM_100509,SPM-AE-BY-01,CALM Buoy - SO17190,"SPM - Bi-Weekly Turntable Rotation & Locking Pins, Guides and Brakes",,23/03/2025,1,18/03/2025 12:15,18/03/2025 12:28,0.216666667,Planned Maint.,Buoy Body,Closed,,,SPM_Offshore,DPR 2909,2025-03 (Mar),P2 - Medium,,March,2025
17/03/2025 09:15,WO-SPM_100508,SPM-AE-BY-01,CALM Buoy - SO17190,SPM - Bi-weekly Lifting Equipment GVI & Lubrication,,23/03/2025,,24/03/2025 11:37,24/03/2025 12:35,0.966666667,Planned Maint.,Hoisting & Lifting,Closed,,,SPM_Offshore,DPR 2913,2025-03 (Mar),P2 - Medium,,March,2025
17/03/2025 09:14,WO-SPM_100507,SPM-AE-BY-01,CALM Buoy - SO17190,SPM - Monthly Soundings,,23/03/2025,1.5,18/03/2025 10:35,18/03/2025 11:30,0.916666667,Planned Maint.,Buoy Body,Closed,,,SPM_Offshore,DPR 2909,2025-03 (Mar),P2 - Medium,,March,2025
17/03/2025 09:12,WO-SPM_100506,SPM-AE-BY-01,CALM Buoy - SO17190,SPM – Weekly Solar Panels GVI and cleaning,,23/03/2025,0.33,18/03/2025 10:35,18/03/2025 10:55,0.333333333,Planned Maint.,NavAids & Power,Closed,,,SPM_Offshore,DPR 2909,2025-03 (Mar),P2 - Medium,,March,2025
17/03/2025 09:11,WO-SPM_100505,SPM-AE-BY-01,CALM Buoy - SO17190,SPM – Weekly Main Bearing Greasing,,23/03/2025,1,18/03/2025 10:35,18/03/2025 11:23,0.8,Planned Maint.,Lubrication System,Closed,,,SPM_Offshore,DPR 2909,2025-03 (Mar),P2 - Medium,,March,2025
17/03/2025 09:09,WO-SPM_100504,SPM-AE-BY-01,CALM Buoy - SO17190,SPM – Weekly Central Pipe Swivel Greasing and GVI,,23/03/2025,1,18/03/2025 10:35,19/03/2025 11:23,24.8,Planned Maint.,Swivel System,Closed,,,SPM_Offshore,DPR 2909,2025-03 (Mar),P2 - Medium,,March,2025
17/03/2025 09:09,WO-SPM_100503,SPM-AE-BY-01,CALM Buoy - SO17190,SPM – Weekly Buoy Freeboard/Draft GVI,,23/03/2025,0.1667,18/03/2025 10:35,18/03/2025 10:45,0.166666667,Planned Maint.,Buoy Body,Closed,,,SPM_Offshore,DPR 2909,2025-03 (Mar),P2 - Medium,,March,2025
17/03/2025 08:58,WO-CBM_100504,ABB,CMB System for Planned Maint.,ABB - Monthly Bouy Location,,23/03/2025,0.5,17/03/2025 08:45,17/03/2025 09:15,0.5,Planned Maint.,Buoy Body,Closed,,,ABB_Offshore,DPR 2908,2025-03 (Mar),P2 - Medium,,March,2025
17/03/2025 08:57,WO-CBM_100503,ABB,CMB System for Planned Maint.,ABB - Weekly Bush Wear checks,,23/03/2025,0.33,17/03/2025 08:21,17/03/2025 08:41,0.333333333,Planned Maint.,Buoy Body,Closed,,,ABB_Offshore,DPR 2908,2025-03 (Mar),P2 - Medium,,March,2025
17/03/2025 08:56,WO-CBM_100502,ABB,CMB System for Planned Maint.,ABB - Weekly Buoys Freeboard/Draft GVI,,23/03/2025,0.33,17/03/2025 08:25,17/03/2025 08:45,0.333333333,Planned Maint.,Buoy Body,Closed,,,ABB_Offshore,DPR 2908,2025-03 (Mar),P2 - Medium,,March,2025
17/03/2025 08:54,WO-CBM_100501,ABB,CMB System for Planned Maint.,ABB - Weekly Buoy Hooks GVI & Lubrication,,23/03/2025,0.33,17/03/2025 08:21,17/03/2025 08:41,0.333333333,Planned Maint.,Buoy Body,Closed,,,ABB_Offshore,DPR 2908,2025-03 (Mar),P2 - Medium,,March,2025
13/03/2025 10:14,WO-W_SHOP_200056,COMP-02,Air Compressor - Bauer Mariner 320-B,"Activation of third-stage safety valve - Compressor cuts off at 80 bar during filling of breathing bottles.
Troubleshoot and reset third-stage safety valve.",12/03/2025,13/03/2025,0.5,13/03/2025 09:00,13/03/2025 09:46,0.766666667,Unplanned Corrective Maint.,Compressor,Completed,Faulty,Reset,W_Shop,,2025-03 (Mar),P1 - High,,March,2025
11/03/2025 16:22,WO-JET_100062,Oil-Jetty,Oil Jetty System for Planned Maintenance,Monthly Sump and Sump Pipeline Inspection,,16/03/2025,0.5,14/03/2025 11:00,14/03/2025 12:00,1,Planned Maint.,Piping,Closed,,,Oil_Jetty,,2025-03 (Mar),P2 - Medium,,March,2025
11/03/2025 16:21,WO-JET_100061,Oil-Jetty,Oil Jetty System for Planned Maintenance,Bi-weekly Servitude Walk / Pipeline Inspection,,16/03/2025,2,14/03/2025 11:00,14/03/2025 12:00,1,Planned Maint.,Piping,Closed,,,Oil_Jetty,,2025-03 (Mar),P2 - Medium,,March,2025
11/03/2025 16:20,WO-JET_100060,Oil-Jetty,Oil Jetty System for Planned Maintenance,Monthly Valve/Pressure Gauges Inspection,,16/03/2025,1,14/03/2025 11:00,14/03/2025 12:00,1,Planned Maint.,Valve,Closed,,,Oil_Jetty,,2025-03 (Mar),P2 - Medium,,March,2025
11/03/2025 16:17,WO-SPM-CBM_100081,ABB/SPM_Onshore,Onshore ABB_SPM System for Planned Maintenance,Weekly Servitude Walk / Pipeline Inspection,,16/03/2025,2,14/03/2025 11:00,14/03/2025 12:00,1,Planned Maint.,Piping,Closed,,,ABB_SPM_Onshore,,2025-03 (Mar),P2 - Medium,,March,2025
11/03/2025 16:14,WO-SPM_200084,SPM-AE-BY-02,CALM Buoy - CO760,Removed winker light and diamond reflector on SPM 2,,04/03/2025,,04/03/2025 09:44,04/03/2025 10:24,0.666666667,Planned Corrective Maint.,Buoy Body,Closed,,Removed,SPM_Offshore,,2025-03 (Mar),P2 - Medium,,March,2025
11/03/2025 16:13,WO-W_SHOP_100146,GPMS-W-SHOP,GPMS Maintenance Workshop & Warehouse,"Triannual Hose Rotation & GVI on Hoses, Taps, Racks, and Hose End Covers",,12/03/2025,0.5,10/03/2025 10:00,12/03/2025 16:00,54,Planned Maint.,Hose,Closed,,,W_Shop,,2025-03 (Mar),P2 - Medium,,March,2025
11/03/2025 16:12,WO-W_SHOP_100145,COMP-02,Air Compressor - Bauer Mariner 320-B,Weekly Inspection,,16/03/2025,0.5,14/03/2025 15:30,14/03/2025 16:00,0.5,Planned Maint.,Engine,Closed,,,W_Shop,,2025-03 (Mar),P2 - Medium,,March,2025
11/03/2025 16:11,WO-W_SHOP_100144,COMP-01,Air Compressor - KOTECH,Weekly Inspection,,16/03/2025,0.5,14/03/2025 15:20,14/03/2025 16:00,0.666666667,Planned Maint.,Engine,Closed,,,W_Shop,,2025-03 (Mar),P2 - Medium,,March,2025
11/03/2025 16:10,WO-W_SHOP_100143,Genset-01,Generator- Megapower,Weekly Inspection,,16/03/2025,0.5,14/03/2025 15:30,14/03/2025 16:00,0.5,Planned Maint.,Engine,Closed,,,W_Shop,,2025-03 (Mar),P2 - Medium,,March,2025
11/03/2025 15:59,WO-SPM_200083,SPM-AE-BY-01,CALM Buoy - SO17190,SPM - Replaced bent floating hose Winker Light,,16/03/2025,,12/03/2025 11:08,12/03/2025 11:19,0.183333333,Planned Corrective Maint.,Buoy Body,Closed,Bent,Replaced,SPM_Offshore,DPR 2906,2025-03 (Mar),P2 - Medium,,March,2025
11/03/2025 15:57,WO-SPM_100502,SPM-AE-BY-01,CALM Buoy - SO17190,"SPM - Monthly Hawser & Samson Buoy Cleaning
-Removed and Recovered Hawser to Atlantis",,16/03/2025,1.5,12/03/2025 09:43,12/03/2025 10:56,1.216666667,Planned Maint.,Mooring System,Completed,,,SPM_Offshore,DPR 2906,2025-03 (Mar),P2 - Medium,,March,2025
11/03/2025 15:55,WO-SPM_100501,SPM-AE-BY-01,CALM Buoy - SO17190,"SPM - Monthly Inspection of Mooring Bridle/Bridle 
Platform, Hawser & other Acc. GVI",,16/03/2025,0.75,12/03/2025 10:30,12/03/2025 11:15,0.75,Planned Maint.,Mooring System,Closed,,,SPM_Offshore,DPR 2906,2025-03 (Mar),P2 - Medium,,March,2025
11/03/2025 15:53,WO-SPM_100500,SPM-FT-HS-01,SPM Hose String Assembly (Floating/Submarine),SPM - Monthly Hose Pick Up Equipment GVI,,16/03/2025,0.75,12/03/2025 11:24,12/03/2025 12:03,0.65,Planned Maint.,Hoisting & Lifting,Completed,,,SPM_Offshore,DPR 2906,2025-03 (Mar),P2 - Medium,,March,2025
11/03/2025 15:51,WO-SPM_100498,SPM-AE-BY-02,CALM Buoy - CO760,SPM2 - Touch Up Painting,,16/03/2025,2,,,,Planned Maint.,Buoy Body,Backlog,,,SPM_Offshore,,2025-03 (Mar),P2 - Medium,,March,2025
11/03/2025 15:50,WO-SPM_100499,SPM-AE-BY-01,CALM Buoy - SO17190,SPM1 - Quarterly Touch Up Painting,,16/03/2025,2,02/04/2025 09:40,02/04/2025 12:17,2.616666667,Planned Maint.,Buoy Body,Closed,Corrosion,Coated,SPM_Offshore,DPR 2919 / SPM Report 264,2025-04 (Apr),P2 - Medium,SPM Report,April,2025
11/03/2025 15:48,WO-SPM_100497,SPM-AE-BY-01,CALM Buoy - SO17190,SPM – Weekly Solar Panels GVI and cleaning,,16/03/2025,0.33,12/03/2025 10:40,12/03/2025 11:00,0.333333333,Planned Maint.,NavAids & Power,Closed,,,SPM_Offshore,DPR 2906,2025-03 (Mar),P2 - Medium,,March,2025
11/03/2025 15:45,WO-SPM_100496,SPM-AE-BY-01,CALM Buoy - SO17190,SPM – Weekly Main Bearing Greasing,,16/03/2025,1,12/03/2025 09:45,12/03/2025 10:45,1,Planned Maint.,Lubrication System,Closed,,,SPM_Offshore,DPR 2906,2025-03 (Mar),P2 - Medium,,March,2025
11/03/2025 15:43,WO-SPM_100495,SPM-AE-BY-01,CALM Buoy - SO17190,SPM – Weekly Central Pipe Swivel Greasing and GVI,,16/03/2025,1,12/03/2025 09:45,12/03/2025 10:45,1,Planned Maint.,Swivel System,Closed,,,SPM_Offshore,DPR 2906,2025-03 (Mar),P2 - Medium,,March,2025
11/03/2025 15:41,WO-CBM_100499,ABB,CMB System for Planned Maint.,ABB- Pre-berthing Checks,,16/03/2025,,10/03/2025 09:00,10/03/2025 10:00,1,Inspection,Mooring System,Closed,,,ABB_Offshore,DPR 2905,2025-03 (Mar),P1 - High,,March,2025
11/03/2025 15:39,WO-SPM_100494,SPM-AE-BY-01,CALM Buoy - SO17190,SPM – Weekly Buoy Freeboard/Draft GVI,,16/03/2025,0.1667,12/03/2025 09:43,12/03/2025 09:53,0.166666667,Planned Maint.,Buoy Body,Closed,,,SPM_Offshore,DPR 2906,2025-03 (Mar),P2 - Medium,,March,2025
11/03/2025 15:35,WO-CBM_100498,ABB,CMB System for Planned Maint.,ABB - Monthly Buoy Body GVI and Cleaning,,16/03/2025,,10/03/2025 08:32,10/03/2025 10:00,1.466666667,Planned Maint.,Buoy Body,Closed,,,ABB_Offshore,DPR 2905,2025-03 (Mar),P2 - Medium,,March,2025
11/03/2025 15:32,WO-CBM_100497,ABB,CMB System for Planned Maint.,ABB - Weekly Bush Wear checks,,16/03/2025,,10/03/2025 08:50,10/03/2025 09:10,0.333333333,Planned Maint.,Buoy Body,Closed,,,ABB_Offshore,DPR 2905,2025-03 (Mar),P2 - Medium,,March,2025
11/03/2025 15:30,WO-CBM_100496,ABB,CMB System for Planned Maint.,ABB - Weekly Buoys Freeboard/Draft GVI,,16/03/2025,,10/03/2025 08:50,10/03/2025 09:10,0.333333333,Planned Maint.,Buoy Body,Closed,,,ABB_Offshore,DPR 2905,2025-03 (Mar),P2 - Medium,,March,2025
11/03/2025 15:21,WO-CBM_100495,ABB,CMB System for Planned Maint.,ABB - Weekly Buoy Hooks GVI & Lubrication,,16/03/2025,,10/03/2025 08:35,10/03/2025 08:55,0.333333333,Planned Maint.,Buoy Body,Closed,,,ABB_Offshore,DPR 2905,2025-03 (Mar),P2 - Medium,,March,2025
11/03/2025 15:02,WO-CBM_100494,ABB,CMB System for Planned Maint.,ABB - Bi-annual Stinger box & Jumper Pipeline Cathodic Protection System,,16/03/2025,,07/03/2025 08:51,07/03/2025 09:26,0.583333333,Planned Maint.,PLEM Piping and Structure,Closed,,,ABB_Offshore,"DPR 2900, 2904",2025-03 (Mar),P2 - Medium,,March,2025
11/03/2025 14:48,WO-CBM_100493,ABB,CMB System for Planned Maint.,ABB - Pre-berthing checks,,07/03/2025,,07/03/2025 08:50,07/03/2025 11:00,2.166666667,Inspection,Mooring System,Closed,,,ABB_Offshore,DPR 2904,2025-03 (Mar),P1 - High,,March,2025
05/03/2025 09:42,WO-CBM_100492,ABB,CMB System for Planned Maint.,ABB - Pre-berthing checks,,09/03/2025,,04/03/2025 08:45,04/03/2025 09:45,1,Inspection,Mooring System,Closed,,,ABB_Offshore,DPR 2902,2025-03 (Mar),P1 - High,,March,2025
04/03/2025 08:08,WO-SPM_100493,SPM-AE-BY-01,CALM Buoy - SO17190,SPM – Quarterly Safety Equipment GVI,,09/03/2025,0.25,06/03/2025 06:00,06/03/2025 06:00,0,Planned Maint.,Environmental Protection Equipment,Cancelled,,,SPM_Offshore,,2025-03 (Mar),P2 - Medium,,March,2025
04/03/2025 08:01,WO-SPM_100492,SPM-AE-BY-01,CALM Buoy - SO17190,SPM – Monthly External Leakage GVI,,09/03/2025,,05/03/2025 10:50,05/03/2025 11:10,0.333333333,Planned Maint.,Piping,Closed,,,SPM_Offshore,DPR 2903,2025-03 (Mar),P2 - Medium,,March,2025
04/03/2025 07:59,WO-SPM_100491,SPM-FT-PV-01,SPM PLEM,SPM – Monthly PLEM Valves operation,,09/03/2025,,05/03/2025 10:50,05/03/2025 11:20,0.5,Planned Maint.,PLEM Piping and Structure,Closed,,,SPM_Offshore,DPR 2903,2025-03 (Mar),P2 - Medium,,March,2025
04/03/2025 07:57,WO-SPM_100490,SPM-AE-BY-01,CALM Buoy - SO17190,SPM – Monthly Expansion Joint GVI,,09/03/2025,,05/03/2025 10:45,05/03/2025 11:05,0.333333333,Planned Maint.,Piping Support,Closed,,,SPM_Offshore,DPR 2903,2025-03 (Mar),P2 - Medium,,March,2025
03/03/2025 17:51,WO-SPM_100489,SPM-AE-BY-01,CALM Buoy - SO17190,SPM – Monthly Top Side Valve Operations,,09/03/2025,,05/03/2025 10:45,05/03/2025 11:05,0.333333333,Planned Maint.,Valve,Closed,,,SPM_Offshore,DPR 2903,2025-03 (Mar),P2 - Medium,,March,2025
03/03/2025 17:23,WO-SPM_100488,SPM-AE-BY-01,CALM Buoy - SO17190,SPM – Monthly Fluid Swivel GVI,,09/03/2025,,05/03/2025 10:40,05/03/2025 11:00,0.333333333,Planned Maint.,Swivel System,Closed,,,SPM_Offshore,DPR 2903,2025-03 (Mar),P2 - Medium,,March,2025
03/03/2025 17:22,WO-SPM_100487,SPM-AE-BY-01,CALM Buoy - SO17190,SPM – Monthly Torque Arm GVI,,09/03/2025,,05/03/2025 10:40,05/03/2025 11:00,0.333333333,Planned Maint.,Swivel System,Closed,,,SPM_Offshore,DPR 2903,2025-03 (Mar),P2 - Medium,,March,2025
03/03/2025 17:21,WO-SPM_100486,SPM-FT-HS-01,SPM Hose String Assembly (Floating/Submarine),SPM - Monthly Cleaning of Floating Hoses & Underwater Hoses (Chinese Lantern),,09/03/2025,120,10/03/2025 09:25,12/03/2025 12:10,50.75,Planned Maint.,Submarine Hose,Closed,,,SPM_Offshore,"DPR 2904, 2906",2025-03 (Mar),P2 - Medium,,March,2025
03/03/2025 16:57,WO-SPM-CBM_200012,ABB/SPM_Onshore,Onshore ABB_SPM System for Planned Maintenance,"Construction and Installation of Cathodic Protection Concrete Test Posts, Concrete Pipeline Markers and Streetlight Poles.",,31/03/2025,240,28/02/2025 08:00,,,Projects,Piping,In Progress,,,ABB_SPM_Onshore,,2025-03 (Mar),P2 - Medium,,February,2025
03/03/2025 16:53,WO-W_SHOP_200055,GPMS-W-SHOP,GPMS Maintenance Workshop & Warehouse,Repositioning of GPMS Flag Posts,,09/03/2025,,05/03/2025 15:30,05/03/2025 16:30,1,Planned Improvement,Others,Closed,,Adjusted,W_Shop,,2025-03 (Mar),P3 - Low,,March,2025
03/03/2025 16:51,WO-SPM-CBM_100080,ABB/SPM_Onshore,Onshore ABB_SPM System for Planned Maintenance,Weekly Servitude Walk,,09/03/2025,,04/03/2025 11:00,04/03/2025 12:00,1,Planned Maint.,Piping,Closed,,,ABB_SPM_Onshore,,2025-03 (Mar),P2 - Medium,,March,2025
03/03/2025 16:49,WO-W_SHOP_100142,COMP-02,Air Compressor - Bauer Mariner 320-B,Weekly Inspection,,09/03/2025,,07/03/2025 16:00,07/03/2025 16:30,0.5,Planned Maint.,Engine,Closed,,,W_Shop,,2025-03 (Mar),P2 - Medium,,March,2025
03/03/2025 16:49,WO-W_SHOP_100141,COMP-01,Air Compressor - KOTECH,Weekly Inspection,,09/03/2025,,03/03/2025 08:50,03/03/2025 09:10,0.333333333,Planned Maint.,Engine,Closed,,,W_Shop,,2025-03 (Mar),P2 - Medium,,March,2025
03/03/2025 16:48,WO-W_SHOP_100140,Genset-01,Generator- Megapower,Weekly Inspection,,09/03/2025,,03/03/2025 08:30,03/03/2025 08:50,0.333333333,Planned Maint.,Engine,Closed,,,W_Shop,,2025-03 (Mar),P2 - Medium,,March,2025
03/03/2025 12:10,WO-SPM_100485,SPM-AE-BY-01,CALM Buoy - SO17190,"SPM - Bi-Weekly Turntable Rotation & Locking Pins, Guides and Brakes",,09/03/2025,,05/03/2025 10:42,05/03/2025 11:42,1,Planned Maint.,Buoy Body,Closed,,,SPM_Offshore,DPR 2903,2025-03 (Mar),P2 - Medium,,March,2025
03/03/2025 12:10,WO-SPM_100484,SPM-AE-BY-01,CALM Buoy - SO17190,SPM – Weekly Solar Panels GVI and cleaning,,09/03/2025,,05/03/2025 10:50,05/03/2025 11:10,0.333333333,Planned Maint.,NavAids & Power,Closed,,,SPM_Offshore,DPR 2903,2025-03 (Mar),P2 - Medium,,March,2025
03/03/2025 11:38,WO-SPM_100483,SPM-AE-BY-01,CALM Buoy - SO17190,SPM – Weekly Main Bearing Greasing,,09/03/2025,,05/03/2025 10:30,05/03/2025 11:30,1,Planned Maint.,Lubrication System,Closed,,,SPM_Offshore,DPR 2903,2025-03 (Mar),P2 - Medium,,March,2025
03/03/2025 11:34,WO-SPM_100482,SPM-AE-BY-01,CALM Buoy - SO17190,SPM – Weekly Central Pipe Swivel Greasing and GVI,,09/03/2025,,05/03/2025 10:30,05/03/2025 11:40,1.166666667,Planned Maint.,Swivel System,Closed,,,SPM_Offshore,DPR 2903,2025-03 (Mar),P2 - Medium,,March,2025
03/03/2025 11:31,WO-SPM_100481,SPM-AE-BY-01,CALM Buoy - SO17190,SPM – Weekly Buoy Freeboard/Draft GVI,,09/03/2025,,05/03/2025 10:30,05/03/2025 10:40,0.166666667,Planned Maint.,Buoy Body,Closed,,,SPM_Offshore,DPR 2903,2025-03 (Mar),P2 - Medium,,March,2025
03/03/2025 11:20,WO-CBM_100491,ABB,CMB System for Planned Maint.,ABB – Monthly PLEM Valve operation,,09/03/2025,,04/03/2025 09:15,04/03/2025 09:30,0.25,Planned Maint.,PLEM Piping and Structure,Closed,,,ABB_Offshore,DPR 2902,2025-03 (Mar),P2 - Medium,,March,2025
03/03/2025 11:17,WO-CBM_100490,ABB-FT-HS-01,ABB Submarine Hose Assembly,"ABB - Monthly Hose Pick Up Equipment & End Fittings 
GVI",,09/03/2025,0.5,04/03/2025 09:10,04/03/2025 09:40,0.5,Planned Maint.,Hoisting & Lifting,Closed,,,ABB_Offshore,DPR 2902,2025-03 (Mar),P2 - Medium,,March,2025
03/03/2025 11:16,WO-CBM_100489,ABB-FT-HS-01,ABB Submarine Hose Assembly,ABB - Monthly Subsea Hoses GVI,,09/03/2025,,04/03/2025 09:10,04/03/2025 09:40,0.5,Planned Maint.,Submarine Hose,Closed,,,ABB_Offshore,DPR 2902,2025-03 (Mar),P2 - Medium,,March,2025
03/03/2025 11:15,WO-CBM_100488,ABB-FT-HS-01,ABB Submarine Hose Assembly,ABB - Monthly Above Water Hoses GVI,,09/03/2025,,04/03/2025 09:00,04/03/2025 09:30,0.5,Planned Maint.,Submarine Hose,Closed,,,ABB_Offshore,DPR 2902,2025-03 (Mar),P2 - Medium,,March,2025
03/03/2025 11:13,WO-CBM_100486,ABB,CMB System for Planned Maint.,ABB - Yearly Connecting Links with Anchors GVI.,,09/03/2025,1,17/03/2025 08:58,20/03/2025 09:22,72.4,Planned Maint.,Anchoring System,Closed,,,ABB_Offshore,"DPR 2908, 2910, 2911 / ABB Report 314",2025-03 (Mar),P2 - Medium,ABB Report,March,2025
03/03/2025 11:13,WO-CBM_100487,ABB,CMB System for Planned Maint.,ABB - Yearly Anchor Holding Points (AHP),,09/03/2025,,17/03/2025 08:58,20/03/2025 09:22,72.4,Planned Maint.,Anchoring System,Closed,,,ABB_Offshore,"DPR 2908, 2910, 2911 / ABB Report 314",2025-03 (Mar),P2 - Medium,ABB Report,March,2025
03/03/2025 11:11,WO-CBM_100485,ABB,CMB System for Planned Maint.,ABB - Weekly Bush Wear checks,,09/03/2025,,04/03/2025 08:30,04/03/2025 08:50,0.333333333,Planned Maint.,Buoy Body,Closed,,,ABB_Offshore,DPR 2902,2025-03 (Mar),P2 - Medium,,March,2025
03/03/2025 11:10,WO-CBM_100484,ABB,CMB System for Planned Maint.,ABB - Weekly Buoys Freeboard/Draft GVI,,09/03/2025,,04/03/2025 08:50,04/03/2025 09:10,0.333333333,Planned Maint.,Buoy Body,Closed,,,ABB_Offshore,DPR 2902,2025-03 (Mar),P2 - Medium,,March,2025
03/03/2025 11:09,WO-CBM_100483,ABB,CMB System for Planned Maint.,ABB - Weekly Buoy Hooks GVI & Lubrication,,09/03/2025,,04/03/2025 08:30,04/03/2025 08:50,0.333333333,Planned Maint.,Buoy Body,Closed,,,ABB_Offshore,DPR 2902,2025-03 (Mar),P2 - Medium,,March,2025
28/02/2025 16:57,WO-CBM_200086,ABB,CMB System for Planned Maint.,Installed new Cecil buoy,,28/02/2025,,28/02/2025 10:36,28/02/2025 10:51,0.25,Planned Corrective Maint.,Mooring System,Completed,"Break (Cracked, Broken, Holed)",Replaced,ABB_Offshore,DPR 2900,2025-02 (Feb),P2 - Medium,,February,2025
28/02/2025 16:54,WO-CBM_200085,ABB-PLEM-BY-01,PLEM Marker Buoy Assy,MGR on the ABB PLEM,,02/03/2025,,28/02/2025 10:45,28/02/2025 11:37,0.866666667,Planned Corrective Maint.,PLEM Piping and Structure,Completed,Aquatic Exposure,Removed,ABB_Offshore,DPR 2900,2025-02 (Feb),P2 - Medium,,February,2025
28/02/2025 16:50,WO-W_SHOP_200054,GPMS-W-SHOP,GPMS Maintenance Workshop & Warehouse,Fabrication of four(4nos) 8IN x 6M Cecil buoys,,14/03/2025,32,28/02/2025 11:20,25/03/2025 12:30,601.1666667,Planned Corrective Maint.,Marker Bouy,Completed,,,W_Shop,,2025-03 (Mar),P2 - Medium,,February,2025
28/02/2025 12:25,WO-SPM_100479,SPM-AE-BY-01,CALM Buoy - SO17190,SPM - Pre-berthing checks,,27/02/2025,,27/02/2025 08:28,27/02/2025 08:50,0.366666667,Inspection,Mooring System,Closed,,,SPM_Offshore,DPR 2899,2025-02 (Feb),P2 - Medium,,February,2025
27/02/2025 18:18,WO-SPM_200082,SPM-AE-BY-01,CALM Buoy - SO17190,Replaced all grease nipples,,26/02/2025,,26/02/2025 09:31,26/02/2025 10:52,1.35,Planned Corrective Maint.,Buoy Body,Completed,,,SPM_Offshore,DPR 2898,2025-02 (Feb),P2 - Medium,,February,2025
27/02/2025 17:52,WO-CBM_100480,ABB,CMB System for Planned Maint.,ABB-Pre-berthing Checks,,26/02/2025,,26/02/2025 13:05,26/02/2025 13:43,0.633333333,Inspection,Mooring System,Closed,,,ABB_Offshore,DPR 2898,2025-02 (Feb),P1 - High,,February,2025
27/02/2025 17:48,WO-CBM_100479,ABB,CMB System for Planned Maint.,"ABB- Monthly Mooring Buoy Pins, Swivel & Touchdown Area on Chain",,03/03/2025,,26/02/2025 13:15,26/02/2025 13:39,0.4,Planned Maint.,Buoy Body,Closed,,,ABB_Offshore,DPR 2898,2025-02 (Feb),P2 - Medium,,February,2025
27/02/2025 14:49,WO-W_SHOP_200053,GPMS-W-SHOP,GPMS Maintenance Workshop & Warehouse,"Surface preparation and coating were carried out on two SPM turntable lock pins, blind flanges, and three winker light stands on SPM 2",,10/03/2025,,27/02/2025 15:00,21/03/2025 11:00,524,Planned Corrective Maint.,Buoy Body,Completed,,,W_Shop,,2025-03 (Mar),P2 - Medium,,February,2025
27/02/2025 14:46,WO-W_SHOP_200052,GPMS-W-SHOP,GPMS Maintenance Workshop & Warehouse,"Fabrication/welding of bolts on SPM/ABB TRH Blind Flanges.
Coating of SPM/ABB TRH Blind Flanges.
Installation of DH-A4 tap anodes on SPM/ABB TRH Blind Flanges.",,02/03/2025,,25/02/2025 11:30,27/02/2025 10:00,46.5,Planned Corrective Maint.,Buoy Body,Closed,,Fabricate,W_Shop,,2025-02 (Feb),P2 - Medium,,February,2025
26/02/2025 14:51,WO-W_SHOP_200051,GPMS-W-SHOP,GPMS Maintenance Workshop & Warehouse,"Demarcating workshop assembly point 
Demarcating steps with yellow and black paint to enhance visibility",,02/03/2025,,25/02/2025 10:20,26/02/2025 11:00,24.66666667,Planned Improvement,Others,Closed,,,W_Shop,,2025-02 (Feb),P3 - Low,,February,2025
26/02/2025 11:38,WO-W_SHOP_200050,GPMS-W-SHOP,GPMS Maintenance Workshop & Warehouse,Fabrication of two spare supports for the Cecil buoy,,02/03/2025,,25/02/2025 10:00,27/02/2025 13:00,51,Planned Corrective Maint.,Buoy Body,Closed,,Fabricate,W_Shop,,2025-02 (Feb),P2 - Medium,,February,2025
26/02/2025 11:23,WO-W_SHOP_200049,GPMS-W-SHOP,GPMS Maintenance Workshop & Warehouse,Surface preparation and coating of Cecil buoy & support,,02/03/2025,,24/02/2025 09:00,26/02/2025 12:00,51,Planned Corrective Maint.,Buoy Body,Closed,,,W_Shop,,2025-02 (Feb),P2 - Medium,,February,2025
26/02/2025 11:14,WO-W_SHOP_200048,SPM-FT-MBC-GTM1996,Marine Breakaway Coupling - 16” NB. STD CDC ASME 150LB,"Cleaned, lubricated, and packaged SPM MBC.",,02/03/2025,,05/03/2025 09:00,09/03/2025 09:30,96.5,Planned Corrective Maint.,MBC,Closed,,,W_Shop,,2025-03 (Mar),P2 - Medium,,March,2025
26/02/2025 11:10,WO-SPM-CBM_100079,ABB/SPM_Onshore,Onshore ABB_SPM System for Planned Maintenance,Weekly Servitude Walk,,02/03/2025,,26/02/2025 09:45,26/02/2025 11:45,2,Planned Maint.,Piping,Closed,,,ABB_SPM_Onshore,,2025-02 (Feb),P2 - Medium,,February,2025
26/02/2025 11:09,WO-SPM-CBM_100078,ABB/SPM_Onshore,Onshore ABB_SPM System for Planned Maintenance,Monthly Cathodic protection potential measurement,,02/03/2025,,26/02/2025 09:45,26/02/2025 11:45,2,Planned Maint.,Cathodic Protection,Closed,,,ABB_SPM_Onshore,,2025-02 (Feb),P2 - Medium,,February,2025
26/02/2025 11:05,WO-SPM-CBM_200011,ABB/SPM_Onshore,Onshore ABB_SPM System for Planned Maintenance,Removal and replacement of oil-contaminated gravels at Goa Lagoon Station,,25/02/2025,,25/02/2025 10:30,25/02/2025 12:40,2.166666667,Planned Corrective Maint.,Others,Closed,,,ABB_SPM_Onshore,,2025-02 (Feb),P2 - Medium,,February,2025
26/02/2025 10:58,WO-W_SHOP_100139,COMP-02,Air Compressor - Bauer Mariner 320-B,Weekly Inspection,,02/03/2025,,28/02/2025 15:00,28/02/2025 15:30,0.5,Planned Maint.,Engine,Closed,,,W_Shop,,2025-02 (Feb),P2 - Medium,,February,2025
26/02/2025 10:57,WO-W_SHOP_100138,COMP-01,Air Compressor - KOTECH,Weekly Inspection,,02/03/2025,,26/02/2025 08:15,26/02/2025 08:42,0.45,Planned Maint.,Engine,Closed,,,W_Shop,,2025-02 (Feb),P2 - Medium,,February,2025
26/02/2025 10:56,WO-W_SHOP_100137,Genset-01,Generator- Megapower,Weekly Inspection,,02/03/2025,,25/02/2025 08:15,25/02/2025 08:40,0.416666667,Planned Maint.,Engine,Closed,,,W_Shop,,2025-02 (Feb),P2 - Medium,,February,2025
26/02/2025 10:44,WO-CBM_100474,ABB,CMB System for Planned Maint.,"ABB-1st Quarter ABB system maintenance laycan
-cleaning of all ABB buoys
-Buoys chains GVI to touch down",,20/02/2025,,20/02/2025 09:41,20/02/2025 12:55,3.233333333,Planned Maint.,Buoy Body,Closed,,,ABB_Offshore,"DPR 2893, 94",2025-02 (Feb),P2 - Medium,,February,2025
26/02/2025 10:01,WO-SPM_100475,SPM-ME-CH-01,SPM Mooring Chain,As Found Survey - GVI on the all the SPM Chains and the chain#3 gravity base,,26/02/2025,,23/02/2025 11:56,23/02/2025 12:47,0.85,Planned Maint.,Anchoring System,Completed,,,SPM_Offshore,DPR 2896,2025-02 (Feb),P2 - Medium,,February,2025
26/02/2025 09:19,WO-CBM_200084,ABB-ME-BY-04,ABB Charlie Buoy,Change out ABB04 (Charlie) worn out UKP Bushes.,,24/02/2025,,24/02/2025 08:44,24/02/2025 09:10,0.433333333,Planned Corrective Maint.,Buoy Body,Closed,Worn,Replaced,ABB_Offshore,DPR 2897 / ABB Report 312,2025-02 (Feb),P1 - High,ABB Report,February,2025
26/02/2025 09:11,WO-CBM_200083,ABB-ME-BY-02,ABB  Bravo Buoy,Change out ABB02 (Bravo) worn out UKP Bushes.,,20/02/2025,,20/02/2025 08:35,20/02/2025 09:39,1.066666667,Planned Corrective Maint.,Buoy Body,Closed,Worn,Replaced,ABB_Offshore,DPR 2894 / ABB Report 311,2025-02 (Feb),P1 - High,ABB Report,February,2025
26/02/2025 08:59,WO-CBM_100478,ABB,CMB System for Planned Maint.,ABB - Pre-berthing checks,,24/02/2025,,24/02/2025 08:44,24/02/2025 09:10,0.433333333,Inspection,Mooring System,Closed,,,ABB_Offshore,DPR 2897,2025-02 (Feb),P1 - High,,February,2025
25/02/2025 18:00,WO-SPM_100476,SPM-AE-BY-01,CALM Buoy - SO17190,SPM – Weekly Buoy Freeboard/Draft GVI,,02/03/2025,,26/02/2025 09:31,26/02/2025 10:52,1.35,Planned Maint.,Buoy Body,Closed,,,SPM_Offshore,DPR 2898,2025-02 (Feb),P2 - Medium,,February,2025
25/02/2025 18:00,WO-SPM_100477,SPM-AE-BY-01,CALM Buoy - SO17190,SPM – Weekly Central Pipe Swivel Greasing and GVI,,02/03/2025,,26/02/2025 09:31,26/02/2025 10:52,1.35,Planned Maint.,Swivel System,Closed,,,SPM_Offshore,DPR 2898,2025-02 (Feb),P2 - Medium,,February,2025
25/02/2025 18:00,WO-SPM_100478,SPM-AE-BY-01,CALM Buoy - SO17190,SPM – Weekly Main Bearing Greasing,,02/03/2025,,26/02/2025 09:31,26/02/2025 10:52,1.35,Planned Maint.,Lubrication System,Closed,,,SPM_Offshore,DPR 2898,2025-02 (Feb),P2 - Medium,,February,2025
25/02/2025 18:00,WO-SPM_100480,SPM-AE-BY-01,CALM Buoy - SO17190,SPM – Weekly Solar Panels GVI and cleaning,,02/03/2025,,02/03/2025 00:00,02/03/2025 00:00,0,Planned Maint.,NavAids & Power,Cancelled,,,SPM_Offshore,,2025-03 (Mar),P2 - Medium,,March,2025
25/02/2025 18:00,WO-CBM_100477,ABB,CMB System for Planned Maint.,ABB - Weekly Bush Wear checks,,02/03/2025,,26/02/2025 13:05,26/02/2025 13:43,0.633333333,Planned Maint.,Buoy Body,Closed,,,ABB_Offshore,DPR 2898,2025-02 (Feb),P2 - Medium,,February,2025
25/02/2025 17:58,WO-CBM_100476,ABB,CMB System for Planned Maint.,ABB - Weekly Buoys Freeboard/Draft GVI,,02/03/2025,,26/02/2025 13:05,26/02/2025 13:43,0.633333333,Planned Maint.,Buoy Body,Closed,,,ABB_Offshore,DPR 2898,2025-02 (Feb),P2 - Medium,,February,2025
25/02/2025 17:56,WO-CBM_100475,ABB,CMB System for Planned Maint.,ABB - Weekly Buoy Hooks GVI & Lubrication,,02/03/2025,,26/02/2025 13:05,26/02/2025 13:43,0.633333333,Planned Maint.,Buoy Body,Closed,,,ABB_Offshore,DPR 2898,2025-02 (Feb),P2 - Medium,,February,2025
25/02/2025 17:56,WO-CBM_100473,ABB,CMB System for Planned Maint.,ABB- Pre-berthing Checks,,20/02/2025,,20/02/2025 09:20,20/02/2025 09:39,0.316666667,Inspection,Mooring System,Closed,,,ABB_Offshore,DPR 2894,2025-02 (Feb),P1 - High,,February,2025
19/02/2025 09:48,WO-W_SHOP_200047,GPMS-W-SHOP,GPMS Maintenance Workshop & Warehouse,"Surface preparation and coating of two plate 16"" x150# blind flange, 16"" to 8"" flange adaptor and 16"" x150# plate towing flange",,23/03/2025,,17/02/2025 09:00,19/02/2025 13:00,52,Planned Corrective Maint.,Piping,Completed,,,W_Shop,,2025-02 (Feb),P2 - Medium,,February,2025
18/02/2025 16:11,WO-CBM_200082,ABB-ME-BY-05,ABB Alpha Buoy,Change out ABB05 (Alpha) worn out UKP Bushes.,,17/02/2025,,17/02/2025 08:24,17/02/2025 09:40,1.266666667,Planned Corrective Maint.,Buoy Body,Closed,Worn,Replaced,ABB_Offshore,DPR 2893 / ABB Report 310,2025-02 (Feb),P1 - High,ABB Report,February,2025
18/02/2025 16:06,WO-CBM_100468,ABB,CMB System for Planned Maint.,ABB- Pre-berthing Checks,,17/02/2025,,17/02/2025 08:24,17/02/2025 09:40,1.266666667,Inspection,Mooring System,Closed,,,ABB_Offshore,DPR 2892,2025-02 (Feb),P1 - High,,February,2025
17/02/2025 16:50,WO-JET_100059,Oil-Jetty,Oil Jetty System for Planned Maintenance,Quarterly Valves GVI and Lubrication,,23/02/2025,1,19/02/2025 09:30,19/02/2025 10:30,1,Planned Maint.,Valve,Closed,,,Oil_Jetty,,2025-02 (Feb),P2 - Medium,,February,2025
17/02/2025 16:46,WO-JET_100058,Oil-Jetty,Oil Jetty System for Planned Maintenance,Monthly Sump and Sump Pipeline Inspection,,23/02/2025,0.5,19/02/2025 10:00,19/02/2025 10:30,0.5,Planned Maint.,Piping,Closed,,,Oil_Jetty,,2025-02 (Feb),P2 - Medium,,February,2025
17/02/2025 16:20,WO-W_SHOP_200046,ABB-ME-BY-01,ABB Spare Buoy,Corrosion control of upper king post and lower king post on ABB01,,13/02/2025,,13/02/2025 08:30,13/02/2025 09:30,1,Planned Maint.,Piping,Closed,,,W_Shop,,2025-02 (Feb),P2 - Medium,,February,2025
17/02/2025 16:09,WO-SPM-CBM_100077,ABB/SPM_Onshore,Onshore ABB_SPM System for Planned Maintenance,Weekly Servitude Walk / Pipeline Inspection,,23/02/2025,2,21/02/2025 12:40,21/02/2025 14:00,1.333333333,Planned Maint.,Piping,Closed,,,ABB_SPM_Onshore,,2025-02 (Feb),P2 - Medium,,February,2025
17/02/2025 16:07,WO-W_SHOP_100136,Genset-01,Generator- Megapower,Weekly Inspection,,23/02/2025,0.5,17/02/2025 09:00,17/02/2025 09:30,0.5,Planned Maint.,Engine,Completed,,,W_Shop,,2025-02 (Feb),P2 - Medium,,February,2025
17/02/2025 16:06,WO-W_SHOP_100135,COMP-02,Air Compressor - Bauer Mariner 320-B,Weekly Inspection,,23/02/2025,0.5,21/02/2025 14:00,21/02/2025 14:30,0.5,Planned Maint.,Engine,Completed,,,W_Shop,,2025-02 (Feb),P2 - Medium,,February,2025
17/02/2025 16:05,WO-W_SHOP_100134,COMP-01,Air Compressor - KOTECH,Weekly Inspection,,23/02/2025,,17/02/2025 08:00,17/02/2025 08:30,0.5,Planned Maint.,Engine,Completed,,,W_Shop,,2025-02 (Feb),P2 - Medium,,February,2025
17/02/2025 15:24,WO-SPM_200081,SPM-AE-BY-01,CALM Buoy - SO17190,"Removal and transfer of the 76mm Mooring Bridle End Link & Shackle from SPM2 to SPM1.
Reinstallation of the Mooring Bridle assembly.
Installation of Hawser and a new Samson Buoy (Chain Support Buoy)",,17/02/2025,,17/02/2025 09:00,23/02/2025 14:00,149,Projects,Mooring System,Closed,,,SPM_Offshore,DPR 2897 / SPM Report 260,2025-02 (Feb),P2 - Medium,SPM Report,February,2025
17/02/2025 14:44,WO-CBM_100472,ABB,CMB System for Planned Maint.,ABB - Monthly Bouy Location,,23/02/2025,,17/02/2025 08:24,17/02/2025 09:40,1.266666667,Planned Maint.,Buoy Body,Closed,,,ABB_Offshore,DPR 2892,2025-02 (Feb),P2 - Medium,,February,2025
17/02/2025 14:43,WO-CBM_100471,ABB,CMB System for Planned Maint.,ABB - Weekly Bush Wear checks,,23/02/2025,,17/02/2025 08:24,17/02/2025 09:40,1.266666667,Planned Maint.,Buoy Body,Closed,,,ABB_Offshore,DPR 2892,2025-02 (Feb),P2 - Medium,,February,2025
17/02/2025 14:41,WO-CBM_100470,ABB,CMB System for Planned Maint.,ABB - Weekly Buoys Freeboard/Draft GVI,,23/02/2025,,17/02/2025 08:24,17/02/2025 09:40,1.266666667,Planned Maint.,Buoy Body,Closed,,,ABB_Offshore,DPR 2892,2025-02 (Feb),P2 - Medium,,February,2025
17/02/2025 14:40,WO-CBM_100469,ABB,CMB System for Planned Maint.,ABB - Weekly Buoy Hooks GVI & Lubrication,,23/02/2025,,17/02/2025 08:24,17/02/2025 09:40,1.266666667,Planned Maint.,Buoy Body,Closed,,,ABB_Offshore,DPR 2892,2025-02 (Feb),P2 - Medium,,February,2025
17/02/2025 08:41,WO-CBM_100467,ABB,CMB System for Planned Maint.,ABB- Pre-berthing Checks,,14/02/2025,,14/02/2025 08:05,14/02/2025 09:13,1.133333333,Inspection,Mooring System,Closed,,,ABB_Offshore,DPR 2891,2025-02 (Feb),P1 - High,,February,2025
13/02/2025 10:47,WO-CBM_100466,ABB,CMB System for Planned Maint.,ABB - Pre-berthing checks,,11/02/2025,,11/02/2025 08:30,11/02/2025 09:30,1,Inspection,Mooring System,Closed,,,ABB_Offshore,DPR 2888,2025-02 (Feb),P1 - High,,February,2025
10/02/2025 15:18,WO-CBM_100465,ABB,CMB System for Planned Maint.,ABB - Monthly Buoy Body GVI and Cleaning,,16/02/2025,,14/02/2025 08:05,14/02/2025 09:13,1.133333333,Planned Maint.,Buoy Body,Closed,,,ABB_Offshore,DPR 2891,2025-02 (Feb),P2 - Medium,,February,2025
10/02/2025 15:16,WO-CBM_100464,ABB,CMB System for Planned Maint.,ABB - Weekly Bush Wear checks,,16/02/2025,,11/02/2025 08:30,11/02/2025 09:30,1,Planned Maint.,Buoy Body,Closed,,,ABB_Offshore,DPR 2888,2025-02 (Feb),P2 - Medium,,February,2025
10/02/2025 15:14,WO-CBM_100463,ABB,CMB System for Planned Maint.,ABB - Weekly Buoys Freeboard/Draft GVI,,16/02/2025,,11/02/2025 08:30,11/02/2025 09:30,1,Planned Maint.,Buoy Body,Closed,,,ABB_Offshore,DPR 2888,2025-02 (Feb),P2 - Medium,,February,2025
10/02/2025 15:13,WO-CBM_100461,ABB,CMB System for Planned Maint.,"ABB- Pre-berthing Checks
-Installed nappy pins to shackles
-GVI of anchor locations of the floating hose at storage",,08/02/2025,,08/02/2025 08:44,08/02/2025 10:10,1.433333333,Inspection,Mooring System,Closed,,,ABB_Offshore,DPR 28,2025-02 (Feb),P1 - High,,February,2025
10/02/2025 14:57,WO-JET_100057,Oil-Jetty,Oil Jetty System for Planned Maintenance,Bi-weekly Servitude Walk / Pipeline Inspection,,16/02/2025,2,19/02/2025 09:30,19/02/2025 11:30,2,Planned Maint.,Piping,Closed,,,Oil_Jetty,,2025-02 (Feb),P2 - Medium,,February,2025
10/02/2025 14:52,WO-SPM-CBM_200010,SPM-FT-PL-36,"SPM Offshore/Onshore Pipeline - 36""",Remodification - Install Pressure Gauge on 36-inch pipeline Sampling Point at Gao lagoon Station,,21/02/2025,1,21/02/2025 10:35,21/02/2025 12:00,1.416666667,Planned Improvement,Piping,Closed,,,ABB_SPM_Onshore,,2025-02 (Feb),P3 - Low,,February,2025
10/02/2025 14:43,WO-SPM_200080,SPM-AE-BY-01,CALM Buoy - SO17190,SPM - Installation of Towing Bridle (80mm PP Rope) on CALM BUOY SO17190,,13/02/2025,,13/02/2025 09:56,13/02/2025 10:59,1.05,Projects,Buoy Body,Closed,,,SPM_Offshore,DPR 2890 / SPM Report 259,2025-02 (Feb),P2 - Medium,SPM Report,February,2025
10/02/2025 14:38,WO-SPM-CBM_100076,ABB/SPM_Onshore,Onshore ABB_SPM System for Planned Maintenance,Quarterly Valves GVI and Lubrication,,16/02/2025,2,21/02/2025 10:45,21/02/2025 11:45,1,Planned Maint.,Valve,Closed,,,ABB_SPM_Onshore,,2025-02 (Feb),P2 - Medium,,February,2025
10/02/2025 14:34,WO-SPM-CBM_100075,ABB/SPM_Onshore,Onshore ABB_SPM System for Planned Maintenance,Weekly Servitude Walk,,16/02/2025,,16/02/2025 00:00,16/02/2025 00:00,0,Planned Maint.,Piping,Cancelled,,,ABB_SPM_Onshore,,2025-02 (Feb),P2 - Medium,,February,2025
10/02/2025 14:33,WO-CBM_100462,ABB,CMB System for Planned Maint.,ABB - Weekly Buoy Hooks GVI & Lubrication,,16/02/2025,,11/02/2025 08:30,11/02/2025 09:30,1,Planned Maint.,Buoy Body,Closed,,,ABB_Offshore,DPR 2888,2025-02 (Feb),P2 - Medium,,February,2025
10/02/2025 14:25,WO-W_SHOP_100133,COMP-01,Air Compressor - KOTECH,Weekly Inspection,,16/02/2025,,10/02/2025 08:00,10/02/2025 08:30,0.5,Planned Maint.,Engine,Closed,,,W_Shop,,2025-02 (Feb),P2 - Medium,,February,2025
10/02/2025 14:22,WO-W_SHOP_100132,Genset-01,Generator- Megapower,Weekly Inspection,,16/02/2025,,10/02/2025 09:00,10/02/2025 09:30,0.5,Planned Maint.,Engine,Closed,,,W_Shop,,2025-02 (Feb),P2 - Medium,,February,2025
06/02/2025 11:43,WO-CBM_100460,ABB,CMB System for Planned Maint.,ABB - Pre-berthing checks,,05/02/2025,,05/02/2025 08:45,05/02/2025 10:00,1.25,Inspection,Mooring System,Closed,,,ABB_Offshore,DPR 2884,2025-02 (Feb),P1 - High,,February,2025
04/02/2025 09:31,WO-CBM_100451,ABB,CMB System for Planned Maint.,ABB - Pre-berthing checks,,02/02/2025,,02/02/2025 08:18,02/02/2025 09:30,1.2,Inspection,Mooring System,Closed,,,ABB_Offshore,DPR 2881,2025-02 (Feb),P1 - High,,February,2025
03/02/2025 17:33,WO-SPM_CBM_100074,ABB/SPM_Onshore,Onshore ABB_SPM System for Planned Maintenance,Weekly Servitude Walk / Pipeline Inspection,,09/02/2025,,09/02/2025 00:00,09/02/2025 00:00,0,Planned Maint.,Piping,Cancelled,,,ABB_SPM_Onshore,,2025-02 (Feb),P2 - Medium,,February,2025
03/02/2025 17:31,WO-W_SHOP_100130,COMP-02,Air Compressor - Bauer Mariner 320-B,Weekly Inspection,,09/02/2025,,09/02/2025 00:00,09/02/2025 00:00,0,Planned Maint.,Engine,Cancelled,,,W_Shop,,2025-02 (Feb),P2 - Medium,,February,2025
03/02/2025 17:30,WO-W_SHOP_100129,COMP-01,Air Compressor - KOTECH,Weekly Inspection,,09/02/2025,,03/02/2025 08:00,03/02/2025 08:30,0.5,Planned Maint.,Engine,Completed,,,W_Shop,,2025-02 (Feb),P2 - Medium,,February,2025
03/02/2025 17:17,WO-W_SHOP_1000128,Genset-01,Generator- Megapower,Weekly Inspection,,09/02/2025,,03/02/2025 09:00,03/02/2025 09:30,0.5,Planned Maint.,Engine,Completed,,,W_Shop,,2025-02 (Feb),P2 - Medium,,February,2025
03/02/2025 17:01,WO-CBM_100459,ABB,CMB System for Planned Maint.,ABB - Monthly Hose Pick Up Equipment & End Fittings GVI,,09/02/2025,,05/02/2025 08:45,05/02/2025 10:00,1.25,Planned Maint.,Hoisting & Lifting,Closed,,,ABB_Offshore,DPR 2884,2025-02 (Feb),P2 - Medium,,February,2025
03/02/2025 17:00,WO-CBM_100458,ABB,CMB System for Planned Maint.,ABB – Monthly PLEM Valve operation,,09/02/2025,,05/02/2025 08:45,05/02/2025 10:00,1.25,Planned Maint.,Valve,Closed,,,ABB_Offshore,DPR 2884,2025-02 (Feb),P2 - Medium,,February,2025
03/02/2025 16:59,WO-CBM_100457,ABB,CMB System for Planned Maint.,ABB – Monthly GVI Subsea Hoses,,09/02/2025,,05/02/2025 08:45,05/02/2025 10:00,1.25,Planned Maint.,Submarine Hose,Closed,,,ABB_Offshore,DPR 2884,2025-02 (Feb),P2 - Medium,,February,2025
03/02/2025 16:58,WO-CBM_100456,ABB,CMB System for Planned Maint.,ABB – Monthly GVI above water Hoses,,09/02/2025,,05/02/2025 08:45,05/02/2025 10:00,1.25,Planned Maint.,Floating Hose,Closed,,,ABB_Offshore,DPR 2884,2025-02 (Feb),P2 - Medium,,February,2025
03/02/2025 16:57,WO-CBM_100455,ABB,CMB System for Planned Maint.,"ABB - Monthly Mooring buoy Pins, Swivel & Touchdown area on Chain",,09/02/2025,,02/02/2025 08:29,02/02/2025 09:02,0.55,Planned Maint.,Buoy Body,Closed,,,ABB_Offshore,DPR 2881,2025-02 (Feb),P2 - Medium,,February,2025
03/02/2025 16:55,WO-CBM_100454,ABB,CMB System for Planned Maint.,ABB - Weekly Bush Wear checks,,09/02/2025,,05/02/2025 08:45,05/02/2025 10:00,1.25,Planned Maint.,Buoy Body,Closed,,,ABB_Offshore,DPR 2884,2025-02 (Feb),P2 - Medium,,February,2025
03/02/2025 16:46,WO-CBM_100453,ABB,CMB System for Planned Maint.,ABB - Weekly Buoys Freeboard/Draft GVI,,09/02/2025,,05/02/2025 08:45,05/02/2025 10:00,1.25,Planned Maint.,Buoy Body,Closed,,,ABB_Offshore,DPR 2884,2025-02 (Feb),P2 - Medium,,February,2025
03/02/2025 16:44,WO-CBM_100452,ABB,CMB System for Planned Maint.,ABB - Weekly Buoy Hooks GVI & Lubrication,,09/02/2025,,05/02/2025 08:45,05/02/2025 10:00,1.25,Planned Maint.,Buoy Body,Closed,,,ABB_Offshore,DPR 2884,2025-02 (Feb),P2 - Medium,,February,2025
03/02/2025 16:40,WO-SPM_200079,SPM-AE-BY-02,CALM Buoy - CO760,SPM1SWAPSPM2 Project,,25/02/2025,,07/02/2025 07:00,25/02/2025 18:12,443.2,Projects,Buoy Body,Closed,,,SPM_Offshore,"DPR 2893,94 / SPM Report 261",2025-02 (Feb),P2 - Medium,SPM Report,February,2025
01/02/2025 08:00,WO-SPM_200078,SPM-AE-BY-01,CALM Buoy - SO17190,Installation of F.O.B Spool Piece,,01/02/2025,4,01/02/2025 10:00,01/02/2025 13:52,3.866666667,Projects,Piping,Closed,,,SPM_Offshore,DPR 2880 / SPM Report 258,2025-02 (Feb),P2 - Medium,SPM Report,February,2025
31/01/2025 20:17,WO-JET_200050,Oil-Jetty,Oil Jetty System for Planned Maintenance,Oil Jetty Pipelines Flange Encapsulation -,,08/02/2025,,01/02/2025 08:00,08/02/2025 16:00,176,Projects,Piping,Closed,Corrosion,Coated,Oil_Jetty,,2025-02 (Feb),P2 - Medium,,February,2025
31/01/2025 15:48,WO-SPM_200076,SPM-AE-BY-02,CALM Buoy - CO760,"Installed buoy lines at the location for the floating hose storage, 100m apart",,31/01/2025,,31/01/2025 10:45,31/01/2025 11:34,0.816666667,Projects,Mooring System,Completed,,,SPM_Offshore,DPR 2879,2025-01 (Jan),P2 - Medium,,January,2025
31/01/2025 15:45,WO-SPM_200075,SPM-ME-CH-01,SPM Mooring Chain,Removed fished net from SPM Chain#2,,31/01/2025,,31/01/2025 11:08,31/01/2025 11:43,0.583333333,Planned Corrective Maint.,Anchoring System,Completed,,,SPM_Offshore,DPR 2879,2025-01 (Jan),P2 - Medium,,January,2025
31/01/2025 15:42,WO-SPM_200074,SPM-AE-BY-02,CALM Buoy - CO760,Marking on SPM F.O.B floating hose flanges with yellow paint at 12 O'clock position,,29/01/2025,0.03,29/01/2025 10:27,29/01/2025 10:29,0.033333333,Projects,Hose,Completed,,,SPM_Offshore,DPR 2877,2025-01 (Jan),P2 - Medium,,January,2025
31/01/2025 11:18,WO-SPM_200073,SPM-ME-CH-01,SPM Mooring Chain,Remove fishing net from the SPM mooring chain#2,,29/01/2025,,29/01/2025 10:37,29/01/2025 11:12,0.583333333,Planned Corrective Maint.,Anchoring System,Completed,Marine Fouling / Foreign Object,Removed,SPM_Offshore,DPR 2877,2025-01 (Jan),P2 - Medium,,January,2025
31/01/2025 11:02,WO-CBM_100450,ABB,CMB System for Planned Maint.,"ABB - Pre-berthing checks

Divers inspected the anchor location for floating hose storage",,30/01/2025,,30/01/2025 08:45,30/01/2025 09:45,1,Inspection,Mooring System,Closed,,,ABB_Offshore,DPR 2878,2025-01 (Jan),P1 - High,,January,2025
31/01/2025 08:00,WO-SPM_200077,SPM-AE-BY-01,CALM Buoy - SO17190,Installation of new Mooring Bridle on SPM1,,31/01/2025,4,31/01/2025 10:45,31/01/2025 13:40,2.916666667,Projects,Mooring System,Closed,,,SPM_Offshore,SPM Report 255,2025-01 (Jan),P2 - Medium,SPM Report,January,2025
28/01/2025 16:01,WO-CBM_100444,ABB,CMB System for Planned Maint.,ABB - Pre-berthing checks,,27/01/2025,,27/01/2025 08:45,27/01/2025 10:02,1.283333333,Inspection,Mooring System,Closed,,,ABB_Offshore,DPR 2875,2025-01 (Jan),P1 - High,,January,2025
28/01/2025 15:59,WO-CBM_100443,ABB,CMB System for Planned Maint.,ABB - Pre-berthing checks,,24/01/2025,,24/01/2025 08:19,24/01/2025 09:15,0.933333333,Inspection,Mooring System,Closed,,,ABB_Offshore,DPR 2873,2025-01 (Jan),P1 - High,,January,2025
28/01/2025 15:47,WO-SPM-CBM_100073,ABB/SPM_Onshore,Onshore ABB_SPM System for Planned Maintenance,Weekly Servitude Walk / Pipeline Inspection,,02/02/2025,,29/01/2025 11:40,29/01/2025 13:40,2,Planned Maint.,Piping,Closed,,,ABB_SPM_Onshore,,2025-01 (Jan),P2 - Medium,,January,2025
28/01/2025 15:28,WO-SPM_100474,SPM-AE-WH-01,SPM Winch Assy,Recertification of SPM 10T Winch -,,02/02/2025,,28/01/2025 09:00,28/01/2025 13:30,4.5,Planned Maint.,Hoisting & Lifting,Closed,,,SPM_Offshore,,2025-01 (Jan),P2 - Medium,,January,2025
28/01/2025 15:24,WO-W_SHOP_100127,GPMS-W-SHOP,GPMS Maintenance Workshop & Warehouse,Prepare two 22m Anchor Chains (20m length) for SPM Floating Hose storage and mobilize tools for SPM changeout,,02/02/2025,,27/01/2025 11:45,28/01/2025 13:52,26.11666667,Planned Maint.,Tools,Completed,,,W_Shop,,2025-01 (Jan),P2 - Medium,,January,2025
28/01/2025 15:21,WO-W_SHOP_100131,COMP-02,Air Compressor - Bauer Mariner 320-B,Weekly Inspection,,02/02/2025,,11/02/2025 13:00,11/02/2025 13:30,0.5,Planned Maint.,Engine,Closed,,,W_Shop,,2025-02 (Feb),P3 - Low,,February,2025
28/01/2025 15:20,WO-W_SHOP_100126,COMP-01,Air Compressor - KOTECH,Weekly Inspection,,02/02/2025,,27/01/2025 08:00,27/01/2025 08:30,0.5,Planned Maint.,Engine,Closed,,,W_Shop,,2025-01 (Jan),P2 - Medium,,January,2025
28/01/2025 15:19,WO-W_SHOP_100125,Genset-01,Generator- Megapower,Weekly Inspection,,02/02/2025,,27/01/2025 09:00,27/01/2025 09:30,0.5,Planned Maint.,Engine,Closed,,,W_Shop,,2025-01 (Jan),P2 - Medium,,January,2025
28/01/2025 14:13,WO-CBM_200081,ABB-PLEM-BY-01,PLEM Marker Buoy Assy,Fix a stainless steel fitting bracket with bolt/nuts to the worn-out pad eye of the DMA of the PLEM Buoy.,25/01/2025,25/01/2025,,25/01/2025 10:38,25/01/2025 11:10,0.533333333,Planned Corrective Maint.,Buoy Body,Closed,Worn,Repaired,ABB_Offshore,DPR 2874 / / ABB Report 309,2025-01 (Jan),P2 - Medium,ABB Report,January,2025
28/01/2025 13:20,WO-SPM_100473,SPM-AE-BY-02,CALM Buoy - CO760,SPM – Weekly Solar Panels GVI and cleaning,,02/02/2025,,28/01/2025 10:49,28/01/2025 13:12,2.383333333,Planned Maint.,NavAids & Power,Completed,,,SPM_Offshore,DPR 2876,2025-01 (Jan),P2 - Medium,,January,2025
28/01/2025 13:18,WO-SPM_100472,SPM-AE-BY-02,CALM Buoy - CO760,SPM – Weekly Main Bearing Greasing,,02/02/2025,,28/01/2025 10:49,28/01/2025 13:12,2.383333333,Planned Maint.,Lubrication System,Closed,,,SPM_Offshore,DPR 2876,2025-01 (Jan),P2 - Medium,,January,2025
28/01/2025 13:17,WO-SPM_100471,SPM-AE-BY-02,CALM Buoy - CO760,SPM – Weekly Central Pipe Swivel Greasing and GVI,,02/02/2025,,28/01/2025 10:49,28/01/2025 13:12,2.383333333,Planned Maint.,Swivel System,Closed,,,SPM_Offshore,DPR 2876,2025-01 (Jan),P2 - Medium,,January,2025
28/01/2025 13:10,WO-SPM_100470,SPM-AE-BY-02,CALM Buoy - CO760,SPM – Weekly Buoy Freeboard/Draft GVI,,02/02/2025,,28/01/2025 10:49,28/01/2025 13:12,2.383333333,Planned Maint.,Buoy Body,Closed,,,SPM_Offshore,,2025-01 (Jan),P2 - Medium,,January,2025
28/01/2025 13:09,WO-SPM_100469,SPM-AE-BY-02,CALM Buoy - CO760,SPM -Cleaning of SPM2 Buoy with Atlantis FiFi System,,02/02/2025,,28/01/2025 10:49,28/01/2025 13:12,2.383333333,Planned Maint.,Buoy Body,Closed,,,SPM_Offshore,SPM Report 255,2025-01 (Jan),P2 - Medium,SPM Report,January,2025
28/01/2025 09:03,WO-CBM_100449,ABB,CMB System for Planned Maint.,ABB - 4-Monthly Anchor Chains & Swivel GVI and Cleaning,,02/02/2025,,02/02/2025 08:18,02/02/2025 09:30,1.2,Planned Maint.,Anchoring System,Completed,,,ABB_Offshore,DPR 2881,2025-02 (Feb),P2 - Medium,,February,2025
28/01/2025 08:51,WO-CBM_100448,ABB,CMB System for Planned Maint.,ABB - 4-Monthly Stinger box GVI and Cleaning,,02/02/2025,,30/01/2025 08:45,30/01/2025 09:30,0.75,Planned Maint.,PLEM Piping and Structure,Closed,,,ABB_Offshore,DPR 2875,2025-01 (Jan),P2 - Medium,,January,2025
28/01/2025 08:45,WO-CBM_100447,ABB,CMB System for Planned Maint.,ABB - Weekly Bush Wear checks,,02/02/2025,,27/01/2025 08:45,27/01/2025 10:02,1.283333333,Planned Maint.,Buoy Body,Closed,,,ABB_Offshore,DPR 2875,2025-01 (Jan),P2 - Medium,,January,2025
28/01/2025 08:42,WO-CBM_100446,ABB,CMB System for Planned Maint.,ABB - Weekly Buoys Freeboard/Draft GVI,,02/02/2025,,27/01/2025 08:45,27/01/2025 10:02,1.283333333,Planned Maint.,Buoy Body,Closed,,,ABB_Offshore,DPR 2875,2025-01 (Jan),P2 - Medium,,January,2025
28/01/2025 08:40,WO-CBM_100445,ABB,CMB System for Planned Maint.,ABB - Weekly Buoy Hooks GVI & Lubrication,,02/02/2025,,27/01/2025 08:45,27/01/2025 10:02,1.283333333,Planned Maint.,Buoy Body,Closed,,,ABB_Offshore,DPR 2875,2025-01 (Jan),P2 - Medium,,January,2025
24/01/2025 16:25,WO-CBM_200080,ABB-PLEM-BY-01,PLEM Marker Buoy Assy,"Broken 1"" stainless steel elbow fixed to the worn-out pad eye of the DMA - Re-installed a new fitting to the worn-out pad eye of the PLEM Buoy DMA.",,23/01/2025,,23/01/2025 11:02,23/01/2025 12:03,1.016666667,Planned Corrective Maint.,Buoy Body,Closed,Worn,Repaired,ABB_Offshore,DPR 2872 / ABB Report 309,2025-01 (Jan),P2 - Medium,ABB Report,January,2025
24/01/2025 13:01,WO-SPM_200072,SPM-ME-CH-01,SPM Mooring Chain,"Lift and mold 90mm chain (from wet storage) into clamped weights for securing SPM Chinese Lantern hoses to seabed during the SPM1SWAPSPM2 Project

Divers connected mooring rope to 90mm chain to wet storage to be recovered. Searched for 44mm chain to be used for anchoring the SPM floating hose - search unsuccessful.",,25/01/2025,,25/01/2025 09:30,25/01/2025 14:30,5,Projects,Anchoring System,Closed,,,SPM_Offshore,,2025-01 (Jan),P2 - Medium,,January,2025
23/01/2025 17:19,WO-SPM_100468,SPM-FT-PV-01,SPM PLEM,PLEM & Seabed survey & rotation of PLEM valves,,26/01/2025,,22/01/2025 10:57,22/01/2025 11:23,0.433333333,Planned Maint.,PLEM Piping and Structure,Closed,,,SPM_Offshore,DPR 2871,2025-01 (Jan),P2 - Medium,,January,2025
23/01/2025 13:01,WO-SPM_200071,SPM-ME-CH-01,SPM Mooring Chain,Removal of fishing net from the SPM mooring chains,,22/02/2025,,22/01/2025 10:46,22/01/2025 11:28,0.7,Planned Corrective Maint.,Anchoring System,Completed,Marine Fouling / Foreign Object,Removed,SPM_Offshore,DPR 2871,2025-01 (Jan),P2 - Medium,,January,2025
23/01/2025 12:20,WO-CBM_100442,ABB,CMB System for Planned Maint.,ABB - Pre-berthing checks,,21/01/2025,,21/01/2025 08:05,21/01/2025 09:30,1.416666667,Inspection,Mooring System,Closed,,,ABB_Offshore,DPR 2870,2025-01 (Jan),P1 - High,,January,2025
23/01/2025 12:10,WO-CBM_100441,ABB,CMB System for Planned Maint.,GVI of the Alpha mooring chain to the gravity base,,26/01/2025,,21/01/2025 08:42,21/01/2025 09:18,0.6,Planned Maint.,Anchoring System,Completed,,,ABB_Offshore,DPR 2870,2025-01 (Jan),P2 - Medium,,January,2025
22/01/2025 16:42,WO-CBM_200077,ABB-ME-BY-05,ABB Alpha Buoy,Replaced worn out bolt of Alpha Buoy retainer plate,,15/01/2025,,15/01/2025 08:15,15/01/2025 09:00,0.75,Planned Corrective Maint.,Buoy Body,Completed,,,ABB_Offshore,DPR 2866,2025-01 (Jan),P2 - Medium,,January,2025
21/01/2025 15:27,WO-SPM_200070,SPM-ME-CH-01,SPM Mooring Chain,"Located the touchdown points of all six (6) SPM mooring chain anchor points for GPS reading (Chains #1, #2, #3, #4, #5, and #6).
Checked the sample valve on SPM2 and confirmed it is in good condition, functioning properly in both open and closed positions",,14/01/2025,,09/01/2025 15:13,14/01/2025 10:18,115.0833333,Planned Corrective Maint.,Anchoring System,Completed,,,SPM_Offshore,"DPR 2862, 2864, 2865",2025-01 (Jan),P2 - Medium,,January,2025
21/01/2025 11:52,WO-CBM_200079,ABB-PLEM-BY-01,PLEM Marker Buoy Assy,"Installed of nappy pin to the Plem buoy's shackle 
CVI of Plem Marker Buoy",,18/01/2025,,18/01/2025 07:49,18/01/2025 08:00,0.183333333,Planned Corrective Maint.,Buoy Body,Completed,,,ABB_Offshore,DPR 2869,2025-01 (Jan),P2 - Medium,,January,2025
21/01/2025 11:37,WO-CBM_200078,ABB-PLEM-BY-01,PLEM Marker Buoy Assy,"Fixed a temporary 1"" stainless steel elbow to the worn-out pad eye of the DMA to prevent further metal degradation by isolating the shackle from direct contact with the worn surface, ensuring safe and continued operation. Re-installed the PLEM buoy",,16/01/2025,,16/01/2025 09:54,16/01/2025 11:38,1.733333333,Planned Corrective Maint.,Buoy Body,Closed,Worn,Repaired,ABB_Offshore,DPR 2867 / ABB Report 309,2025-01 (Jan),P2 - Medium,ABB Report,January,2025
21/01/2025 11:31,WO-SPM_200069,SPM-ME-CH-01,SPM Mooring Chain,Removed fishing net fouled on the SPM mooring chain #2,,17/01/2025,,17/01/2025 11:44,17/01/2025 12:26,0.7,Planned Corrective Maint.,Anchoring System,Completed,Marine Fouling / Foreign Object,Removed,SPM_Offshore,DPR 2868,2025-01 (Jan),P2 - Medium,,January,2025
20/01/2025 10:17,WO-SPM_100467,SPM-AE-BY-02,CALM Buoy - CO760,"SPM - Bi-Weekly Turntable Rotation & Locking Pins, Guides and Brakes",,26/01/2025,,26/01/2025 00:00,26/01/2025 00:00,0,Planned Maint.,Buoy Body,Cancelled,,,SPM_Offshore,,2025-01 (Jan),P2 - Medium,,January,2025
20/01/2025 10:16,WO-SPM_100466,SPM-AE-BY-02,CALM Buoy - CO760,SPM - Quarterly MBC GVI,,26/01/2025,,26/01/2025 00:00,26/01/2025 00:00,0,Planned Maint.,MBC,Cancelled,,,SPM_Offshore,,2025-01 (Jan),P2 - Medium,,January,2025
20/01/2025 10:11,WO-SPM_100465,SPM-AE-BY-02,CALM Buoy - CO760,SPM - Monthly Soundings,,26/01/2025,,22/01/2025 10:12,22/01/2025 10:38,0.433333333,Planned Maint.,Buoy Body,Closed,,,SPM_Offshore,DPR 2871,2025-01 (Jan),P2 - Medium,,January,2025
20/01/2025 10:08,WO-SPM_100464,SPM-AE-BY-02,CALM Buoy - CO760,SPM – Weekly Solar Panels GVI and cleaning,,26/01/2025,,22/01/2025 10:12,22/01/2025 10:38,0.433333333,Planned Maint.,NavAids & Power,Closed,,,SPM_Offshore,DPR 2871,2025-01 (Jan),P2 - Medium,,January,2025
20/01/2025 09:58,WO-SPM_100463,SPM-AE-BY-02,CALM Buoy - CO760,SPM – Weekly Main Bearing Greasing,,26/01/2025,,22/01/2025 10:12,22/01/2025 10:38,0.433333333,Planned Maint.,Lubrication System,Closed,,,SPM_Offshore,DPR 2871,2025-01 (Jan),P2 - Medium,,January,2025
20/01/2025 09:57,WO-SPM_100462,SPM-AE-BY-02,CALM Buoy - CO760,SPM – Weekly Central Pipe Swivel Greasing and GVI,,26/01/2025,,22/01/2025 10:12,22/01/2025 10:38,0.433333333,Planned Maint.,Swivel System,Closed,,,SPM_Offshore,DPR 2871,2025-01 (Jan),P2 - Medium,,January,2025
20/01/2025 09:52,WO-SPM_100461,SPM-AE-BY-02,CALM Buoy - CO760,SPM – Weekly Buoy Freeboard/Draft GVI,,26/01/2025,,22/01/2025 10:12,22/01/2025 10:38,0.433333333,Planned Maint.,Buoy Body,Closed,,,SPM_Offshore,DPR 2871,2025-01 (Jan),P2 - Medium,,January,2025
20/01/2025 09:44,WO-SPM-CBM_100072,ABB/SPM_Onshore,Onshore ABB_SPM System for Planned Maintenance,Monthly Cathodic protection potential measurement,,26/01/2025,,23/01/2025 10:00,23/01/2025 12:00,2,Planned Maint.,Cathodic Protection,Closed,,,ABB_SPM_Onshore,,2025-01 (Jan),P2 - Medium,,January,2025
20/01/2025 09:36,WO-SPM-CBM_100071,ABB/SPM_Onshore,Onshore ABB_SPM System for Planned Maintenance,Weekly Servitude Walk,,26/01/2025,,20/01/2025 10:00,20/01/2025 11:00,1,Planned Maint.,Piping,Closed,,,ABB_SPM_Onshore,,2025-01 (Jan),P2 - Medium,,January,2025
20/01/2025 09:19,WO-W_SHOP_100124,COMP-02,Air Compressor - Bauer Mariner 320-B,Weekly Inspection,,26/01/2025,,24/01/2025 13:00,24/01/2025 13:30,0.5,Planned Maint.,Engine,Closed,,,W_Shop,,2025-01 (Jan),P2 - Medium,,January,2025
20/01/2025 09:18,WO-W_SHOP_100123,COMP-01,Air Compressor - KOTECH,Weekly Inspection,,26/01/2025,,20/01/2025 08:00,20/01/2025 08:30,0.5,Planned Maint.,Engine,Closed,,,W_Shop,,2025-01 (Jan),P2 - Medium,,January,2025
20/01/2025 09:14,WO-W_SHOP_100122,Genset-01,Generator- Megapower,Weekly Inspection,,26/01/2025,,20/01/2025 08:40,20/01/2025 09:10,0.5,Planned Maint.,Engine,Closed,,,W_Shop,,2025-01 (Jan),P2 - Medium,,January,2025
20/01/2025 09:10,WO-CBM_100440,ABB,CMB System for Planned Maint.,ABB - Weekly Bush Wear checks,,26/01/2025,,21/01/2025 08:05,21/01/2025 09:18,1.216666667,Planned Maint.,Buoy Body,Closed,,,ABB_Offshore,DPR 2870,2025-01 (Jan),P2 - Medium,,January,2025
20/01/2025 09:10,WO-CBM_100439,ABB,CMB System for Planned Maint.,ABB - Weekly Buoys Freeboard/Draft GVI,,26/01/2025,,21/01/2025 08:05,21/01/2025 09:18,1.216666667,Planned Maint.,Buoy Body,Closed,,,ABB_Offshore,DPR 2870,2025-01 (Jan),P2 - Medium,,January,2025
20/01/2025 09:09,WO-CBM_100438,ABB,CMB System for Planned Maint.,ABB - Weekly Buoy Hooks GVI & Lubrication,,26/01/2025,,21/01/2025 08:05,21/01/2025 09:18,1.216666667,Planned Maint.,Buoy Body,Closed,,,ABB_Offshore,DPR 2870,2025-01 (Jan),P2 - Medium,,January,2025
20/01/2025 09:08,WO-CBM_100437,ABB,CMB System for Planned Maint.,ABB - Pre-berthing checks,,18/01/2025,,18/01/2025 07:03,18/01/2025 08:00,0.95,Inspection,Mooring System,Closed,,,ABB_Offshore,DPR 2869,2025-01 (Jan),P1 - High,,January,2025
15/01/2025 07:01,WO-CBM_100436,ABB,CMB System for Planned Maint.,ABB - Pre-berthing checks,,15/01/2025,,15/01/2025 08:15,15/01/2025 09:00,0.75,Inspection,Mooring System,Closed,,,ABB_Offshore,DPR 2866,2025-01 (Jan),P1 - High,,January,2025
13/01/2025 13:58,WO-JET_100056,Oil-Jetty,Oil Jetty System for Planned Maintenance,Bi-weekly Servitude Walk / Pipeline Inspection,,19/01/2025,,17/01/2025 08:30,17/01/2025 10:00,1.5,Planned Maint.,Piping,Closed,,,Oil_Jetty,,2025-01 (Jan),P2 - Medium,,January,2025
13/01/2025 13:56,WO-JET_100055,Oil-Jetty,Oil Jetty System for Planned Maintenance,Monthly Sump and Sump Pipeline Inspection,,19/01/2025,,17/01/2025 10:30,17/01/2025 11:00,0.5,Planned Maint.,Piping,Closed,,,Oil_Jetty,,2025-01 (Jan),P2 - Medium,,January,2025
13/01/2025 13:54,WO-JET_100054,Oil-Jetty,Oil Jetty System for Planned Maintenance,Monthly Valve/Pressure Gauges Inspection,,19/01/2025,,17/01/2025 10:00,17/01/2025 10:30,0.5,Planned Maint.,Valve,Closed,,,Oil_Jetty,,2025-01 (Jan),P2 - Medium,,January,2025
13/01/2025 13:39,WO-SPM_100460,SPM-AE-WH-01,SPM Winch Assy,"SPM Winch Functionality Test 
Winches & Wires - Conduct general inspection & Lubricate",,19/01/2025,,17/01/2025 08:15,17/01/2025 12:00,3.75,Planned Maint.,Buoy Body,Closed,,,SPM_Offshore,,2025-01 (Jan),P2 - Medium,,January,2025
13/01/2025 13:13,WO-W_SHOP_100120,Genset-01,Generator- Megapower,Weekly Inspection,,19/01/2025,,13/01/2025 09:00,13/01/2025 09:30,0.5,Planned Maint.,Engine,Closed,,,W_Shop,,2025-01 (Jan),P2 - Medium,,January,2025
13/01/2025 13:12,WO-W_SHOP_100119,COMP-02,Air Compressor - Bauer Mariner 320-B,Weekly Inspection,,19/01/2025,,17/01/2025 08:00,17/01/2025 08:20,0.333333333,Planned Maint.,Engine,Completed,,,W_Shop,,2025-01 (Jan),P2 - Medium,,January,2025
13/01/2025 13:10,WO-W_SHOP_100118,COMP-01,Air Compressor - KOTECH,Weekly Inspection,,19/01/2025,,13/01/2025 08:00,13/01/2025 08:30,0.5,Planned Maint.,Engine,Closed,,,W_Shop,,2025-01 (Jan),P2 - Medium,,January,2025
13/01/2025 12:12,WO-CBM_100435,ABB,CMB System for Planned Maint.,ABB - Quarterly MATTHEW Buoy Body (Subsea ) GVI,,19/01/2025,,13/01/2025 09:51,13/01/2025 10:02,0.183333333,Planned Maint.,Buoy Body,Completed,,,ABB_Offshore,DPR 2864,2025-01 (Jan),P2 - Medium,,January,2025
13/01/2025 12:10,WO-CBM_100434,ABB,CMB System for Planned Maint.,ABB - Quarterly Coating,,19/01/2025,4,,,,Planned Maint.,Buoy Body,Backlog,,,ABB_Offshore,,2025-01 (Jan),P2 - Medium,,January,2025
13/01/2025 12:08,WO-CBM_100433,ABB,CMB System for Planned Maint.,ABB - Monthly Bouy Location,,19/01/2025,,15/01/2025 08:15,15/01/2025 09:00,0.75,Planned Maint.,Buoy Body,Closed,,,ABB_Offshore,DPR 2866,2025-01 (Jan),P2 - Medium,,January,2025
13/01/2025 12:07,WO-CBM_100432,ABB,CMB System for Planned Maint.,ABB - Weekly Bush Wear checks,,19/01/2025,,15/01/2025 08:15,15/01/2025 09:00,0.75,Planned Maint.,Buoy Body,Closed,,,ABB_Offshore,DPR 2866,2025-01 (Jan),P2 - Medium,,January,2025
13/01/2025 12:06,WO-CBM_100431,ABB,CMB System for Planned Maint.,ABB - Weekly Buoys Freeboard/Draft GVI,,19/01/2025,,15/01/2025 08:15,15/01/2025 09:00,0.75,Planned Maint.,Buoy Body,Closed,,,ABB_Offshore,DPR 2866,2025-01 (Jan),P2 - Medium,,January,2025
13/01/2025 12:06,WO-CBM_100430,ABB,CMB System for Planned Maint.,ABB - Weekly Buoy Hooks GVI & Lubrication,,19/01/2025,,15/01/2025 08:15,15/01/2025 09:00,0.75,Planned Maint.,Buoy Body,Closed,,,ABB_Offshore,DPR 2866,2025-01 (Jan),P2 - Medium,,January,2025
13/01/2025 11:42,WO-CBM_100429,ABB,CMB System for Planned Maint.,ABB- Pre-berthing Checks,,12/01/2025,,12/01/2025 08:13,12/01/2025 09:00,0.783333333,Inspection,Mooring System,Closed,,,ABB_Offshore,DPR 2863,2025-01 (Jan),P1 - High,,January,2025
13/01/2025 11:38,WO-CBM_100428,ABB,CMB System for Planned Maint.,ABB - Pre-berthing checks,,09/01/2025,,09/01/2025 10:45,09/01/2025 11:43,0.966666667,Inspection,Mooring System,Closed,,,ABB_Offshore,DPR 2862,2025-01 (Jan),P1 - High,,January,2025
13/01/2025 11:07,WO-SPM_100459,SPM-AE-BY-02,CALM Buoy - CO760,"SPM -Decommissioning CALM BUOY CO760
- Flushing of floating hose and pipelines of the SPM
- Disconnection of floating hose from SPM2 and storing at Alpha gravity base.
- MBC change out.",,12/02/2025,,03/02/2025 11:00,12/02/2025 17:30,222.5,Projects,Buoy Body,Closed,,,SPM_Offshore,"DPR 2880,81,82,83,85,86,89 / SPM Report 257",2025-02 (Feb),P2 - Medium,SPM Report,February,2025
10/01/2025 14:43,WO-SPM_100447,SPM-AE-BY-02,CALM Buoy - CO760,Quarterly SPM Location,,05/01/2025,,02/01/2025 10:43,02/01/2025 11:10,0.45,Planned Maint.,Buoy Body,Closed,,,SPM_Offshore,DPR 2857,2025-01 (Jan),P2 - Medium,,January,2025
09/01/2025 09:22,WO-SPM-CBM_100070,ABB/SPM_Onshore,Onshore ABB_SPM System for Planned Maintenance,Weekly Servitude Walk,,12/01/2025,,14/01/2025 13:00,14/01/2025 14:30,1.5,Planned Maint.,Piping,Closed,,,ABB_SPM_Onshore,,2025-01 (Jan),P2 - Medium,,January,2025
08/01/2025 16:37,WO-SPM_100458,SPM-AE-BY-02,CALM Buoy - CO760,MPI on Lifting/Rigging Points (SPM2),,12/01/2025,,11/01/2025 08:40,11/01/2025 11:40,3,Planned Maint.,Buoy Body,Closed,,,SPM_Offshore,,2025-01 (Jan),P2 - Medium,,January,2025
08/01/2025 16:35,WO-SPM_100457,SPM-AE-BY-01,CALM Buoy - SO17190,MPI on Lifting/Rigging Points (SPM1),,12/01/2025,,11/01/2025 14:00,11/01/2025 16:00,2,Planned Maint.,Buoy Body,Closed,,,SPM_Offshore,,2025-01 (Jan),P2 - Medium,,January,2025
08/01/2025 16:31,WO-W_SHOP_100121,HTU-01,OCIMF Marine Hose Test Rig,Constellation Pump Installation and Testing,,12/01/2025,,16/01/2025 08:00,16/01/2025 12:00,4,Planned Maint.,Others,Closed,,,W_Shop,,2025-01 (Jan),P2 - Medium,,January,2025
08/01/2025 16:29,WO-SPM-CBM_100069,ABB/SPM_Onshore,Onshore ABB_SPM System for Planned Maintenance,Weekly Servitude Walk / Pipeline Inspection,,12/01/2025,,06/01/2025 10:00,06/01/2025 11:30,1.5,Planned Maint.,Piping,Closed,,,ABB_SPM_Onshore,,2025-01 (Jan),P2 - Medium,,January,2025
08/01/2025 16:27,WO-W_SHOP_100116,COMP-02,Air Compressor - Bauer Mariner 320-B,Weekly Inspection,,12/01/2025,,08/01/2025 08:00,08/01/2025 09:30,1.5,Planned Maint.,Engine,Closed,,,W_Shop,,2025-01 (Jan),P2 - Medium,,January,2025
08/01/2025 16:26,WO-W_SHOP_100115,COMP-01,Air Compressor - KOTECH,Weekly Inspection,,12/01/2025,,06/01/2025 08:00,06/01/2025 08:30,0.5,Planned Maint.,Engine,Closed,,,W_Shop,,2025-01 (Jan),P2 - Medium,,January,2025
08/01/2025 16:22,WO-W_SHOP_100114,Genset-01,Generator- Megapower,Weekly Inspection,,12/01/2025,,06/01/2025 09:00,06/01/2025 09:30,0.5,Planned Maint.,Engine,Closed,,,W_Shop,,2025-01 (Jan),P2 - Medium,,January,2025
08/01/2025 13:47,WO-SPM_100456,SPM-AE-BY-02,CALM Buoy - CO760,"Quarterly Hose End Fittings (torque studs & nuts on hose flanges 
& spool pieces)",,12/01/2025,,12/01/2025 00:00,12/01/2025 00:00,0,Planned Maint.,Hose,Cancelled,,,SPM_Offshore,,2025-01 (Jan),P2 - Medium,,January,2025
08/01/2025 13:21,WO-CBM_100427,ABB,CMB System for Planned Maint.,ABB-Pre-berthing Checks,,07/01/2025,,07/01/2025 08:35,07/01/2025 10:21,1.766666667,Inspection,Mooring System,Closed,,,ABB_Offshore,DPR 2861,2025-01 (Jan),P1 - High,,January,2025
08/01/2025 13:05,WO-SPM_100455,SPM-AE-BY-02,CALM Buoy - CO760,SPM – Quarterly Anodes GVI,,12/01/2025,,12/01/2025 00:00,12/01/2025 00:00,0,Planned Maint.,Buoy Body,Cancelled,,,SPM_Offshore,,2025-01 (Jan),P2 - Medium,,January,2025
08/01/2025 13:03,WO-SPM_100454,SPM-AE-BY-02,CALM Buoy - CO760,"SPM - Monthly Inspection of Mooring Bridle/Bridle Platform, Hawser & other Acc. GVI",,12/01/2025,,12/01/2025 00:00,12/01/2025 00:00,0,Planned Maint.,Mooring System,Cancelled,,,SPM_Offshore,,2025-01 (Jan),P2 - Medium,,January,2025
08/01/2025 12:59,WO-SPM_100453,SPM-AE-BY-02,CALM Buoy - CO760,SPM - Monthly Hose Pick Up Equipment GVI,,12/01/2025,,12/01/2025 00:00,12/01/2025 00:00,0,Planned Maint.,Hoisting & Lifting,Cancelled,,,SPM_Offshore,,2025-01 (Jan),P2 - Medium,,January,2025
08/01/2025 12:57,WO-SPM_100452,SPM-AE-BY-02,CALM Buoy - CO760,SPM - Monthly GVI of Floating Hoses & Underwater Hoses (Chinese Lantern),,12/01/2025,,12/01/2025 00:00,12/01/2025 00:00,0,Planned Maint.,Submarine Hose,Cancelled,,,SPM_Offshore,,2025-01 (Jan),P2 - Medium,,January,2025
08/01/2025 12:55,WO-SPM_100451,SPM-AE-BY-02,CALM Buoy - CO760,SPM – Weekly Solar Panels GVI and cleaning,,12/01/2025,,12/01/2025 00:00,12/01/2025 00:00,0,Planned Maint.,NavAids & Power,Cancelled,,,SPM_Offshore,,2025-01 (Jan),P2 - Medium,,January,2025
08/01/2025 12:54,WO-SPM_100450,SPM-AE-BY-02,CALM Buoy - CO760,SPM – Weekly Main Bearing Greasing,,12/01/2025,,12/01/2025 00:00,12/01/2025 00:00,0,Planned Maint.,Lubrication System,Cancelled,,,SPM_Offshore,,2025-01 (Jan),P2 - Medium,,January,2025
08/01/2025 12:53,WO-SPM_100449,SPM-AE-BY-02,CALM Buoy - CO760,SPM – Weekly Central Pipe Swivel Greasing and GVI,,12/01/2025,,12/01/2025 00:00,12/01/2025 00:00,0,Planned Maint.,Swivel System,Cancelled,,,SPM_Offshore,,2025-01 (Jan),P2 - Medium,,January,2025
08/01/2025 12:52,WO-SPM_100448,SPM-AE-BY-02,CALM Buoy - CO760,SPM – Weekly Buoy Freeboard/Draft GVI,,12/01/2025,,12/01/2025 00:00,12/01/2025 00:00,0,Planned Maint.,Buoy Body,Cancelled,,,SPM_Offshore,,2025-01 (Jan),P2 - Medium,,January,2025
08/01/2025 12:46,WO-CBM_100426,ABB-CP-01,ABB Cathodic Protection System - Offshore,ABB - Bi-annual PLEM Cathodic Protection System,,12/01/2025,,19/02/2025 10:39,19/02/2025 11:23,0.733333333,Planned Maint.,Cathodic Protection,Closed,,,ABB_Offshore,DPR 2893,2025-02 (Feb),P2 - Medium,,February,2025
08/01/2025 12:45,WO-CBM_100425,ABB,CMB System for Planned Maint.,ABB – Quarterly MBC GVI,,12/01/2025,,07/01/2025 08:35,07/01/2025 10:21,1.766666667,Planned Maint.,MBC,Closed,,,ABB_Offshore,DPR 2861,2025-01 (Jan),P2 - Medium,,January,2025
08/01/2025 12:44,WO-CBM_100424,ABB-FT-HS-01,ABB Submarine Hose Assembly,ABB - Monthly Hose Pick Up Equipment & End Fittings GVI,,12/01/2025,,07/01/2025 08:35,07/01/2025 10:21,1.766666667,Planned Maint.,Hoisting & Lifting,Closed,,,ABB_Offshore,DPR 2861,2025-01 (Jan),P2 - Medium,,January,2025
08/01/2025 12:41,WO-CBM_100423,ABB,CMB System for Planned Maint.,"ABB - Monthly Mooring buoy Pins, Swivel & Touchdown area on Chain",,12/01/2025,,07/01/2025 08:35,07/01/2025 10:21,1.766666667,Planned Maint.,Buoy Body,Closed,,,ABB_Offshore,DPR 2861,2025-01 (Jan),P2 - Medium,,January,2025
08/01/2025 12:40,WO-CBM_100422,ABB,CMB System for Planned Maint.,ABB - 4-Monthly Sierra Chain GVI,,19/01/2025,,13/01/2025 10:10,13/01/2025 10:30,0.333333333,Planned Maint.,Anchoring System,Completed,,,ABB_Offshore,DPR 2864,2025-01 (Jan),P2 - Medium,,January,2025
08/01/2025 12:38,WO-CBM_100421,ABB-CP-01,ABB Cathodic Protection System - Offshore,ABB - Bi-annual Buoys Cathodic protection GVI and CP readings,,12/01/2025,1,16/04/2025 07:10,16/04/2025 08:15,1.083333333,Planned Maint.,Cathodic Protection,Completed,,,ABB_Offshore,DPR 2929,2025-04 (Apr),P2 - Medium,,April,2025
08/01/2025 12:37,WO-CBM_100420,ABB,CMB System for Planned Maint.,ABB - Quarterly Buoy Anodes GVI,,12/01/2025,,07/01/2025 08:35,07/01/2025 10:21,1.766666667,Planned Maint.,Buoy Body,Closed,,,ABB_Offshore,,2025-01 (Jan),P2 - Medium,,January,2025
08/01/2025 12:35,WO-CBM_100419,ABB,CMB System for Planned Maint.,ABB - Monthly Buoy Body GVI and Cleaning,,12/01/2025,,07/01/2025 08:35,07/01/2025 10:21,1.766666667,Planned Maint.,Buoy Body,Closed,,,ABB_Offshore,,2025-01 (Jan),P2 - Medium,,January,2025
08/01/2025 12:34,WO-CBM_100418,ABB,CMB System for Planned Maint.,ABB - Weekly Bush Wear checks,,12/01/2025,,07/01/2025 08:35,07/01/2025 10:21,1.766666667,Planned Maint.,Buoy Body,Closed,,,ABB_Offshore,,2025-01 (Jan),P2 - Medium,,January,2025
08/01/2025 12:33,WO-CBM_100417,ABB,CMB System for Planned Maint.,ABB - Weekly Buoys Freeboard/Draft GVI,,12/01/2025,,07/01/2025 08:35,07/01/2025 10:21,1.766666667,Planned Maint.,Buoy Body,Closed,,,ABB_Offshore,,2025-01 (Jan),P2 - Medium,,January,2025
08/01/2025 12:25,WO-CBM_100416,ABB,CMB System for Planned Maint.,ABB - Weekly Buoy Hooks GVI & Lubrication,,12/01/2025,,07/01/2025 08:35,07/01/2025 10:21,1.766666667,Planned Maint.,Buoy Body,Closed,,,ABB_Offshore,DPR 2861,2025-01 (Jan),P2 - Medium,,January,2025
08/01/2025 12:13,WO-SPM_200068,SPM-AE-BY-02,CALM Buoy - CO760,"MGR on the western subsea hose (chinese lantern), flanges, floatation collars.
Removed fishing net on mooring chains.",,06/01/2025,,06/01/2025 10:55,06/01/2025 12:00,1.083333333,Planned Corrective Maint.,Anchoring System,Completed,Marine Fouling / Foreign Object,Removed,SPM_Offshore,DPR 2860,2025-01 (Jan),P2 - Medium,,January,2025
08/01/2025 10:02,WO-CBM_100414,ABB,CMB System for Planned Maint.,"ABB - Monthly Location 

Cleaning and washing of all buoys.",,05/01/2025,,01/01/2025 08:29,01/01/2025 09:30,1.016666667,Planned Maint.,Buoy Body,Closed,,,ABB_Offshore,DPR 2856,2025-01 (Jan),P2 - Medium,,January,2025
08/01/2025 09:59,WO-CBM_100415,ABB,CMB System for Planned Maint.,ABB - Pre-berthing checks,,04/01/2025,,04/01/2025 09:20,04/01/2025 10:20,1,Inspection,Mooring System,Closed,,,ABB_Offshore,DPR 2859,2025-01 (Jan),P1 - High,,January,2025
08/01/2025 09:56,WO-SPM_200067,SPM-AE-BY-02,CALM Buoy - CO760,"MGR on the western subsea hoses (Chinese lantern) flanges, floatation collars",,06/01/2025,,03/01/2025 11:26,06/01/2025 12:00,72.56666667,Planned Corrective Maint.,Submarine Hose,Completed,Aquatic Exposure,Removed,SPM_Offshore,"DPR 2858,60",2025-01 (Jan),P2 - Medium,,January,2025
06/01/2025 07:08,WO-SPM_100446,SPM-AE-BY-02,CALM Buoy - CO760,Seabed Survey and Anchor Locations GVI,,05/01/2025,,02/01/2025 09:59,02/01/2025 11:10,1.183333333,Planned Maint.,Anchoring System,Closed,,,SPM_Offshore,DPR 2857 / SPM Report 254,2025-01 (Jan),P3 - Low,SPM Report,January,2025
31/12/2024 14:09,WO-CBM_100413,ABB,CMB System for Planned Maint.,ABB- Pre-berthing Checks,,01/01/2025,,01/01/2025 07:44,01/01/2025 09:30,1.766666667,Inspection,Mooring System,Closed,,,ABB_Offshore,DPR 2855,2025-01 (Jan),P1 - High,,January,2025
30/12/2024 15:34,WO-SPM_100444,SPM-AE-BY-02,CALM Buoy - CO760,SPM - Navigation Aids,,05/01/2025,,02/01/2025 11:35,02/01/2025 12:10,0.583333333,Planned Maint.,NavAids & Power,Closed,,,SPM_Offshore,DPR 2857,2025-01 (Jan),P2 - Medium,,January,2025
30/12/2024 15:33,WO-SPM_100443,SPM-AE-BY-02,CALM Buoy - CO760,SPM – Monthly External Leakage GVI,,05/01/2025,,02/01/2025 11:35,02/01/2025 12:10,0.583333333,Planned Maint.,Piping,Closed,,,SPM_Offshore,DPR 2857,2025-01 (Jan),P2 - Medium,,January,2025
30/12/2024 15:31,WO-SPM_100442,SPM-AE-BY-02,CALM Buoy - CO760,SPM – Monthly PLEM Valves Operations,,05/01/2025,,02/01/2025 09:59,02/01/2025 10:29,0.5,Planned Maint.,Valve,Closed,,,SPM_Offshore,DPR 2857,2025-01 (Jan),P2 - Medium,,January,2025
30/12/2024 15:30,WO-SPM_100441,SPM-AE-BY-02,CALM Buoy - CO760,SPM – Monthly Expansion Joint GVI,,05/01/2025,,02/01/2025 11:35,02/01/2025 12:10,0.583333333,Planned Maint.,Piping Support,Closed,,,SPM_Offshore,DPR 2857,2025-01 (Jan),P2 - Medium,,January,2025
30/12/2024 15:28,WO-SPM_100440,SPM-AE-BY-02,CALM Buoy - CO760,SPM – Monthly Top Side Valve Operations,,05/01/2025,,02/01/2025 11:35,02/01/2025 12:10,0.583333333,Planned Maint.,Valve,Closed,,,SPM_Offshore,DPR 2857,2025-01 (Jan),P2 - Medium,,January,2025
30/12/2024 15:27,WO-SPM_100439,SPM-AE-BY-02,CALM Buoy - CO760,SPM – Monthly Fluid Swivel GVI,,05/01/2025,,02/01/2025 11:35,02/01/2025 12:10,0.583333333,Planned Maint.,Swivel System,Closed,,,SPM_Offshore,DPR 2857,2025-01 (Jan),P2 - Medium,,January,2025
30/12/2024 15:27,WO-SPM_100438,SPM-AE-BY-02,CALM Buoy - CO760,SPM – Monthly Torque Arm GVI,,05/01/2025,,02/01/2025 11:35,02/01/2025 12:10,0.583333333,Planned Maint.,Swivel System,Closed,,,SPM_Offshore,DPR 2857,2025-01 (Jan),P2 - Medium,,January,2025
30/12/2024 15:26,WO-SPM_100437,SPM-AE-BY-02,CALM Buoy - CO760,"SPM - Bi-Weekly Turntable Rotation & Locking Pins, Guides and Brakes",,05/01/2025,,02/01/2025 12:24,02/01/2025 12:50,0.433333333,Planned Maint.,Buoy Body,Closed,,,SPM_Offshore,DPR 2857,2025-01 (Jan),P2 - Medium,,January,2025
30/12/2024 15:24,WO-SPM_100436,SPM-AE-BY-02,CALM Buoy - CO760,SPM - Monthly Cleaning of Floating Hoses & Underwater Hoses (Chinese Lantern),,05/01/2025,,02/01/2025 12:24,02/01/2025 12:50,0.433333333,Planned Maint.,Submarine Hose,Closed,,,SPM_Offshore,DPR 2857,2025-01 (Jan),P2 - Medium,,January,2025
30/12/2024 15:23,WO-SPM_100435,SPM-AE-BY-02,CALM Buoy - CO760,SPM – Weekly Solar Panels GVI and cleaning,,05/01/2025,,02/01/2025 11:35,02/01/2025 12:10,0.583333333,Planned Maint.,NavAids & Power,Closed,,,SPM_Offshore,DPR 2857,2025-01 (Jan),P2 - Medium,,January,2025
30/12/2024 15:22,WO-SPM_100434,SPM-AE-BY-02,CALM Buoy - CO760,SPM – Weekly Main Bearing Greasing,,05/01/2025,,02/01/2025 11:35,02/01/2025 12:10,0.583333333,Planned Maint.,Lubrication System,Closed,,,SPM_Offshore,DPR 2857,2025-01 (Jan),P2 - Medium,,January,2025
30/12/2024 15:21,WO-SPM_100433,SPM-AE-BY-02,CALM Buoy - CO760,SPM – Weekly Central Pipe Swivel Greasing and GVI,,05/01/2025,,02/01/2025 11:35,02/01/2025 12:10,0.583333333,Planned Maint.,Swivel System,Closed,,,SPM_Offshore,DPR 2857,2025-01 (Jan),P2 - Medium,,January,2025
30/12/2024 15:20,WO-SPM_100432,SPM-AE-BY-02,CALM Buoy - CO760,SPM – Weekly Buoy Freeboard/Draft GVI,,05/01/2025,,02/01/2025 11:35,02/01/2025 12:10,0.583333333,Planned Maint.,Buoy Body,Closed,,,SPM_Offshore,DPR 2857,2025-01 (Jan),P2 - Medium,,January,2025
30/12/2024 15:18,WO-CBM_100412,ABB,CMB System for Planned Maint.,ABB – Monthly PLEM Valve operation,,05/01/2025,,01/01/2025 06:46,01/01/2025 07:10,0.4,Planned Maint.,Valve,Closed,,,ABB_Offshore,DPR 2856,2025-01 (Jan),P2 - Medium,,January,2025
30/12/2024 15:17,WO-CBM_100411,ABB-CP-01,ABB Cathodic Protection System - Offshore,ABB – Quarterly CP reading on Subsea Hoses,,05/01/2025,,28/02/2025 10:41,28/02/2025 11:14,0.55,Planned Maint.,Cathodic Protection,Closed,,,ABB_Offshore,DPR 2900,2025-02 (Feb),P2 - Medium,,February,2025
30/12/2024 15:14,WO-CBM_100410,ABB,CMB System for Planned Maint.,ABB – Monthly Subsea Hoses GVI,,05/01/2025,,01/01/2025 06:46,01/01/2025 07:10,0.4,Planned Maint.,Submarine Hose,Closed,,,ABB_Offshore,DPR 2855,2025-01 (Jan),P2 - Medium,,January,2025
30/12/2024 15:13,WO-CBM_100409,ABB,CMB System for Planned Maint.,ABB – Monthly GVI above water Hoses,,05/01/2025,,03/01/2025 09:47,03/01/2025 10:27,0.666666667,Planned Maint.,Floating Hose,Closed,,,ABB_Offshore,DPR 2858,2025-01 (Jan),P2 - Medium,,January,2025
30/12/2024 15:12,WO-CBM_100408,ABB,CMB System for Planned Maint.,ABB - Weekly Bush Wear checks,,05/01/2025,,01/01/2025 07:44,01/01/2025 09:30,1.766666667,Planned Maint.,Buoy Body,Closed,,,ABB_Offshore,DPR 2855,2025-01 (Jan),P2 - Medium,,January,2025
30/12/2024 15:11,WO-CBM_100407,ABB,CMB System for Planned Maint.,ABB - Weekly Buoys Freeboard/Draft GVI,,05/01/2025,,01/01/2025 07:44,01/01/2025 09:30,1.766666667,Planned Maint.,Buoy Body,Closed,,,ABB_Offshore,DPR 2855,2025-01 (Jan),P2 - Medium,,January,2025
30/12/2024 15:08,WO-CBM_100406,ABB,CMB System for Planned Maint.,ABB - Weekly Buoy Hooks GVI & Lubrication,,05/01/2025,,01/01/2025 07:44,01/01/2025 09:30,1.766666667,Planned Maint.,Buoy Body,Closed,,,ABB_Offshore,DPR 2855,2025-01 (Jan),P2 - Medium,,January,2025
30/12/2024 15:03,WO-JET_100053,Oil-Jetty,Oil Jetty System for Planned Maintenance,Bi-weekly Servitude Walk / Pipeline Inspection,,,,31/12/2024 09:40,31/12/2024 11:00,1.333333333,Planned Maint.,Piping,Closed,,,Oil_Jetty,,2024-12 (Dec),P2 - Medium,,December,2024
30/12/2024 15:00,WO-SPM-CBM_100068,ABB/SPM_Onshore,Onshore ABB_SPM System for Planned Maintenance,Weekly Servitude Walk,,,,31/12/2024 11:00,31/12/2024 12:00,1,Planned Maint.,Piping,Closed,,,ABB_SPM_Onshore,,2024-12 (Dec),P2 - Medium,,December,2024
30/12/2024 14:56,WO-W_SHOP_100113,Genset-01,Generator- Megapower,Weekly Inspection,,,,31/12/2024 09:00,31/12/2024 09:30,0.5,Planned Maint.,Engine,Closed,,,W_Shop,,2024-12 (Dec),P2 - Medium,,December,2024
30/12/2024 14:44,WO-CBM_200076,ABB-ME-BY-04,ABB Charlie Buoy,Change out ABB04 (Charlie) worn out UKP Bushes.,,,,29/12/2024 08:50,29/12/2024 10:05,1.25,Planned Corrective Maint.,Buoy Body,Closed,Worn,Replaced,ABB_Offshore,DPR 2854 / ABB Report 307,2024-12 (Dec),P1 - High,ABB Report,December,2024
30/12/2024 14:29,WO-CBM_200073,ABB-ME-BY-02,ABB  Bravo Buoy,"Removed fouled fishing net from bravo mooring chain
Secure buoy line to demarcate 76mm wet storage chain.",,,,26/12/2024 08:23,26/12/2024 08:37,0.233333333,Planned Corrective Maint.,Anchoring System,Closed,Aquatic Exposure,Removed,ABB_Offshore,DPR 2852,2024-12 (Dec),P2 - Medium,,December,2024
30/12/2024 14:23,WO-CBM_200072,ABB-ME-BY-05,ABB Alpha Buoy,MGR on ABB05 (Alpha) buoy mooring chain from the touchdown to the LKP,,,,23/12/2024 09:48,23/12/2024 10:50,1.033333333,Planned Corrective Maint.,Anchoring System,Closed,Aquatic Exposure,Removed,ABB_Offshore,DPR 2850 / ABB Report 307,2024-12 (Dec),P2 - Medium,ABB Report,December,2024
30/12/2024 14:16,WO-CBM_200071,ABB-ME-BY-03,ABB Delta Buoy,MGR on the ABB03 (Delta) buoy mooring chain from touchdown to LKP and CVI,,,,19/12/2024 08:19,19/12/2024 09:03,0.733333333,Planned Corrective Maint.,Anchoring System,Closed,Aquatic Exposure,Removed,ABB_Offshore,DPR 2847 / ABB Report 307,2024-12 (Dec),P2 - Medium,ABB Report,December,2024
30/12/2024 13:54,WO-CBM_100405,ABB,CMB System for Planned Maint.,ABB-Pre-berthing Checks,,29/12/2024,,29/12/2024 08:50,29/12/2024 10:05,1.25,Inspection,Mooring System,Closed,,,ABB_Offshore,DPR 2854,2024-12 (Dec),P1 - High,,December,2024
30/12/2024 13:51,WO-CBM_100404,ABB,CMB System for Planned Maint.,ABB-Pre-berthing Checks,,26/12/2024,,26/12/2024 08:15,26/12/2024 09:20,1.083333333,Inspection,Mooring System,Closed,,,ABB_Offshore,DPR 2852,2024-12 (Dec),P1 - High,,December,2024
30/12/2024 13:49,WO-CBM_100403,ABB,CMB System for Planned Maint.,ABB- Pre-berthing Checks,,23/12/2024,,23/12/2024 09:46,23/12/2024 10:55,1.15,Inspection,Mooring System,Closed,,,ABB_Offshore,DPR 2850,2024-12 (Dec),P1 - High,,December,2024
30/12/2024 13:44,WO-CBM_100402,ABB,CMB System for Planned Maint.,ABB-Pre-berthing Checks,,19/12/2024,,19/12/2024 08:05,19/12/2024 09:10,1.083333333,Inspection,Mooring System,Closed,,,ABB_Offshore,DPR 2847,2024-12 (Dec),P1 - High,,December,2024
30/12/2024 10:45,WO-W_SHOP_100112,COMP-01,Air Compressor - KOTECH,Weekly Inspection,,,,31/12/2024 08:00,31/12/2024 08:30,0.5,Planned Maint.,Engine,Closed,,,W_Shop,,2024-12 (Dec),P2 - Medium,,December,2024
29/12/2024 08:00,WO-CBM_200075,ABB-ME-BY-02,ABB  Bravo Buoy,MGR on the ABB02 (Bravo) mooring chain from touchdown to LKP,,,,29/12/2024 08:58,29/12/2024 09:40,0.7,Planned Corrective Maint.,Anchoring System,Closed,Aquatic Exposure,Removed,ABB_Offshore,DPR 2854 / ABB Report 307,2024-12 (Dec),P2 - Medium,ABB Report,December,2024
27/12/2024 08:00,WO-SPM_200066,SPM-AE-BY-02,CALM Buoy - CO760,Anchoring Chain for SPM swap vessel - Remove marker buoy line secured on the 76mm wet storage chain. Secure marker buoy line to the 90mm chain at wet storage.,,,,27/12/2024 09:32,27/12/2024 10:16,0.733333333,Projects,Anchoring System,Closed,,,SPM_Offshore,DPR 2853,2024-12 (Dec),P3 - Low,,December,2024
27/12/2024 08:00,WO-SPM_100445,SPM-ME-CH-01,SPM Mooring Chain,SPM Mooring Chain #2 to gravity base GVI,,27/12/2024,,27/12/2024 11:48,27/12/2024 12:25,0.616666667,Inspection,Anchoring System,Closed,,,SPM_Offshore,DPR 2853,2024-12 (Dec),P2 - Medium,,December,2024
23/12/2024 11:14,WO-CBM_100401,ABB,CMB System for Planned Maint.,ABB - Weekly Bush Wear checks,,,,23/12/2024 09:46,23/12/2024 10:55,1.15,Planned Maint.,Buoy Body,Closed,,,ABB_Offshore,DPR 2850,2024-12 (Dec),P2 - Medium,,December,2024
23/12/2024 11:14,WO-CBM_100400,ABB,CMB System for Planned Maint.,ABB - Weekly Buoys Freeboard/Draft GVI,,,,23/12/2024 09:46,23/12/2024 10:55,1.15,Planned Maint.,Buoy Body,Closed,,,ABB_Offshore,DPR 2850,2024-12 (Dec),P2 - Medium,,December,2024
23/12/2024 11:13,WO-CBM_100399,ABB,CMB System for Planned Maint.,ABB - Weekly Buoy Hooks GVI & Lubrication,,,,23/12/2024 09:46,23/12/2024 10:55,1.15,Planned Maint.,Buoy Body,Closed,,,ABB_Offshore,DPR 2850,2024-12 (Dec),P2 - Medium,,December,2024
23/12/2024 11:09,WO-SPM_100431,SPM-AE-BY-02,CALM Buoy - CO760,SPM – Weekly Solar Panels GVI and cleaning,,,,24/12/2024 09:50,24/12/2024 10:12,0.366666667,Planned Maint.,NavAids & Power,Closed,,,SPM_Offshore,DPR 2851,2024-12 (Dec),P2 - Medium,,December,2024
23/12/2024 11:07,WO-SPM_100430,SPM-AE-BY-02,CALM Buoy - CO760,SPM – Weekly Main Bearing Greasing,,,,24/12/2024 09:50,24/12/2024 10:12,0.366666667,Planned Maint.,Lubrication System,Closed,,,SPM_Offshore,DPR 2851,2024-12 (Dec),P2 - Medium,,December,2024
23/12/2024 11:05,WO-SPM_100429,SPM-AE-BY-02,CALM Buoy - CO760,SPM – Weekly Central Pipe Swivel Greasing and GVI,,,,24/12/2024 09:50,24/12/2024 10:12,0.366666667,Planned Maint.,Swivel System,Closed,,,SPM_Offshore,DPR 2851,2024-12 (Dec),P2 - Medium,,December,2024
23/12/2024 11:04,WO-SPM_100428,SPM-AE-BY-02,CALM Buoy - CO760,SPM – Weekly Buoy Freeboard/Draft GVI,,,,24/12/2024 09:50,24/12/2024 10:12,0.366666667,Planned Maint.,Buoy Body,Closed,,,SPM_Offshore,DPR 2851,2024-12 (Dec),P2 - Medium,,December,2024
20/12/2024 10:13,WO-SPM_200065,SPM-FT-HS-01,SPM Hose String Assembly (Floating/Submarine),"Weekly MGR on the western subsea hose (Chinese lantern), flanges and floatation colors of the SPM",,,,30/12/2024 09:52,30/12/2024 10:24,0.533333333,Planned Corrective Maint.,Submarine Hose,Closed,Aquatic Exposure,Removed,SPM_Offshore,DPR 2855,2024-12 (Dec),P2 - Medium,,December,2024
18/12/2024 10:07,WO-SPM_200064,SPM-FT-HS-01,SPM Hose String Assembly (Floating/Submarine),"Weekly MGR on the subsea eastern hose, flanges and floatation colors of the SPM",,,,17/12/2024 12:28,18/12/2024 13:51,25.38333333,Planned Corrective Maint.,Submarine Hose,Closed,Aquatic Exposure,Removed,SPM_Offshore,DPR 2845,2024-12 (Dec),P2 - Medium,,December,2024
17/12/2024 11:21,WO-CBM_200069,ABB-ME-BY-04,ABB Charlie Buoy,"Replace missing locking pin on the H-link of Charlie mooring chain 
-Install a marker buoy on the anchor",,,,12/12/2024 07:50,12/12/2024 08:23,0.55,Planned Corrective Maint.,Anchoring System,Closed,Missing,Replaced,ABB_Offshore,DPR 2842,2024-12 (Dec),P2 - Medium,,December,2024
17/12/2024 11:07,WO-CBM_200070,ABB-ME-BY-04,ABB Charlie Buoy,MGR of  ABB04 (Charlie) buoy's mooring chain from touchdown to LKP - 100% cleaned,,,,13/12/2024 09:36,13/12/2024 10:40,1.066666667,Planned Corrective Maint.,Anchoring System,Closed,Aquatic Exposure,Removed,ABB_Offshore,DPR 2843 / ABB Report 307,2024-12 (Dec),P2 - Medium,ABB Report,December,2024
17/12/2024 10:59,WO-CBM_100393,ABB,CMB System for Planned Maint.,"ABB - Pre-berthing Checks
-Washing of Charlie and Delta Buoys",,16/12/2024,,16/12/2024 08:14,16/12/2024 09:38,1.4,Inspection,Mooring System,Closed,,,ABB_Offshore,DPR 2844,2024-12 (Dec),P1 - High,,December,2024
16/12/2024 17:01,WO-CBM_100392,ABB,CMB System for Planned Maint.,"ABB-Pre-berthing Checks
-Washed of Alpha and Bravo Buoy Body
- GVI & CVI on the cleaned chain of Charlie buoy",,13/12/2024,,13/12/2024 09:26,13/12/2024 11:13,1.783333333,Inspection,Mooring System,Closed,,,ABB_Offshore,DPR 2842,2024-12 (Dec),P1 - High,,December,2024
16/12/2024 13:36,WO-JET_100051,Oil-Jetty,Oil Jetty System for Planned Maintenance,Monthly Valve/Pressure Gauges Inspection,,,,19/12/2024 11:30,19/12/2024 12:00,0.5,Planned Maint.,Valve,Closed,,,Oil_Jetty,,2024-12 (Dec),P2 - Medium,,December,2024
16/12/2024 13:35,WO-JET_100052,Oil-Jetty,Oil Jetty System for Planned Maintenance,Monthly Sump and Sump Pipeline Inspection,,,,19/12/2024 08:00,19/12/2024 08:30,0.5,Planned Maint.,Piping,Closed,,,Oil_Jetty,,2024-12 (Dec),P2 - Medium,,December,2024
16/12/2024 13:33,WO-SPM-CBM_100067,ABB-SPM-CP-01,ABB & SPM Cathodic Protection System - Onshore,Monthly Cathodic protection potential measurement,,,,22/12/2024 00:00,22/12/2024 00:00,0,Planned Maint.,Cathodic Protection,Cancelled,,,ABB_SPM_Onshore,,2024-12 (Dec),P2 - Medium,,December,2024
16/12/2024 13:29,WO-SPM-CBM_100066,ABB/SPM_Onshore,Onshore ABB_SPM System for Planned Maintenance,Weekly Servitude Walk / Pipeline Inspection,,,,19/12/2024 09:30,19/12/2024 11:30,2,Planned Maint.,Piping,Closed,,,ABB_SPM_Onshore,,2024-12 (Dec),P2 - Medium,,December,2024
16/12/2024 13:28,WO-W_SHOP_100111,Genset-01,Generator- Megapower,Weekly Inspection,,,,16/12/2024 09:00,16/12/2024 09:30,0.5,Planned Maint.,Engine,Closed,,,W_Shop,,2024-12 (Dec),P2 - Medium,,December,2024
16/12/2024 13:24,WO-W_SHOP_100110,COMP-01,Air Compressor - KOTECH,Weekly Inspection,,,,16/12/2024 08:00,16/12/2024 08:30,0.5,Planned Maint.,Engine,Closed,,,W_Shop,,2024-12 (Dec),P2 - Medium,,December,2024
16/12/2024 13:21,WO-SPM_100427,SPM-AE-BY-02,CALM Buoy - CO760,SPM - Biannual PLEM & Seabed survey,,12/01/2025,,12/01/2025 00:00,12/01/2025 00:00,0,Planned Maint.,PLEM Piping and Structure,Cancelled,,,SPM_Offshore,,2025-01 (Jan),P2 - Medium,,January,2025
16/12/2024 13:19,WO-SPM_100426,SPM-AE-BY-02,CALM Buoy - CO760,SPM – Weekly Solar Panels GVI and cleaning,,,,22/12/2024 00:00,22/12/2024 00:00,0,Planned Maint.,NavAids & Power,Cancelled,,,SPM_Offshore,,2024-12 (Dec),P2 - Medium,,December,2024
16/12/2024 13:18,WO-SPM_100425,SPM-AE-BY-02,CALM Buoy - CO760,SPM – Weekly Main Bearing Greasing,,,,22/12/2024 00:00,22/12/2024 00:00,0,Planned Maint.,Lubrication System,Cancelled,,,SPM_Offshore,,2024-12 (Dec),P2 - Medium,,December,2024
16/12/2024 13:18,WO-SPM_100424,SPM-AE-BY-02,CALM Buoy - CO760,SPM – Weekly Central Pipe Swivel Greasing and GVI,,,,22/12/2024 00:00,22/12/2024 00:00,0,Planned Maint.,Swivel System,Cancelled,,,SPM_Offshore,,2024-12 (Dec),P2 - Medium,,December,2024
16/12/2024 13:16,WO-CBM_100397,ABB,CMB System for Planned Maint.,ABB - Monthly Bouy Location,,,,16/12/2024 08:14,16/12/2024 09:38,1.4,Planned Maint.,Buoy Body,Closed,,,ABB_Offshore,DPR 2844,2024-12 (Dec),P2 - Medium,,December,2024
16/12/2024 13:16,WO-SPM_100423,SPM-AE-BY-02,CALM Buoy - CO760,SPM – Weekly Buoy Freeboard/Draft GVI,,,,22/12/2024 00:00,22/12/2024 00:00,0,Planned Maint.,Buoy Body,Cancelled,,,SPM_Offshore,,2024-12 (Dec),P2 - Medium,,December,2024
16/12/2024 13:15,WO-CBM_100396,ABB,CMB System for Planned Maint., ABB - Weekly Bush Wear checks,,,,16/12/2024 08:14,16/12/2024 09:38,1.4,Planned Maint.,Buoy Body,Closed,,,ABB_Offshore,DPR 2844,2024-12 (Dec),P2 - Medium,,December,2024
16/12/2024 13:14,WO-CBM_100395,ABB,CMB System for Planned Maint.,ABB - Weekly Buoys Freeboard/Draft GVI,,,,16/12/2024 08:14,16/12/2024 09:38,1.4,Planned Maint.,Buoy Body,Closed,,,ABB_Offshore,DPR 2844,2024-12 (Dec),P2 - Medium,,December,2024
16/12/2024 13:13,WO-CBM_100394,ABB,CMB System for Planned Maint.,ABB - Weekly Buoy Hooks GVI & Lubrication,,,,16/12/2024 08:14,16/12/2024 09:38,1.4,Planned Maint.,Buoy Body,Closed,,,ABB_Offshore,DPR 2844,2024-12 (Dec),P2 - Medium,,December,2024
12/12/2024 14:23,WO-SPM_1000422,SPM-ME-CH-01,SPM Mooring Chain,GVI of SPM Mooring Chain#3 to the gravity base,,,,10/12/2024 12:09,10/12/2024 12:44,0.583333333,Planned Maint.,Anchoring System,Closed,,,SPM_Offshore,DPR 2840,2024-12 (Dec),P2 - Medium,,December,2024
12/12/2024 14:03,WO-SPM_200062,SPM-AE-BY-02,CALM Buoy - CO760,Replaced all main roller bearing grease nipples with new ones,,,,10/12/2024 10:45,10/12/2024 11:50,1.083333333,Planned Corrective Maint.,Buoy Body,Closed,Faulty,Replaced,SPM_Offshore,DPR 2840,2024-12 (Dec),P2 - Medium,,December,2024
12/12/2024 13:59,WO-SPM_200063,SPM-FT-HS-01,SPM Hose String Assembly (Floating/Submarine),Weekly Marine Growth Removal (MGR) on Subsea hose,,,,11/12/2024 10:22,11/12/2024 11:00,0.633333333,Planned Corrective Maint.,Submarine Hose,Closed,Aquatic Exposure,Removed,SPM_Offshore,DPR 2841,2024-12 (Dec),P2 - Medium,,December,2024
11/12/2024 14:54,WO-CBM_100388,ABB,CMB System for Planned Maint.,ABB - Pre-berthing checks,,09/12/2024,,09/12/2024 09:51,09/12/2024 11:00,1.15,Inspection,Mooring System,Closed,,,ABB_Offshore,DPR 2839,2024-12 (Dec),P1 - High,,December,2024
09/12/2024 10:00,WO-SPM_100421,SPM-AE-BY-02,CALM Buoy - CO760,"SPM - Bi-Weekly Turntable Rotation & Locking Pins, Guides and Brakes",,,,11/12/2024 11:05,11/12/2024 11:24,0.316666667,Planned Maint.,Buoy Body,Closed,,,SPM_Offshore,DPR 2841,2024-12 (Dec),P2 - Medium,,December,2024
09/12/2024 09:59,WO-SPM_100420,SPM-AE-BY-02,CALM Buoy - CO760,SPM - Monthly Soundings,,,,10/12/2024 10:45,10/12/2024 11:50,1.083333333,Planned Maint.,Buoy Body,Closed,,,SPM_Offshore,DPR 2840,2024-12 (Dec),P2 - Medium,,December,2024
09/12/2024 09:54,WO-SPM_100419,SPM-AE-BY-02,CALM Buoy - CO760,SPM – Weekly Solar Panels GVI and cleaning,,,,10/12/2024 10:45,10/12/2024 11:50,1.083333333,Planned Maint.,NavAids & Power,Closed,,,SPM_Offshore,DPR 2840,2024-12 (Dec),P2 - Medium,,December,2024
09/12/2024 09:53,WO-SPM_100418,SPM-AE-BY-02,CALM Buoy - CO760,SPM – Weekly Main Bearing Greasing,,,,10/12/2024 10:45,10/12/2024 11:50,1.083333333,Planned Maint.,Lubrication System,Closed,,,SPM_Offshore,DPR 2840,2024-12 (Dec),P2 - Medium,,December,2024
09/12/2024 09:51,WO-SPM_100417,SPM-AE-BY-02,CALM Buoy - CO760,SPM – Weekly Central Pipe Swivel Greasing and GVI,,,,10/12/2024 10:45,10/12/2024 11:50,1.083333333,Planned Maint.,Swivel System,Closed,,,SPM_Offshore,DPR 2840,2024-12 (Dec),P2 - Medium,,December,2024
09/12/2024 09:49,WO-SPM_100416,SPM-AE-BY-02,CALM Buoy - CO760,SPM – Weekly Buoy Freeboard/Draft GVI,,,,10/12/2024 10:45,10/12/2024 11:50,1.083333333,Planned Maint.,Buoy Body,Closed,,,SPM_Offshore,DPR 2840,2024-12 (Dec),P2 - Medium,,December,2024
09/12/2024 09:47,WO-CBM_100391,ABB,CMB System for Planned Maint.,ABB - Weekly Bush Wear checks,,,,09/12/2024 09:51,09/12/2024 11:00,1.15,Planned Maint.,Buoy Body,Closed,,,ABB_Offshore,DPR 2839,2024-12 (Dec),P2 - Medium,,December,2024
09/12/2024 09:46,WO-CBM_100390,ABB,CMB System for Planned Maint.,ABB - Weekly Buoys Freeboard/Draft GVI,,,,09/12/2024 09:51,09/12/2024 11:00,1.15,Planned Maint.,Buoy Body,Closed,,,ABB_Offshore,DPR 2839,2024-12 (Dec),P2 - Medium,,December,2024
09/12/2024 09:01,WO-CBM_100389,ABB,CMB System for Planned Maint.,ABB - Weekly Buoy Hooks GVI & Lubrication,,,,09/12/2024 09:51,09/12/2024 11:00,1.15,Planned Maint.,Buoy Body,Closed,,,ABB_Offshore,DPR 2839,2024-12 (Dec),P2 - Medium,,December,2024
09/12/2024 08:55,WO-W_SHOP_100109,GPMS-W-SHOP,GPMS Maintenance Workshop & Warehouse,"GVI of hoses, taps, racks, & hose-end covers",,,,12/12/2024 08:00,12/12/2024 11:00,3,Planned Maint.,Hose,Closed,,,W_Shop,,2024-12 (Dec),P2 - Medium,,December,2024
09/12/2024 08:53,WO-SPM-CBM_100065,ABB/SPM_Onshore,Onshore ABB_SPM System for Planned Maintenance,Weekly Servitude Walk,,,,10/12/2024 10:00,10/12/2024 11:14,1.233333333,Planned Maint.,Piping,Closed,,,ABB_SPM_Onshore,,2024-12 (Dec),P2 - Medium,,December,2024
09/12/2024 08:52,WO-W_SHOP_100108,COMP-01,Air Compressor - KOTECH,Weekly Inspection,,,,09/12/2024 08:00,09/12/2024 08:30,0.5,Planned Maint.,Engine,Closed,,,W_Shop,,2024-12 (Dec),P2 - Medium,,December,2024
09/12/2024 08:51,WO-W_SHOP_100107,Genset-01,Generator- Megapower,Weekly Inspection,,,,09/12/2024 09:00,09/12/2024 09:30,0.5,Planned Maint.,Engine,Closed,,,W_Shop,,2024-12 (Dec),P2 - Medium,,December,2024
08/12/2024 07:00,WO-SPM_200061,SPM-AE-BY-02,CALM Buoy - CO760,Marine Growth Removal (MGR) on Subsea hose/flanges,,,,08/12/2024 12:53,08/12/2024 13:19,0.433333333,Planned Corrective Maint.,Submarine Hose,Closed,Aquatic Exposure,Removed,SPM_Offshore,DPR 2838,2024-12 (Dec),P2 - Medium,,December,2024
06/12/2024 07:00,WO-CBM_100387,ABB,CMB System for Planned Maint.,ABB – Pre-Berthing checks,,06/12/2024,,06/12/2024 08:20,06/12/2024 09:20,1,Inspection,Mooring System,Closed,,,ABB_Offshore,DPR 2837,2024-12 (Dec),P1 - High,,December,2024
04/12/2024 07:00,WO-SPM_200060,SPM-AE-BY-02,CALM Buoy - CO760,Removal of fishing net from the East hose (Subsea) of the SPM.,,,,04/12/2024 10:09,04/12/2024 10:45,0.6,Planned Corrective Maint.,Submarine Hose,Closed,Marine Fouling / Foreign Object,Removed,SPM_Offshore,DPR 2835,2024-12 (Dec),P2 - Medium,,December,2024
03/12/2024 07:00,WO-CBM_100386,ABB,CMB System for Planned Maint.,ABB – Pre-Berthing checks,,02/12/2024,,02/12/2024 11:15,02/12/2024 12:30,1.25,Inspection,Mooring System,Closed,,,ABB_Offshore,DPR 2834,2024-12 (Dec),P1 - High,,December,2024
02/12/2024 17:06,WO-SPM-CBM_100064,ABB/SPM_Onshore,Onshore ABB_SPM System for Planned Maintenance,Weekly Servitude Walk / Pipeline Inspection,,,,05/12/2024 10:00,05/12/2024 12:00,2,Planned Maint.,Piping,Closed,,,ABB_SPM_Onshore,,2024-12 (Dec),P2 - Medium,,December,2024
02/12/2024 17:05,WO-W_SHOP_200045,GPMS-W-SHOP,GPMS Maintenance Workshop & Warehouse,Fabricate Scrapers for Divers,,,,03/12/2024 08:00,10/12/2024 14:00,174,Planned Maint.,Tools,Closed,,,W_Shop,,2024-12 (Dec),P2 - Medium,,December,2024
02/12/2024 17:04,WO-W_SHOP_100106,Genset-01,Generator- Megapower,Weekly Inspection,,,,02/12/2024 09:30,02/12/2024 10:00,0.5,Planned Maint.,Engine,Closed,,,W_Shop,,2024-12 (Dec),P2 - Medium,,December,2024
02/12/2024 17:03,WO-W_SHOP_100105,COMP-01,Air Compressor - KOTECH,Weekly Inspection,,,,02/12/2024 08:30,02/12/2024 09:00,0.5,Planned Maint.,Engine,Closed,,,W_Shop,,2024-12 (Dec),P2 - Medium,,December,2024
02/12/2024 13:32,WO-SPM_100415,SPM-AE-BY-02,CALM Buoy - CO760,"SPM - Monthly Inspection of Mooring Bridle/Bridle 
Platform, Hawser & other Acc. GVI",,,,08/12/2024 12:32,08/12/2024 13:40,1.133333333,Planned Maint.,Mooring System,Closed,,,SPM_Offshore,DPR 2838,2024-12 (Dec),P2 - Medium,,December,2024
02/12/2024 13:31,WO-SPM_100414,SPM-ME-CH-01,SPM Mooring Chain,SPM - Quarterly Chain Angles Measurement,,,,08/12/2024 00:00,08/12/2024 00:00,0,Planned Maint.,Anchoring System,Cancelled,,,SPM_Offshore,,2024-12 (Dec),P2 - Medium,,December,2024
02/12/2024 13:30,WO-SPM_100413,SPM-AE-BY-02,CALM Buoy - CO760,SPM – Weekly Solar Panels GVI and cleaning,,,,08/12/2024 12:32,08/12/2024 13:40,1.133333333,Planned Maint.,NavAids & Power,Closed,,,SPM_Offshore,DPR 2838,2024-12 (Dec),P2 - Medium,,December,2024
02/12/2024 13:29,WO-SPM_100412,SPM-AE-BY-02,CALM Buoy - CO760,SPM – Weekly Main Bearing Greasing,,,,08/12/2024 12:32,08/12/2024 13:40,1.133333333,Planned Maint.,Lubrication System,Closed,,,SPM_Offshore,DPR 2838,2024-12 (Dec),P2 - Medium,,December,2024
02/12/2024 13:27,WO-SPM_100411,SPM-AE-BY-02,CALM Buoy - CO760,SPM – Weekly Central Pipe Swivel Greasing and GVI,,,,08/12/2024 12:32,08/12/2024 13:40,1.133333333,Planned Maint.,Swivel System,Closed,,,SPM_Offshore,DPR 2838,2024-12 (Dec),P2 - Medium,,December,2024
02/12/2024 13:26,WO-SPM_100410,SPM-AE-BY-02,CALM Buoy - CO760,SPM – Weekly Buoy Freeboard/Draft GVI,,,,08/12/2024 12:32,08/12/2024 13:40,1.133333333,Planned Maint.,Buoy Body,Closed,,,SPM_Offshore,DPR 2838,2024-12 (Dec),P2 - Medium,,December,2024
02/12/2024 13:22,WO-CBM_100384,ABB,CMB System for Planned Maint.,"ABB - Monthly Mooring buoy Pins, Swivel & Touchdown area on Chain",,,,09/12/2024 10:04,09/12/2024 10:46,0.7,Planned Maint.,Buoy Body,Closed,,,ABB_Offshore,DPR 2839,2024-12 (Dec),P2 - Medium,,December,2024
02/12/2024 13:19,WO-CBM_100383,ABB,CMB System for Planned Maint.,ABB - Monthly Bouy Location,,,,03/12/2024 00:10,03/12/2024 00:30,0.333333333,Planned Maint.,Buoy Body,Closed,,,ABB_Offshore,DPR 2833,2024-12 (Dec),P2 - Medium,,December,2024
02/12/2024 13:18,WO-CBM_100382,ABB,CMB System for Planned Maint.,ABB - Weekly Bush Wear checks,,,,03/12/2024 11:15,03/12/2024 12:20,1.083333333,Planned Maint.,Buoy Body,Closed,,,ABB_Offshore,DPR 2833,2024-12 (Dec),P2 - Medium,,December,2024
02/12/2024 13:17,WO-CBM_100381,ABB,CMB System for Planned Maint.,ABB - Weekly Buoys Freeboard/Draft GVI,,,,03/12/2024 11:15,03/12/2024 12:00,0.75,Planned Maint.,Buoy Body,Closed,,,ABB_Offshore,DPR 2833,2024-12 (Dec),P2 - Medium,,December,2024
02/12/2024 13:16,WO-CBM_100380,ABB,CMB System for Planned Maint.,ABB - Weekly Buoy Hooks GVI & Lubrication,,,,03/12/2024 11:15,03/12/2024 12:20,1.083333333,Planned Maint.,Buoy Body,Closed,,,ABB_Offshore,DPR 2833,2024-12 (Dec),P2 - Medium,,December,2024
02/12/2024 07:00,WO-CBM_200068,ABB-ME-BY-04,ABB Charlie Buoy,"MGR on ABB04 (Charlie) buoy body sides, flat bottom, linkages, LKP and mooring chain to 5m of the buoy.",,,,02/12/2024 11:30,02/12/2024 12:24,0.9,Planned Corrective Maint.,Buoy Body,Closed,Aquatic Exposure,Removed,ABB_Offshore,DPR 2833,2024-12 (Dec),P2 - Medium,,December,2024
02/12/2024 07:00,WO-CBM_100385,ABB,CMB System for Planned Maint.,ABB – Pre-Berthing checks,,02/12/2024,,02/12/2024 11:15,02/12/2024 12:30,1.25,Inspection,Mooring System,Closed,,,ABB_Offshore,DPR 2831,2024-12 (Dec),P1 - High,,December,2024
29/11/2024 16:58,WO-W_SHOP_200043,GPMS-W-SHOP,GPMS Maintenance Workshop & Warehouse,Fabrication of three steel pipes for mounting flag poles,27/11/2024,,,27/11/2024 10:30,28/11/2024 11:00,24.5,Planned Improvement,Others,Closed,,Fabricate,W_Shop,,2024-11 (Nov),P3 - Low,,November,2024
29/11/2024 07:00,WO-CBM_100379,ABB,CMB System for Planned Maint.,ABB – Pre-Berthing checks,,29/11/2024,,29/11/2024 08:16,29/11/2024 09:12,0.933333333,Inspection,Mooring System,Closed,,,ABB_Offshore,DPR 2831,2024-11 (Nov),P1 - High,,November,2024
28/11/2024 09:37,WO-SPM_200059,SPM-AE-BY-01,CALM Buoy - SO17190,SPM1 Center Well Fabric Maintenance & UT,27/08/2024,,,29/11/2024 10:00,06/12/2024 10:00,168,Planned Corrective Maint.,Buoy Body,Closed,Corrosion,Coated,SPM_Offshore,,2024-12 (Dec),P2 - Medium,,November,2024
28/11/2024 07:00,WO-CBM_100378,ABB-ME-BY-05,ABB Alpha Buoy,Alpha Buoy chain to gravity base GVI,,,,28/11/2024 11:41,28/11/2024 12:19,0.633333333,Planned Maint.,Anchoring System,Closed,,,ABB_Offshore,DPR 2830,2024-11 (Nov),P2 - Medium,,November,2024
28/11/2024 07:00,WO-CBM_200067,ABB-ME-BY-03,ABB Delta Buoy,"MGR on ABB03 (Delta) buoy body sides, flat bottom, linkages and LKP.",,,,29/11/2024 08:08,29/11/2024 09:12,1.066666667,Planned Corrective Maint.,Buoy Body,Closed,Aquatic Exposure,Removed,ABB_Offshore,DPR 2831,2024-11 (Nov),P2 - Medium,,November,2024
26/11/2024 07:00,WO-CBM_200066,ABB-ME-BY-05,ABB Alpha Buoy,"MGR on ABB05 (Alpha) buoy body, flat bottom, anodes cleaning and LKP.",,,,26/11/2024 08:33,26/11/2024 09:22,0.816666667,Planned Corrective Maint.,Buoy Body,Closed,Aquatic Exposure,Removed,ABB_Offshore,DPR 2827,2024-11 (Nov),P2 - Medium,,November,2024
26/11/2024 07:00,WO-CBM_100377,ABB,CMB System for Planned Maint.,ABB – Pre-Berthing checks,,26/11/2024,,26/11/2024 08:30,26/11/2024 09:45,1.25,Inspection,Mooring System,Closed,,,ABB_Offshore,DPR 2829,2024-11 (Nov),P1 - High,,November,2024
25/11/2024 13:46,WO-SPM_100409,SPM-AE-BY-02,CALM Buoy - CO760,SPM - Navigation Aids,,,,28/11/2024 11:00,28/11/2024 11:28,0.466666667,Planned Maint.,NavAids & Power,Closed,,,SPM_Offshore,DPR 2830,2024-11 (Nov),P2 - Medium,,November,2024
25/11/2024 13:44,WO-SPM_100408,SPM-AE-BY-02,CALM Buoy - CO760,SPM – Monthly External Leakage GVI,,,,28/11/2024 11:00,28/11/2024 11:28,0.466666667,Planned Maint.,Piping,Closed,,,SPM_Offshore,DPR 2830,2024-11 (Nov),P2 - Medium,,November,2024
25/11/2024 13:42,WO-SPM_100407,SPM-AE-BY-02,CALM Buoy - CO760,SPM – Monthly PLEM Valves operation,,,,28/11/2024 10:00,28/11/2024 10:30,0.5,Planned Maint.,Valve,Closed,,,SPM_Offshore,DPR 2830,2024-11 (Nov),P2 - Medium,,November,2024
25/11/2024 13:41,WO-SPM_100406,SPM-FT-BY-02,CALM Buoy - CO760 Cargo transfer System,SPM – Monthly Expansion Joint GVI,,,,28/11/2024 11:00,28/11/2024 11:28,0.466666667,Planned Maint.,Piping Support,Closed,,,SPM_Offshore,DPR 2830,2024-11 (Nov),P2 - Medium,,November,2024
25/11/2024 13:39,WO-SPM_100405,SPM-AE-BY-02,CALM Buoy - CO760,SPM – Monthly Top Side Valve Operations,,,,28/11/2024 11:00,28/11/2024 11:28,0.466666667,Planned Maint.,Valve,Closed,,,SPM_Offshore,DPR 2830,2024-11 (Nov),P2 - Medium,,November,2024
25/11/2024 13:38,WO-SPM_100404,SPM-FT-BY-02,CALM Buoy - CO760 Cargo transfer System,SPM – Monthly Fluid Swivel GVI,,,,28/11/2024 11:00,28/11/2024 11:28,0.466666667,Planned Maint.,Swivel System,Closed,,,SPM_Offshore,DPR 2830,2024-11 (Nov),P2 - Medium,,November,2024
25/11/2024 13:37,WO-SPM_100403,SPM-FT-BY-02,CALM Buoy - CO760 Cargo transfer System,SPM – Monthly Torque Arm GVI,,,,28/11/2024 11:00,28/11/2024 11:28,0.466666667,Planned Maint.,Swivel System,Closed,,,SPM_Offshore,DPR 2830,2024-11 (Nov),P2 - Medium,,November,2024
25/11/2024 13:35,WO-SPM_100402,SPM-AE-BY-02,CALM Buoy - CO760,"SPM - Biannual Sheaves, Door Hinges GVI - not on SPM2",,,,26/11/2024 06:00,26/11/2024 06:00,0,Planned Maint.,Buoy Body,Cancelled,,,SPM_Offshore,,2024-11 (Nov),P2 - Medium,,November,2024
25/11/2024 13:34,WO-SPM_100400,SPM-FT-HS-01,SPM Hose String Assembly (Floating/Submarine),"SPM - Monthly GVI of Floating Hoses & Underwater 
Hoses (Chinese Lantern)",,,,28/11/2024 10:00,28/11/2024 10:30,0.5,Planned Maint.,Submarine Hose,Closed,,,SPM_Offshore,DPR 2830,2024-11 (Nov),P2 - Medium,,November,2024
25/11/2024 13:34,WO-SPM_100401,SPM-AE-BY-02,CALM Buoy - CO760,"SPM - Bi-Weekly Turntable Rotation & Locking Pins, Guides and Brakes",,,,28/11/2024 10:40,28/11/2024 11:06,0.433333333,Planned Maint.,Buoy Body,Closed,,,SPM_Offshore,DPR 2830,2024-11 (Nov),P2 - Medium,,November,2024
25/11/2024 13:33,WO-SPM_100399,SPM-AE-BY-02,CALM Buoy - CO760,SPM – Weekly Solar Panels GVI and cleaning,,,,28/11/2024 11:00,28/11/2024 11:28,0.466666667,Planned Maint.,NavAids & Power,Closed,,,SPM_Offshore,DPR 2830,2024-11 (Nov),P2 - Medium,,November,2024
25/11/2024 13:32,WO-SPM_100398,SPM-AE-BY-02,CALM Buoy - CO760,SPM – Weekly Main Bearing Greasing,,,,28/11/2024 11:00,28/11/2024 11:28,0.466666667,Planned Maint.,Lubrication System,Closed,,,SPM_Offshore,DPR 2830,2024-11 (Nov),P2 - Medium,,November,2024
25/11/2024 13:31,WO-SPM_100397,SPM-AE-BY-02,CALM Buoy - CO760,SPM – Weekly Central Pipe Swivel Greasing and GVI,,,,28/11/2024 11:00,28/11/2024 11:28,0.466666667,Planned Maint.,Swivel System,Closed,,,SPM_Offshore,DPR 2830,2024-11 (Nov),P2 - Medium,,November,2024
25/11/2024 13:30,WO-SPM_100396,SPM-AE-BY-02,CALM Buoy - CO760,SPM – Weekly Buoy Freeboard/Draft GVI,,,,28/11/2024 11:00,28/11/2024 11:28,0.466666667,Planned Maint.,Buoy Body,Closed,,,SPM_Offshore,DPR 2830,2024-11 (Nov),P2 - Medium,,November,2024
25/11/2024 13:26,WO-CBM_100375,ABB,CMB System for Planned Maint.,"ABB - Monthly Hose Pick Up Equipment & End Fittings 
GVI",,,,03/12/2024 06:00,03/12/2024 06:00,0,Planned Maint.,Hoisting & Lifting,Cancelled,,,ABB_Offshore,,2024-12 (Dec),P2 - Medium,,December,2024
25/11/2024 13:25,WO-CBM_100374,ABB,CMB System for Planned Maint.,ABB – Monthly PLEM Valve operation,,,,26/11/2024 07:50,26/11/2024 07:55,0.083333333,Planned Maint.,Valve,Closed,,,ABB_Offshore,DPR 2829,2024-11 (Nov),P2 - Medium,,November,2024
25/11/2024 13:24,WO-CBM_100373,ABB-FT-HS-01,ABB Submarine Hose Assembly,ABB – Monthly Subsea Hoses,,,,26/11/2024 07:36,26/11/2024 07:55,0.316666667,Planned Maint.,Submarine Hose,Closed,,,ABB_Offshore,DPR 2829 / 2831,2024-11 (Nov),P2 - Medium,,November,2024
25/11/2024 13:23,WO-CBM_100372,ABB-FT-HS-01,ABB Submarine Hose Assembly,ABB – Monthly GVI above water Hoses,,,,26/11/2024 00:06,26/11/2024 00:12,0.1,Planned Maint.,Floating Hose,Closed,,,ABB_Offshore,DPR 2829,2024-11 (Nov),P2 - Medium,,November,2024
25/11/2024 13:22,WO-CBM_100371,ABB,CMB System for Planned Maint.,ABB - Weekly Bush Wear checks,,,,26/11/2024 08:35,26/11/2024 09:45,1.166666667,Planned Maint.,Buoy Body,Closed,,,ABB_Offshore,DPR 2829,2024-11 (Nov),P2 - Medium,,November,2024
25/11/2024 13:21,WO-CBM_100370,ABB,CMB System for Planned Maint.,ABB - Weekly Buoys Freeboard/Draft GVI,,,,26/11/2024 08:30,26/11/2024 08:35,0.083333333,Planned Maint.,Buoy Body,Closed,,,ABB_Offshore,DPR 2829,2024-11 (Nov),P2 - Medium,,November,2024
25/11/2024 13:21,WO-CBM_100369,ABB,CMB System for Planned Maint.,ABB - Weekly Buoy Hooks GVI & Lubrication,,,,26/11/2024 08:35,26/11/2024 09:45,1.166666667,Planned Maint.,Buoy Body,Closed,,,ABB_Offshore,DPR 2829,2024-11 (Nov),P2 - Medium,,November,2024
25/11/2024 13:10,WO-JET_200049,JET-10-PL-WHT-200,"10"" Products Pipeline",10-inch Pipeline Sectional Change Out - VALCO Wharf Area,,,,06/12/2024 08:30,20/12/2024 18:00,345.5,Projects,Piping,Closed,Corrosion,Replaced,Oil_Jetty,,2024-12 (Dec),P2 - Medium,,December,2024
25/11/2024 13:07,WO-SPM-CBM_100063,ABB/SPM_Onshore,Onshore ABB_SPM System for Planned Maintenance,Weekly Servitude Walk,,,,26/11/2024 09:30,26/11/2024 11:00,1.5,Planned Maint.,Piping,Closed,,,ABB_SPM_Onshore,,2024-11 (Nov),P2 - Medium,,November,2024
25/11/2024 13:06,WO-W_SHOP_100104,COMP-01,Air Compressor - KOTECH,Weekly Inspection,,,,25/11/2024 08:00,25/11/2024 08:30,0.5,Planned Maint.,Engine,Closed,,,W_Shop,,2024-11 (Nov),P2 - Medium,,November,2024
25/11/2024 13:02,WO-W_SHOP_100103,Genset-01,Generator- Megapower,Weekly Inspection,,,,25/11/2024 08:30,25/11/2024 09:00,0.5,Planned Maint.,Engine,Closed,,,W_Shop,,2024-11 (Nov),P2 - Medium,,November,2024
25/11/2024 07:00,WO-CBM_100376,ABB,CMB System for Planned Maint.,"ABB - Yearly Anchor Chains Wear Measurement - recheck by GPMS Divers team. wear measurement at the touchdown positions of the buoys (D,C,B,A) - video report 

Chain wear measurement at touchdown of Alpha buoy mooring chain (04/12/2024 - DPR 2835)",,,,25/11/2024 10:34,25/11/2024 11:00,0.433333333,Planned Maint.,Anchoring System,Closed,,,ABB_Offshore,DPR 2828,2024-11 (Nov),P3 - Low,,November,2024
23/11/2024 07:00,WO-CBM_200065,ABB-ME-BY-05,ABB Alpha Buoy,Change out ABB05 (Alpha) worn out UKP Bushes.,,,,23/11/2024 07:45,23/11/2024 08:00,0.25,Planned Corrective Maint.,Buoy Body,Closed,Worn,Replaced,ABB_Offshore,DPR 2827 / ABB Report 306,2024-11 (Nov),P1 - High,ABB Report,November,2024
23/11/2024 07:00,WO-CBM_200064,ABB-ME-BY-02,ABB  Bravo Buoy,"MGR on ABB02 (Bravo) buoy body, flat bottom, anodes cleaning and LKP.",,,,23/11/2024 07:37,23/11/2024 08:33,0.933333333,Planned Corrective Maint.,Buoy Body,Closed,Aquatic Exposure,Removed,ABB_Offshore,DPR 2827,2024-11 (Nov),P2 - Medium,,November,2024
23/11/2024 07:00,WO-CBM_100368,ABB,CMB System for Planned Maint.,ABB – Pre-Berthing checks,,23/11/2024,,23/11/2024 07:41,23/11/2024 08:31,0.833333333,Inspection,Mooring System,Closed,,,ABB_Offshore,DPR 2827,2024-11 (Nov),P1 - High,,November,2024
21/11/2024 08:00,WO-SPM_200058,MATHEEW BUOY,Buoy for SW10/Atlantis,Searched and found missing Matthew Buoy anchor and chain.,,,,21/11/2024 13:16,21/11/2024 13:31,0.25,Planned Corrective Maint.,Anchoring System,Closed,Adverse Weather,Recovered,ABB_Offshore,DPR 2825,2024-11 (Nov),P2 - Medium,,November,2024
20/11/2024 12:00,WO-CBM_200062,ABB-ME-BY-03,ABB Delta Buoy,Change out ABB03 (Delta) worn out UKP Bushes.,,,,20/11/2024 07:50,20/11/2024 08:15,0.416666667,Planned Corrective Maint.,Buoy Body,Closed,Worn,Replaced,ABB_Offshore,DPR 2823 / ABB Report 305,2024-11 (Nov),P1 - High,ABB Report,November,2024
20/11/2024 08:00,WO-CBM_100367,ABB,CMB System for Planned Maint.,ABB – Pre-Berthing checks,,20/11/2024,,20/11/2024 07:42,20/11/2024 08:38,0.933333333,Inspection,Mooring System,Closed,,,ABB_Offshore,DPR 2823,2024-11 (Nov),P1 - High,,November,2024
18/11/2024 17:28,WO-SPM-CBM_100062,ABB/SPM_Onshore,Onshore ABB_SPM System for Planned Maintenance,Monthly Cathodic protection potential measurement,,,,21/11/2024 10:30,21/11/2024 12:30,2,Planned Maint.,Cathodic Protection,Closed,,,ABB_SPM_Onshore,,2024-11 (Nov),P2 - Medium,,November,2024
18/11/2024 17:06,WO-W_SHOP_200040,GPMS-W-SHOP,GPMS Maintenance Workshop & Warehouse,Modification of diver's storeroom door - fabricate hangers for storing umbilical cables.,,,,18/11/2024 09:00,21/11/2024 15:30,78.5,Planned Corrective Maint.,Others,Closed,,,W_Shop,,2024-11 (Nov),P2 - Medium,,November,2024
18/11/2024 17:03,WO-SPM-CBM_100061,ABB/SPM_Onshore,Onshore ABB_SPM System for Planned Maintenance,Weekly Servitude Walk / Pipeline Inspection,,,,21/11/2024 10:30,21/11/2024 12:30,2,Planned Maint.,Piping,Closed,,,ABB_SPM_Onshore,,2024-11 (Nov),P2 - Medium,,November,2024
18/11/2024 16:58,WO_W_SHOP_100102,COMP-01,Air Compressor - KOTECH,Weekly Inspection,,,,18/11/2024 08:00,18/11/2024 08:30,0.5,Planned Maint.,Engine,Closed,,,W_Shop,,2024-11 (Nov),P2 - Medium,,November,2024
18/11/2024 16:57,WO_W_SHOP_100101,Genset-01,Generator- Megapower,Weekly Inspection,,,,22/11/2024 08:00,22/11/2024 08:30,0.5,Planned Maint.,Engine,Closed,,,W_Shop,,2024-11 (Nov),P2 - Medium,,November,2024
18/11/2024 16:52,WO-CBM_100366,ABB,CMB System for Planned Maint.,ABB - Weekly Bush Wear checks,,,,17/11/2024 09:26,17/11/2024 09:40,0.233333333,Planned Maint.,Buoy Body,Closed,,,ABB_Offshore,DPR 2821,2024-11 (Nov),P2 - Medium,,November,2024
18/11/2024 16:50,WO-CBM_100365,ABB,CMB System for Planned Maint.,ABB - Weekly Buoys Freeboard/Draft GVI,,,,17/11/2024 09:40,17/11/2024 10:00,0.333333333,Planned Maint.,Buoy Body,Closed,,,ABB_Offshore,DPR 2821,2024-11 (Nov),P2 - Medium,,November,2024
18/11/2024 16:50,WO-CBM_100364,ABB,CMB System for Planned Maint.,ABB - Weekly Buoy Hooks GVI & Lubrication,,,,17/11/2024 10:00,17/11/2024 10:15,0.25,Planned Maint.,Buoy Body,Closed,,,ABB_Offshore,DPR 2821,2024-11 (Nov),P2 - Medium,,November,2024
18/11/2024 16:48,WO-SPM_100395,SPM-AE-BY-02,CALM Buoy - CO760,SPM - Monthly Soundings,,,,22/11/2024 10:42,22/11/2024 11:30,0.8,Planned Maint.,Buoy Body,Closed,,,SPM_Offshore,DPR 2826,2024-11 (Nov),P2 - Medium,,November,2024
18/11/2024 16:47,WO-SPM_100394,SPM-AE-BY-02,CALM Buoy - CO760,"SPM - Bi-Annually Subsea Hose Flanges GVI and 
Cleaning",,,,22/11/2024 10:50,22/11/2024 11:55,1.083333333,Planned Maint.,Hose,Closed,,,SPM_Offshore,DPR 2826,2024-11 (Nov),P2 - Medium,,November,2024
18/11/2024 16:44,WO-SPM_100392,SPM-AE-BY-02,CALM Buoy - CO760,SPM – Weekly Solar Panels GVI and cleaning,,,,22/11/2024 12:10,22/11/2024 12:20,0.166666667,Planned Maint.,NavAids & Power,Closed,,,SPM_Offshore,DPR 2826,2024-11 (Nov),P2 - Medium,,November,2024
18/11/2024 16:43,WO-SPM_100391,SPM-AE-BY-02,CALM Buoy - CO760,SPM – Weekly Main Bearing Greasing,,,,22/11/2024 11:30,22/11/2024 12:20,0.833333333,Planned Maint.,Lubrication System,Closed,,,SPM_Offshore,DPR 2826,2024-11 (Nov),P2 - Medium,,November,2024
18/11/2024 16:42,WO-SPM_100390,SPM-AE-BY-02,CALM Buoy - CO760,SPM – Weekly Central Pipe Swivel Greasing and GVI,,,,22/11/2024 10:45,22/11/2024 11:30,0.75,Planned Maint.,Swivel System,Closed,,,SPM_Offshore,DPR 2826,2024-11 (Nov),P2 - Medium,,November,2024
18/11/2024 16:41,WO-SPM_100389,SPM-AE-BY-02,CALM Buoy - CO760,SPM – Weekly Buoy Freeboard/Draft GVI,,,,22/11/2024 10:42,22/11/2024 10:45,0.05,Planned Maint.,Buoy Body,Closed,,,SPM_Offshore,DPR 2826,2024-11 (Nov),P2 - Medium,,November,2024
18/11/2024 16:04,WO-SPM_100393,SPM-ME-CH-01,SPM Mooring Chain,"SPM – Weekly Marine Growth Removal - MGR on mooring chain #6, a number of pad eyes and section of the flat bottom of the buoy. MGR on Flat bottom of SPM and the sides. MGR on Center Well",,,,19/11/2024 10:10,25/11/2024 12:45,146.5833333,Planned Corrective Maint.,Buoy Body,Closed,Aquatic Exposure,Removed,SPM_Offshore,DPR 2823/2825/2826/2828,2024-11 (Nov),P2 - Medium,,November,2024
18/11/2024 11:00,WO-CBM_200061,ABB,CMB System for Planned Maint.,"Missing Cecil Buoy due to adverse weather condition.
Installation of new Cecil Buoy",,,,16/11/2024 10:17,16/11/2024 11:05,0.8,Planned Corrective Maint.,Mooring System,Closed,Adverse Weather,Replaced,ABB_Offshore,DPR 2820,2024-11 (Nov),P2 - Medium,,November,2024
18/11/2024 09:00,WO-CBM_200060,ABB-ME-BY-04,ABB Charlie Buoy,Adverse weather conditions caused the Charlie buoy ropes to snap. Re-berthing of Charlie buoy ropes was carried out. The buoy line was connected to the pick-up wire of the hose string. A temporary buoy line was fixed to the Stinger box to replace the missing Cecil buoy. Removed the fouled Matthew mooring rope from the propeller of Atlantis.,,,,15/11/2024 09:14,15/11/2024 12:00,2.766666667,Unplanned Corrective Maint.,Mooring System,Closed,Adverse Weather,Replaced,ABB_Offshore,DPR 2819,2024-11 (Nov),P1 - High,,November,2024
18/11/2024 06:42,WO-JET_200048,JET-10-PL-WHT-200,"10"" Products Pipeline","Leakage observed on the 10"" pipeline underneath the VALCO conveyor belt. Continuous drippage of up to 2/3 drops a second at the 6 O'clock position. 
Clamped leak point.",15/11/2024,,,15/11/2024 09:30,15/11/2024 10:05,0.583333333,Unplanned Corrective Maint.,Piping,Closed,Leak,Clamped,Oil_Jetty,,2024-11 (Nov),P1 - High,,November,2024
17/11/2024 08:00,WO-CBM_100363,ABB,CMB System for Planned Maint.,ABB – Pre-Berthing checks,,17/11/2024,,17/11/2024 09:26,17/11/2024 10:15,0.816666667,Inspection,Mooring System,Closed,,,ABB_Offshore,DPR 2821,2024-11 (Nov),P1 - High,,November,2024
14/11/2024 08:00,WO-CBM_100362,ABB,CMB System for Planned Maint.,ABB – Pre-Berthing checks - MGR on Alpha Buoy sides - cleaned 100%,,14/11/2024,,14/11/2024 09:35,14/11/2024 10:36,1.016666667,Inspection,Mooring System,Closed,,,ABB_Offshore,DPR 2818,2024-11 (Nov),P1 - High,,November,2024
11/11/2024 16:54,WO-W_SHOP_100101,GPMS-W-SHOP,GPMS Maintenance Workshop & Warehouse,Warehouse Inventory Stock Count,,26/11/2024,,12/11/2024 13:00,26/11/2024 10:00,333,Inspection,Others,Closed,,,W_Shop,,2024-11 (Nov),P3 - Low,,November,2024
11/11/2024 16:49,WO-W_SHOP_100100,GPMS-W-SHOP,GPMS Maintenance Workshop & Warehouse,Setting up a Storage Area for Jetty Pipes - Fabricate storage rack,,,,12/11/2024 10:30,16/11/2024 17:00,102.5,Planned Maint.,Civil Works,Closed,,,W_Shop,,2024-11 (Nov),P2 - Medium,,November,2024
11/11/2024 16:43,WO-JET_100050,Oil-Jetty,Oil Jetty System for Planned Maintenance,Monthly Sump and Sump Pipeline Inspection,,,,22/11/2024 11:30,22/11/2024 12:00,0.5,Planned Maint.,Piping,Closed,,,Oil_Jetty,,2024-11 (Nov),P2 - Medium,,November,2024
11/11/2024 16:42,WO-JET_100049,Oil-Jetty,Oil Jetty System for Planned Maintenance,Quarterly Valves GVI and Lubrication,,,,29/11/2024 10:00,29/11/2024 12:00,2,Planned Maint.,Valve,Closed,,,Oil_Jetty,,2024-11 (Nov),P2 - Medium,,November,2024
11/11/2024 16:40,WO-JET_100048,Oil-Jetty,Oil Jetty System for Planned Maintenance,Monthly Valve/Pressure Gauges Inspection,,,,22/11/2024 11:30,22/11/2024 12:00,0.5,Planned Maint.,Valve,Closed,,,Oil_Jetty,,2024-11 (Nov),P2 - Medium,,November,2024
11/11/2024 16:35,WO-SPM-CBM_100060,ABB/SPM_Onshore,Onshore ABB_SPM System for Planned Maintenance,Weekly Servitude Walk / Pipeline Inspection,,,,17/11/2024 06:00,17/11/2024 06:00,0,Planned Maint.,Piping,Cancelled,,,ABB_SPM_Onshore,,2024-11 (Nov),P2 - Medium,,November,2024
11/11/2024 16:24,WO-W_SHOP_200042,ABB-ME-BY-01,ABB Spare Buoy,Re-install ABB01 Modified Hatch Covers - Inspect and clean compartments,,,,19/11/2024 09:00,19/11/2024 11:00,2,Planned Corrective Maint.,Buoy Body,Closed,,Serviced,W_Shop,,2024-11 (Nov),P2 - Medium,,November,2024
11/11/2024 16:16,WO-W_SHOP_100099,COMP-01,Air Compressor - KOTECH,Weekly Inspection,,,,11/11/2024 10:00,11/11/2024 10:30,0.5,Planned Maint.,Engine,Closed,,,W_Shop,,2024-11 (Nov),P2 - Medium,,November,2024
11/11/2024 16:11,WO-W_SHOP_100098,Genset-01,Generator- Megapower,Weekly Inspection,,,,11/11/2024 09:00,11/11/2024 09:30,0.5,Planned Maint.,Engine,Closed,,,W_Shop,,2024-11 (Nov),P2 - Medium,,November,2024
11/11/2024 16:05,WO-SPM_100388,SPM-AE-BY-02,CALM Buoy - CO760,"SPM - Bi-Weekly Turntable Rotation & Locking Pins, Guides and Brakes",,,,13/11/2024 12:01,13/11/2024 12:25,0.4,Planned Maint.,Buoy Body,Closed,,,SPM_Offshore,DPR 2817,2024-11 (Nov),P2 - Medium,,November,2024
11/11/2024 16:04,WO-SPM_100387,SPM-ME-CH-01,SPM Mooring Chain,"SPM – Weekly Marine Growth Removal (MGR) - Cleaned the tails, chain stopper and rigging point of mooring chain #2, #3, #4 and #6  to 5meters.",,,,12/11/2024 11:11,13/11/2024 11:41,24.5,Planned Corrective Maint.,Buoy Body,Closed,Aquatic Exposure,Removed,SPM_Offshore,DPR 2816/2817,2024-11 (Nov),P2 - Medium,,November,2024
11/11/2024 16:03,WO-SPM_100386,SPM-AE-BY-02,CALM Buoy - CO760,SPM – Weekly Solar Panels GVI and cleaning,,,,12/11/2024 09:55,12/11/2024 10:49,0.9,Planned Maint.,NavAids & Power,Closed,,,SPM_Offshore,DPR 2816,2024-11 (Nov),P2 - Medium,,November,2024
11/11/2024 16:02,WO-SPM_100385,SPM-AE-BY-02,CALM Buoy - CO760,SPM – Weekly Main Bearing Greasing,,,,12/11/2024 09:55,12/11/2024 10:49,0.9,Planned Maint.,Lubrication System,Closed,,,SPM_Offshore,DPR 2816,2024-11 (Nov),P2 - Medium,,November,2024
11/11/2024 16:01,WO-SPM_100384,SPM-AE-BY-02,CALM Buoy - CO760,SPM – Weekly Central Pipe Swivel Greasing and GVI,,,,12/11/2024 09:55,12/11/2024 10:49,0.9,Planned Maint.,Swivel System,Closed,,,SPM_Offshore,DPR 2816,2024-11 (Nov),P2 - Medium,,November,2024
11/11/2024 16:01,WO-SPM_100383,SPM-AE-BY-02,CALM Buoy - CO760,SPM – Weekly Buoy Freeboard/Draft GVI,,,,12/11/2024 09:55,12/11/2024 10:49,0.9,Planned Maint.,Buoy Body,Closed,,,SPM_Offshore,DPR 2816,2024-11 (Nov),P2 - Medium,,November,2024
11/11/2024 15:59,WO-CBM_100361,ABB,CMB System for Planned Maint.,ABB - Monthly Bouy Location,,,,11/11/2024 08:45,11/11/2024 08:55,0.166666667,Planned Maint.,Buoy Body,Closed,,,ABB_Offshore,DPR 2815,2024-11 (Nov),P2 - Medium,,November,2024
11/11/2024 15:58,WO-CBM_100359,ABB,CMB System for Planned Maint.,ABB - Weekly Buoys Freeboard/Draft GVI,,,,11/11/2024 08:55,11/11/2024 09:00,0.083333333,Planned Maint.,Buoy Body,Closed,,,ABB_Offshore,DPR 2815,2024-11 (Nov),P2 - Medium,,November,2024
11/11/2024 15:58,WO-CBM_100360,ABB,CMB System for Planned Maint.,ABB - Weekly Bush Wear checks,,,,11/11/2024 09:00,11/11/2024 09:24,0.4,Planned Maint.,Buoy Body,Closed,,,ABB_Offshore,DPR 2815,2024-11 (Nov),P2 - Medium,,November,2024
11/11/2024 15:56,WO-CBM_100358,ABB,CMB System for Planned Maint.,ABB - Weekly Buoy Hooks GVI & Lubrication,,,,11/11/2024 08:45,11/11/2024 08:55,0.166666667,Planned Maint.,Buoy Body,Closed,,,ABB_Offshore,DPR 2815,2024-11 (Nov),P2 - Medium,,November,2024
11/11/2024 14:14,WO-W_SHOP_200039,GPMS-W-SHOP,GPMS Maintenance Workshop & Warehouse,Recoating of tanker toolbox #1,,,,11/11/2024 09:00,25/11/2024 11:30,338.5,Planned Corrective Maint.,Tools,Closed,,,W_Shop,,2024-11 (Nov),P3 - Low,,November,2024
11/11/2024 08:00,WO-CBM_100357,ABB,CMB System for Planned Maint.,ABB – Pre-Berthing checks,,11/11/2024,,11/11/2024 08:45,11/11/2024 09:24,0.65,Inspection,Mooring System,Closed,,,ABB_Offshore,DPR 2815,2024-11 (Nov),P1 - High,,November,2024
08/11/2024 08:00,WO-CBM_100356,ABB,CMB System for Planned Maint.,ABB – Pre-Berthing checks,,08/11/2024,,08/11/2024 08:55,08/11/2024 09:42,0.783333333,Inspection,Mooring System,Closed,,,ABB_Offshore,DPR 2814,2024-11 (Nov),P1 - High,,November,2024
07/11/2024 14:06,WO-CBM_100354,ABB,CMB System for Planned Maint.,Atlantis Hull Inspection - Removed the fouled Matthew mooring rope and fishing nets from the propeller of Atlantis.,,,,15/11/2024 11:25,15/11/2024 12:00,0.583333333,Planned Maint.,Others,Closed,,,ABB_Offshore,DPR 2819,2024-11 (Nov),P2 - Medium,,November,2024
07/11/2024 13:57,WO-CBM_100353,ABB,CMB System for Planned Maint.,ABB - Biannual Buoy Fenders GVI,,,,05/11/2024 09:34,05/11/2024 09:55,0.35,Planned Maint.,Buoy Body,Closed,,,ABB_Offshore,DPR 2811,2024-11 (Nov),P2 - Medium,,November,2024
07/11/2024 13:55,WO-CBM_100352,ABB,CMB System for Planned Maint.,ABB - Monthly Buoy Body GVI and Cleaning,,,,05/11/2024 09:34,05/11/2024 09:55,0.35,Planned Maint.,Buoy Body,Closed,,,ABB_Offshore,DPR 2811,2024-11 (Nov),P2 - Medium,,November,2024
07/11/2024 13:53,WO-CBM_100351,ABB-FT-V-1803,ABB PLEM Valve,ABB – Monthly PLEM Valve operation,,,,05/11/2024 07:54,05/11/2024 08:18,0.4,Planned Maint.,Valve,Closed,,,ABB_Offshore,DPR 2811,2024-11 (Nov),P2 - Medium,,November,2024
07/11/2024 13:49,WO-CBM_100350,ABB-CP-01,ABB Cathodic Protection System - Offshore,ABB – Quarterly CP reading on Subsea Hoses,,,,08/11/2024 06:00,08/11/2024 06:00,0,Planned Maint.,Cathodic Protection,Cancelled,,,ABB_Offshore,,2024-11 (Nov),P2 - Medium,,November,2024
07/11/2024 13:48,WO-CBM_100349,ABB-FT-HS-01,ABB Submarine Hose Assembly,ABB - Monthly Hose Pick Up Equipment & End Fittings GVI,,,,05/11/2024 09:34,05/11/2024 09:55,0.35,Planned Maint.,Hoisting & Lifting,Closed,,,ABB_Offshore,DPR 2811,2024-11 (Nov),P2 - Medium,,November,2024
07/11/2024 13:42,WO-CBM_100348,ABB-FT-HS-01,ABB Submarine Hose Assembly,ABB – Monthly Subsea Hoses,,,,05/11/2024 07:54,05/11/2024 08:18,0.4,Planned Maint.,Submarine Hose,Closed,,,ABB_Offshore,DPR 2811,2024-11 (Nov),P2 - Medium,,November,2024
07/11/2024 13:41,WO-CBM_100347,ABB-FT-HS-01,ABB Submarine Hose Assembly,ABB – Monthly GVI above water Hoses,,,,05/11/2024 12:18,05/11/2024 12:19,0.016666667,Planned Maint.,Submarine Hose,Closed,,,ABB_Offshore,DPR 2811,2024-11 (Nov),P2 - Medium,,November,2024
07/11/2024 13:40,WO-CBM_100346,ABB,CMB System for Planned Maint.,ABB - Weekly Bush Wear checks,,,,05/11/2024 09:34,05/11/2024 09:55,0.35,Planned Maint.,Buoy Body,Closed,,,ABB_Offshore,DPR 2811,2024-11 (Nov),P2 - Medium,,November,2024
07/11/2024 13:39,WO-CBM_100345,ABB,CMB System for Planned Maint.,ABB - Weekly Buoys Freeboard/Draft GVI,,,,05/11/2024 09:34,05/11/2024 09:55,0.35,Planned Maint.,Buoy Body,Closed,,,ABB_Offshore,DPR 2811,2024-11 (Nov),P2 - Medium,,November,2024
07/11/2024 13:38,WO-CBM_100344,ABB,CMB System for Planned Maint.,ABB - Weekly Buoy Hooks GVI & Lubrication,,,,05/11/2024 09:34,05/11/2024 09:55,0.35,Planned Maint.,Buoy Body,Closed,,,ABB_Offshore,DPR 2811,2024-11 (Nov),P2 - Medium,,November,2024
07/11/2024 12:43,WO-W_SHOP_200038,ABB-ME-BY-01,ABB Spare Buoy,Modification of ABB01 hatch covers (4off) to allow for Sounding Inspection without water ingress. Machining of covers done.,,,,28/10/2024 09:00,05/11/2024 09:00,192,Planned Improvement,Buoy Body,Closed,,Fabricate,W_Shop,,2024-11 (Nov),P3 - Low,,October,2024
07/11/2024 12:42,WO-W_SHOP_200037,GPMS-W-SHOP,GPMS Maintenance Workshop & Warehouse,"Welding of flanges to Reducer (4"" x 8"" -150#)",,,,30/10/2024 09:00,01/11/2024 04:30,43.5,Planned Improvement,Piping,Closed,,Fabricate,W_Shop,,2024-11 (Nov),P3 - Low,,October,2024
07/11/2024 12:37,WO-SPM-CBM_100059,ABB/SPM_Onshore,Onshore ABB_SPM System for Planned Maintenance,Weekly Servitude Walk / Pipeline Inspection,,,,10/11/2024 00:00,10/11/2024 00:00,0,Planned Maint.,Piping,Cancelled,,,ABB_SPM_Onshore,,2024-11 (Nov),P2 - Medium,,November,2024
07/11/2024 12:35,WO-JET_100047,Oil-Jetty,Oil Jetty System for Planned Maintenance,Bi-weekly Servitude Walk / Pipeline Inspection,,,,22/11/2024 09:00,22/11/2024 11:00,2,Planned Maint.,Piping,Closed,,,Oil_Jetty,,2024-11 (Nov),P2 - Medium,,November,2024
07/11/2024 12:33,WO-W_SHOP_100097,COMP-01,Air Compressor - KOTECH,Weekly Inspection,,,,10/11/2024 00:00,10/11/2024 00:00,0,Planned Maint.,Engine,Closed,,,W_Shop,,2024-11 (Nov),P2 - Medium,,November,2024
07/11/2024 12:30,WO-W_SHOP_100096,Genset-01,Generator- Megapower,Weekly Inspection,,,,07/11/2024 10:00,07/11/2024 10:30,0.5,Planned Maint.,Engine,Closed,,,W_Shop,,2024-11 (Nov),P2 - Medium,,November,2024
07/11/2024 12:11,WO-SPM_100380,SPM-ME-CH-01,SPM Mooring Chain,"SPM – Weekly Marine Growth Removal (MGR)- 
Cleaned the tails, chain stopper and rigging point of mooring chain #1, #2, #5 to 5meters.",,,,06/11/2024 10:54,07/11/2024 12:14,25.33333333,Planned Corrective Maint.,Buoy Body,Closed,Aquatic Exposure,Removed,SPM_Offshore,DPR 2812/2813,2024-11 (Nov),P2 - Medium,,November,2024
07/11/2024 12:05,WO-SPM_100381,SPM-AE-BY-02,CALM Buoy - CO760,"SPM - Monthly Inspection of Mooring Bridle/Bridle Platform, Hawser & other Acc. GVI",,,,04/11/2024 13:45,04/11/2024 14:00,0.25,Planned Maint.,Mooring System,Closed,,,SPM_Offshore,DPR 2810,2024-11 (Nov),P2 - Medium,,November,2024
07/11/2024 11:32,WO-SPM_100379,SPM-AE-BY-02,CALM Buoy - CO760,SPM – Weekly Solar Panels GVI and cleaning,,,,04/11/2024 13:35,04/11/2024 13:45,0.166666667,Planned Maint.,NavAids & Power,Closed,,,SPM_Offshore,DPR 2810,2024-11 (Nov),P2 - Medium,,November,2024
07/11/2024 11:27,WO-SPM_100377,SPM-AE-BY-02,CALM Buoy - CO760,SPM – Weekly Central Pipe Swivel Greasing and GVI,,,,04/11/2024 13:10,04/11/2024 13:15,0.083333333,Planned Maint.,Swivel System,Closed,,,SPM_Offshore,DPR 2810,2024-11 (Nov),P2 - Medium,,November,2024
07/11/2024 11:27,WO-SPM_100378,SPM-AE-BY-02,CALM Buoy - CO760,SPM – Weekly Main Bearing Greasing,,,,04/11/2024 13:15,04/11/2024 13:35,0.333333333,Planned Maint.,Lubrication System,Closed,,,SPM_Offshore,DPR 2810,2024-11 (Nov),P2 - Medium,,November,2024
07/11/2024 11:26,WO-SPM_100376,SPM-AE-BY-02,CALM Buoy - CO760,SPM – Weekly Buoy Freeboard/Draft GVI,,,,04/11/2024 13:07,04/11/2024 13:09,0.033333333,Planned Maint.,Buoy Body,Closed,,,SPM_Offshore,DPR 2810,2024-11 (Nov),P2 - Medium,,November,2024
06/11/2024 15:48,WO-SPM_100373,SPM-AE-BY-02,CALM Buoy - CO760,SPM - Pre-berthing checks,,30/10/2024,,30/10/2024 10:45,30/10/2024 12:45,2,Inspection,Mooring System,Closed,,,SPM_Offshore,DPR 2806,2024-10 (Oct),P2 - Medium,,October,2024
05/11/2024 08:00,WO-CBM_100355,ABB,CMB System for Planned Maint.,ABB – Pre-Berthing checks,,05/11/2024,,05/11/2024 09:34,05/11/2024 09:55,0.35,Inspection,Mooring System,Closed,,,ABB_Offshore,DPR 2811,2024-11 (Nov),P1 - High,,November,2024
02/11/2024 00:00,WO-CBM_200059,ABB-ME-BY-04,ABB Charlie Buoy,Change out bolts on the ABB05 (Charlie) UKP pin side plates,02/11/2024,,,02/11/2024 09:05,02/11/2024 09:10,0.083333333,Planned Corrective Maint.,Buoy Body,Closed,Corroded,Replaced,ABB_Offshore,DPR 2809,2024-11 (Nov),P2 - Medium,,November,2024
02/11/2024 00:00,WO-CBM_200058,ABB-ME-BY-03,ABB Delta Buoy,Change out bolts on the ABB03 (Delta) UKP pin side plates,02/11/2024,,,02/11/2024 08:54,02/11/2024 09:00,0.1,Planned Corrective Maint.,Buoy Body,Closed,Corroded,Replaced,ABB_Offshore,DPR 2809,2024-11 (Nov),P2 - Medium,,November,2024
02/11/2024 00:00,WO-CBM_200057,ABB-ME-BY-02,ABB  Bravo Buoy,Change out bolts on the ABB02 (Bravo) UKP pin side plates,02/11/2024,,,02/11/2024 08:45,02/11/2024 08:50,0.083333333,Planned Corrective Maint.,Buoy Body,Closed,Corroded,Replaced,ABB_Offshore,DPR 2809,2024-11 (Nov),P2 - Medium,,November,2024
02/11/2024 00:00,WO-CBM_200056,ABB-ME-BY-05,ABB Alpha Buoy,Change out bolts on the ABB05 (Alpha) UKP pin side plates,02/11/2024,,,02/11/2024 08:38,02/11/2024 08:41,0.05,Planned Corrective Maint.,Buoy Body,Closed,Corroded,Replaced,ABB_Offshore,DPR 2809,2024-11 (Nov),P2 - Medium,,November,2024
02/11/2024 00:00,WO-CBM_100343,ABB,CMB System for Planned Maint.,ABB – Pre-Berthing checks,,02/11/2024,,02/11/2024 08:38,02/11/2024 09:20,0.7,Inspection,Mooring System,Closed,,,ABB_Offshore,DPR 2809,2024-11 (Nov),P1 - High,,November,2024
30/10/2024 16:00,WO-SPM_200057,SPM-FT-BY-02,CALM Buoy - CO760 Cargo transfer System,"Replace shackle (SHACKLE,3-PART,4.75TON) to secure Samson buoy to the floating hose",,,,30/10/2024 12:18,30/10/2024 12:23,0.083333333,Planned Corrective Maint.,Floating Hose,Closed,Worn,Replaced,SPM_Offshore,DPR 2806,2024-10 (Oct),P2 - Medium,,October,2024
28/10/2024 17:00,WO-CBM_200055,ABB-ME-BY-05,ABB Alpha Buoy,Change out ABB05 (Alpha) worn out UKP Bushes.,,,,28/10/2024 09:15,28/10/2024 09:25,0.166666667,Planned Corrective Maint.,Buoy Body,Closed,Worn,Replaced,ABB_Offshore,DPR 2805 / ABB Report 304,2024-10 (Oct),P1 - High,ABB Report,October,2024
28/10/2024 15:52,WO-W_SHOP_200041,GPMS-W-SHOP,GPMS Maintenance Workshop & Warehouse,Fabrication of Divers Toolbox,,,,28/10/2024 11:20,28/11/2024 10:50,743.5,Planned Improvement,Tools,Closed,,Fabricate,W_Shop,,2024-11 (Nov),P3 - Low,,October,2024
28/10/2024 15:49,WO-W_SHOP_200044,GPMS-W-SHOP,GPMS Maintenance Workshop & Warehouse,Fabrication and Installation of SPM Ladder,,01/02/2025,,23/01/2025 09:10,01/02/2025 13:45,220.5833333,Planned Improvement,Tools,Completed,,Fabricate,W_Shop,,2025-02 (Feb),P3 - Low,,January,2025
28/10/2024 15:48,WO-SPM-CBM_100058,ABB/SPM_Onshore,Onshore ABB_SPM System for Planned Maintenance,Quarterly Valves GVI and Lubrication,,,,28/11/2024 10:00,28/11/2024 12:00,2,Planned Maint.,Valve,Closed,,,ABB_SPM_Onshore,,2024-11 (Nov),P2 - Medium,,November,2024
28/10/2024 15:45,WO-SPM-CBM_100057,ABB/SPM_Onshore,Onshore ABB_SPM System for Planned Maintenance,Weekly Servitude Walk,,,,29/10/2024 10:30,29/10/2024 13:30,3,Planned Maint.,Piping,Closed,,,ABB_SPM_Onshore,,2024-10 (Oct),P2 - Medium,,October,2024
28/10/2024 15:40,WO-SPM_100382,SPM-AE-BY-01,CALM Buoy - SO17190,SPM Hatch Covers Compartments GVI,,,,28/10/2024 09:00,11/11/2024 11:00,338,Planned Maint.,Buoy Body,Closed,,,SPM_Offshore,,2024-11 (Nov),P2 - Medium,,October,2024
28/10/2024 15:35,WO-W_SHOP_100095,COMP-01,Air Compressor - KOTECH,Weekly Inspection,,,,28/10/2024 08:30,28/10/2024 09:10,0.666666667,Planned Maint.,Engine,Closed,,,W_Shop,,2024-10 (Oct),P2 - Medium,,October,2024
28/10/2024 15:26,WO-W_SHOP_100094,Genset-01,Generator- Megapower,Weekly Inspection,,,,28/10/2024 08:00,28/10/2024 08:30,0.5,Planned Maint.,Engine,Closed,,,W_Shop,,2024-10 (Oct),P2 - Medium,,October,2024
28/10/2024 15:18,WO-SPM_100372,SPM-AE-BY-02,CALM Buoy - CO760,"SPM - Bi-Weekly Turntable Rotation & Locking Pins, Guides and Brakes",,,,30/10/2024 09:44,30/10/2024 10:08,0.4,Planned Maint.,Buoy Body,Closed,,,SPM_Offshore,DPR 2806,2024-10 (Oct),P2 - Medium,,October,2024
28/10/2024 15:12,WO-SPM_100371,SPM-AE-BY-02,CALM Buoy - CO760,SPM - Biannual Valve Gearboxes GVI & Lubrication,,,,10/11/2024 06:00,10/11/2024 06:00,0,Planned Maint.,Valve,Cancelled,,,SPM_Offshore,,2024-11 (Nov),P2 - Medium,,November,2024
28/10/2024 15:09,WO-SPM_100370,SPM-AE-BY-02,CALM Buoy - CO760,SPM - Biannual Above Water Hose GVI,,,,30/10/2024 10:45,30/10/2024 12:25,1.666666667,Planned Maint.,Floating Hose,Closed,,,SPM_Offshore,DPR 2806,2024-10 (Oct),P2 - Medium,,October,2024
28/10/2024 15:07,WO-SPM_100369,SPM-AE-BY-02,CALM Buoy - CO760,SPM - Quarterly SPM Location,,,,30/10/2024 10:45,30/10/2024 12:25,1.666666667,Planned Maint.,Buoy Body,Closed,,,SPM_Offshore,DPR 2806,2024-10 (Oct),P2 - Medium,,October,2024
28/10/2024 15:06,WO-SPM_100368,SPM-AE-BY-02,CALM Buoy - CO760,SPM – Weekly Marine Growth Removal,,,,30/10/2024 10:45,30/10/2024 12:25,1.666666667,Planned Corrective Maint.,Buoy Body,Closed,Aquatic Exposure,Removed,SPM_Offshore,DPR 2806,2024-10 (Oct),P2 - Medium,,October,2024
28/10/2024 15:05,WO-SPM_100367,SPM-AE-BY-02,CALM Buoy - CO760,SPM – Weekly Solar Panels GVI and cleaning,,,,30/10/2024 10:45,30/10/2024 12:25,1.666666667,Planned Maint.,NavAids & Power,Closed,,,SPM_Offshore,DPR 2806,2024-10 (Oct),P2 - Medium,,October,2024
28/10/2024 15:04,WO-SPM_100366,SPM-AE-BY-02,CALM Buoy - CO760,SPM – Weekly Main Bearing Greasing,,,,30/10/2024 10:45,30/10/2024 12:25,1.666666667,Planned Maint.,Lubrication System,Closed,,,SPM_Offshore,DPR 2806,2024-10 (Oct),P2 - Medium,,October,2024
28/10/2024 15:03,WO-SPM_100365,SPM-AE-BY-02,CALM Buoy - CO760,SPM – Weekly Central Pipe Swivel Greasing and GVI,,,,30/10/2024 10:45,30/10/2024 12:25,1.666666667,Planned Maint.,Swivel System,Closed,,,SPM_Offshore,DPR 2806,2024-10 (Oct),P2 - Medium,,October,2024
28/10/2024 15:02,WO-SPM_100364,SPM-AE-BY-02,CALM Buoy - CO760,SPM – Weekly Buoy Freeboard/Draft GVI,,,,30/10/2024 10:45,30/10/2024 12:25,1.666666667,Planned Maint.,Buoy Body,Closed,,,SPM_Offshore,DPR 2806,2024-10 (Oct),P2 - Medium,,October,2024
28/10/2024 15:00,WO-CBM_100341,ABB,CMB System for Planned Maint.,ABB – Bi-annual PLEM to shore pipeline inspection,,,,31/12/2024 06:00,31/12/2024 06:00,0,Planned Maint.,PLEM Piping and Structure,Cancelled,,,ABB_Offshore,,2024-12 (Dec),P2 - Medium,,December,2024
28/10/2024 14:56,WO-CBM_100340,ABB,CMB System for Planned Maint.,ABB - Yearly Sierra Chain CVI & Wear Measurements - Measurement not done.,,,,19/11/2024 12:21,19/11/2024 12:46,0.416666667,Planned Maint.,Anchoring System,Closed,,,ABB_Offshore,DPR 2823,2024-11 (Nov),P2 - Medium,,November,2024
28/10/2024 14:55,WO-CBM_100339,ABB,CMB System for Planned Maint.,ABB - Weekly Bush Wear checks,,,,28/10/2024 09:15,28/10/2024 10:27,1.2,Planned Maint.,Buoy Body,Closed,,,ABB_Offshore,DPR 2805,2024-10 (Oct),P2 - Medium,,October,2024
28/10/2024 14:53,WO-CBM_100338,ABB,CMB System for Planned Maint.,ABB - Weekly Buoys Freeboard/Draft GVI,,,,28/10/2024 09:15,28/10/2024 10:27,1.2,Planned Maint.,Buoy Body,Closed,,,ABB_Offshore,DPR 2805,2024-10 (Oct),P2 - Medium,,October,2024
28/10/2024 14:52,WO-CBM_100337,ABB,CMB System for Planned Maint.,ABB - Weekly Buoy Hooks GVI & Lubrication,,,,28/10/2024 09:15,28/10/2024 10:27,1.2,Planned Maint.,Buoy Body,Closed,,,ABB_Offshore,DPR 2805,2024-10 (Oct),P2 - Medium,,October,2024
28/10/2024 10:00,WO-SPM_100374,SPM-FT-HS-01,SPM Hose String Assembly (Floating/Submarine),SPM - Monthly GVI of Floating Hoses & Underwater Hoses (Chinese Lantern),,,,30/10/2024 10:45,30/10/2024 12:25,1.666666667,Planned Maint.,Submarine Hose,Closed,,,SPM_Offshore,DPR 2806,2024-10 (Oct),P2 - Medium,,October,2024
28/10/2024 10:00,WO-SPM_100375,SPM-AE-BY-02,CALM Buoy - CO760,SPM - Monthly Navigation Aids,,,,30/10/2024 10:45,30/10/2024 12:25,1.666666667,Planned Maint.,NavAids & Power,Closed,,,SPM_Offshore,DPR 2806,2024-10 (Oct),P2 - Medium,,October,2024
28/10/2024 00:00,WO-CBM_100342,ABB,CMB System for Planned Maint.,ABB – Pre-Berthing checks,,28/10/2024,,28/10/2024 09:15,28/10/2024 10:27,1.2,Inspection,Mooring System,Closed,,,ABB_Offshore,DPR 2805,2024-10 (Oct),P1 - High,,October,2024
25/10/2024 06:00,WO-CBM_100336,ABB,CMB System for Planned Maint.,ABB – Pre-Berthing checks and washing of buoy’s platforms.,,25/10/2024,,25/10/2024 08:43,25/10/2024 09:58,1.25,Inspection,Mooring System,Closed,,,ABB_Offshore,DPR 2804,2024-10 (Oct),P1 - High,,October,2024
23/10/2024 10:43,WO-CBM_100335,ABB,CMB System for Planned Maint.,ABB – Pre-Berthing checks,,21/10/2024,,21/10/2024 10:45,21/10/2024 11:46,1.016666667,Inspection,Mooring System,Closed,,,ABB_Offshore,DPR 2802,2024-10 (Oct),P1 - High,,October,2024
22/10/2024 14:19,WO-SPM_200056,SPM-AE-BY-01,CALM Buoy - SO17190,Cold-bonding on perforated 1'' water drain pipe in the center well and measurement of batteries voltages on the SPM-AE-BY-01,,,,18/10/2024 10:00,18/10/2024 12:00,2,Planned Corrective Maint.,Buoy Body,Closed,Corrosion,Cold Bonding,SPM_Offshore,,2024-10 (Oct),P2 - Medium,,October,2024
22/10/2024 13:06,WO-CBM_100328,ABB,CMB System for Planned Maint.,ABB – Pre-Berthing checks,,14/10/2024,,14/10/2024 08:48,14/10/2024 09:09,0.35,Inspection,Mooring System,Closed,,,ABB_Offshore,DPR 2798,2024-10 (Oct),P1 - High,,October,2024
22/10/2024 13:02,WO-CBM_100327,ABB,CMB System for Planned Maint.,"Pre-Berthing checks c/w
- UKP Bush checks.
- UKP bush & hook lubrication.",,11/10/2024,,11/10/2024 08:30,11/10/2024 08:50,0.333333333,Inspection,Mooring System,Closed,,,ABB_Offshore,DPR 2797,2024-10 (Oct),P1 - High,,October,2024
22/10/2024 11:46,WO-CBM_100334,ABB,CMB System for Planned Maint.,"ABB – Pre-Berthing checks c/w
-UKP bush checks
-Mooring hook lubrication",,,,18/10/2024 08:38,18/10/2024 09:00,0.366666667,Planned Maint.,Mooring System,Closed,,,ABB_Offshore,DPR 2801,2024-10 (Oct),P2 - Medium,,October,2024
22/10/2024 11:45,WO-SPM-CBM_100056,ABB/SPM_Onshore,Onshore ABB_SPM System for Planned Maintenance,Monthly Cathodic protection potential measurement,,,,25/10/2024 10:30,25/10/2024 12:30,2,Planned Maint.,Cathodic Protection,Closed,,,ABB_SPM_Onshore,,2024-10 (Oct),P2 - Medium,,October,2024
22/10/2024 11:43,WO-SPM-CBM_100055,ABB/SPM_Onshore,Onshore ABB_SPM System for Planned Maintenance,Weekly Servitude Walk / Pipeline Visual Inspection,,,,25/10/2024 10:30,25/10/2024 12:30,2,Planned Maint.,Piping,Closed,,,ABB_SPM_Onshore,,2024-10 (Oct),P2 - Medium,,October,2024
22/10/2024 11:42,WO-W_SHOP_100091,COMP-01,Air Compressor - KOTECH,Weekly Inspection,,,,23/10/2024 09:30,23/10/2024 10:00,0.5,Planned Maint.,Engine,Closed,,,W_Shop,,2024-10 (Oct),P2 - Medium,,October,2024
22/10/2024 11:40,WO-W_SHOP_100090,Genset-01,Generator- Megapower,Weekly Inspection,,,,23/10/2024 08:30,23/10/2024 09:00,0.5,Planned Maint.,Engine,Closed,,,W_Shop,,2024-10 (Oct),P2 - Medium,,October,2024
21/10/2024 14:12,WO-CBM_100333,ABB,CMB System for Planned Maint.,ABB - Quarterly Anodes GVI,,,,27/10/2024 06:00,27/10/2024 06:00,0,Planned Maint.,Buoy Body,Cancelled,,,ABB_Offshore,,2024-10 (Oct),P2 - Medium,,October,2024
21/10/2024 14:11,WO-CBM_100332,ABB,CMB System for Planned Maint.,"ABB - Quarterly Buoys Connection Pins, Links",,,,04/10/2024 09:55,04/10/2024 10:49,0.9,Planned Maint.,Buoy Body,Closed,,,ABB_Offshore,DPR 2794,2024-10 (Oct),P2 - Medium,,October,2024
21/10/2024 14:10,WO-CBM_100331,ABB,CMB System for Planned Maint.,ABB - Weekly Bush Wear checks,,,,21/10/2024 10:45,21/10/2024 11:46,1.016666667,Planned Maint.,Buoy Body,Closed,,,ABB_Offshore,DPR 2802,2024-10 (Oct),P2 - Medium,,October,2024
21/10/2024 14:09,WO-CBM_100330,ABB,CMB System for Planned Maint.,ABB - Weekly Buoys Freeboard/Draft GVI,,,,21/10/2024 10:45,21/10/2024 11:46,1.016666667,Planned Maint.,Buoy Body,Closed,,,ABB_Offshore,DPR 2802,2024-10 (Oct),P2 - Medium,,October,2024
21/10/2024 14:08,WO-CBM_100329,ABB,CMB System for Planned Maint.,ABB - Weekly Buoy Hooks GVI & Lubrication,,,,21/10/2024 10:45,21/10/2024 11:46,1.016666667,Planned Maint.,Buoy Body,Closed,,,ABB_Offshore,DPR 2802,2024-10 (Oct),P2 - Medium,,October,2024
21/10/2024 14:06,WO-SPM_100363,SPM-AE-BY-01,CALM Buoy - SO17190,SPM - Turntable Rotation & Locking Pins & Inspection of grease nipples,,,,01/11/2024 08:30,01/11/2024 10:30,2,Planned Maint.,Buoy Body,Closed,,,SPM_Offshore,DPR 2808,2024-11 (Nov),P2 - Medium,,November,2024
21/10/2024 14:05,WO-SPM_100362,SPM-AE-BY-02,CALM Buoy - CO760,SPM – Weekly Solar Panels GVI and cleaning,,,,27/10/2024 06:00,27/10/2024 06:00,0,Planned Maint.,NavAids & Power,Cancelled,,,SPM_Offshore,,2024-10 (Oct),P2 - Medium,,October,2024
21/10/2024 14:04,WO-SPM_100361,SPM-AE-BY-02,CALM Buoy - CO760,SPM – Weekly Main Bearing Greasing,,,,27/10/2024 06:00,27/10/2024 06:00,0,Planned Maint.,Lubrication System,Cancelled,,,SPM_Offshore,,2024-10 (Oct),P2 - Medium,,October,2024
21/10/2024 14:03,WO-SPM_100360,SPM-AE-BY-02,CALM Buoy - CO760,SPM – Weekly Central Pipe Swivel Greasing and GVI,,,,27/10/2024 06:00,27/10/2024 06:00,0,Planned Maint.,Swivel System,Cancelled,,,SPM_Offshore,,2024-10 (Oct),P2 - Medium,,October,2024
21/10/2024 14:02,WO-SPM_100359,SPM-AE-BY-02,CALM Buoy - CO760,SPM – Weekly Buoy Freeboard/Draft GVI,,,,27/10/2024 06:00,27/10/2024 06:00,0,Planned Maint.,Buoy Body,Cancelled,,,SPM_Offshore,,2024-10 (Oct),P2 - Medium,,October,2024
21/10/2024 07:18,WO-SPM_100358,SPM-AE-BY-01,CALM Buoy - SO17190,SPM GVI & Lubrication,,,,16/10/2024 09:00,16/10/2024 11:00,2,Planned Maint.,Buoy Body,Closed,,,SPM_Offshore,DPR 2800,2024-10 (Oct),P2 - Medium,,October,2024
14/10/2024 17:22,WO-CBM_200054,ABB-ME-BY-04,ABB Charlie Buoy,Change out ABB04 (Charlie) worn out UKP Bushes.,,,,03/10/2024 08:14,03/10/2024 09:15,1.016666667,Planned Corrective Maint.,Buoy Body,Closed,Worn,Replaced,ABB_Offshore,DPR 2793 / ABB Report 303,2024-10 (Oct),P1 - High,ABB Report,October,2024
14/10/2024 12:19,WO-CBM_100323,ABB,CMB System for Planned Maint.,"Monthly Mooring Buoy Pins, Swivel & Touchdown Area on Chain",,,,04/10/2024 09:55,04/10/2024 10:49,0.9,Planned Maint.,Buoy Body,Closed,,,ABB_Offshore,DPR 2793,2024-10 (Oct),P2 - Medium,,October,2024
14/10/2024 11:07,WO-SPM_100357,SPM-AE-BY-02,CALM Buoy - CO760,SPM – Quarterly Safety Equipment GVI,,,,20/10/2024 06:00,20/10/2024 06:00,0,Planned Maint.,Fire System,Cancelled,,,SPM_Offshore,,2024-10 (Oct),P2 - Medium,,October,2024
14/10/2024 11:05,WO-SPM_100356,SPM-FT-HS-01,SPM Hose String Assembly (Floating/Submarine),SPM – Biannual Hose Flanges Cathodic Protection,,,,27/10/2024 06:00,27/10/2024 06:00,0,Planned Maint.,Cathodic Protection,Cancelled,,,SPM_Offshore,,2024-10 (Oct),P2 - Medium,,October,2024
14/10/2024 11:04,WO-SPM_100355,SPM-FT-PV-01,SPM PLEM,SPM – Biannual PLEM Cathodic Protection,,,,27/10/2024 06:00,27/10/2024 06:00,0,Planned Maint.,Cathodic Protection,Cancelled,,,SPM_Offshore,,2024-10 (Oct),P2 - Medium,,October,2024
14/10/2024 11:03,WO-SPM_100354,SPM-AE-BY-02,CALM Buoy - CO760,SPM – Biannual Buoy Cathodic Protection,,,,27/10/2024 06:00,27/10/2024 06:00,0,Planned Maint.,Cathodic Protection,Cancelled,,,SPM_Offshore,,2024-10 (Oct),P2 - Medium,,October,2024
14/10/2024 11:02,WO-SPM_100353,SPM-AE-BY-02,CALM Buoy - CO760,SPM – Quarterly Anodes GVI,,,,27/10/2024 06:00,27/10/2024 06:00,0,Planned Maint.,Buoy Body,Cancelled,,,SPM_Offshore,,2024-10 (Oct),P2 - Medium,,October,2024
14/10/2024 11:00,WO-SPM_100352,SPM-AE-BY-02,CALM Buoy - CO760,SPM - Quarterly MBC GVI,,,,27/10/2024 06:00,27/10/2024 06:00,0,Planned Maint.,MBC,Cancelled,,,SPM_Offshore,,2024-10 (Oct),P2 - Medium,,October,2024
14/10/2024 10:59,WO-SPM_100351,SPM-AE-BY-02,CALM Buoy - CO760,SPM – Weekly Solar Panels GVI and cleaning,,,,27/10/2024 06:00,27/10/2024 06:00,0,Planned Maint.,NavAids & Power,Cancelled,,,SPM_Offshore,,2024-10 (Oct),P2 - Medium,,October,2024
14/10/2024 10:57,WO-SPM_100350,SPM-AE-BY-02,CALM Buoy - CO760,SPM – Weekly Main Bearing Greasing,,,,27/10/2024 06:00,27/10/2024 06:00,0,Planned Maint.,Lubrication System,Cancelled,,,SPM_Offshore,,2024-10 (Oct),P2 - Medium,,October,2024
14/10/2024 10:53,WO-SPM_100349,SPM-AE-BY-02,CALM Buoy - CO760,SPM – Weekly Central Pipe Swivel Greasing and GVI,,,,27/10/2024 06:00,27/10/2024 06:00,0,Planned Maint.,Swivel System,Cancelled,,,SPM_Offshore,,2024-10 (Oct),P2 - Medium,,October,2024
14/10/2024 10:52,WO-SPM_100348,SPM-AE-BY-02,CALM Buoy - CO760,SPM – Weekly Buoy Freeboard/Draft GVI,,,,27/10/2024 06:00,27/10/2024 06:00,0,Planned Maint.,Buoy Body,Cancelled,,,SPM_Offshore,,2024-10 (Oct),P2 - Medium,,October,2024
14/10/2024 10:49,WO-CBM_100326,ABB,CMB System for Planned Maint.,ABB - Weekly Bush Wear checks,,,,14/10/2024 08:48,14/10/2024 09:09,0.35,Planned Maint.,Buoy Body,Closed,,,ABB_Offshore,DPR 2798,2024-10 (Oct),P2 - Medium,,October,2024
14/10/2024 10:48,WO-CBM_100325,ABB,CMB System for Planned Maint.,ABB - Weekly Buoys Freeboard/Draft GVI,,,,14/10/2024 08:48,14/10/2024 09:09,0.35,Planned Maint.,Buoy Body,Closed,,,ABB_Offshore,DPR 2798,2024-10 (Oct),P2 - Medium,,October,2024
14/10/2024 10:46,WO-CBM_100324,ABB,CMB System for Planned Maint.,ABB - Weekly Buoy Hooks GVI & Lubrication,,,,14/10/2024 08:48,14/10/2024 09:09,0.35,Planned Maint.,Buoy Body,Closed,,,ABB_Offshore,DPR 2798,2024-10 (Oct),P2 - Medium,,October,2024
14/10/2024 10:30,WO-JET_100046,Oil-Jetty,Oil Jetty System for Planned Maintenance,Monthly Valve/Pressure Gauges Inpsection,,,,15/10/2024 12:30,15/10/2024 13:30,1,Planned Maint.,Piping,Closed,,,Oil_Jetty,,2024-10 (Oct),P2 - Medium,,October,2024
14/10/2024 10:25,WO-JET_100045,Oil-Jetty,Oil Jetty System for Planned Maintenance,Monthly Sump and Sump Pipeline Inspection,,,,15/10/2024 12:30,15/10/2024 13:30,1,Planned Maint.,Piping,Closed,,,Oil_Jetty,,2024-10 (Oct),P2 - Medium,,October,2024
14/10/2024 10:23,WO-W_SHOP_100093,GPMS-W-SHOP,GPMS Maintenance Workshop & Warehouse,Cladding of Dive supervisor's office,,,,10/10/2024 09:00,07/11/2024 17:00,680,Planned Improvement,Others,Closed,,,W_Shop,,2024-11 (Nov),P3 - Low,,October,2024
14/10/2024 10:21,WO-W_SHOP_100092,GPMS-W-SHOP,GPMS Maintenance Workshop & Warehouse,Housekeeping & Rearrangement of Warehouse items,,,,19/11/2024 12:00,20/11/2024 11:30,23.5,Planned Maint.,Others,Closed,,,W_Shop,,2024-11 (Nov),P2 - Medium,,November,2024
14/10/2024 10:18,WO-SPM-CBM_100054,ABB/SPM_Onshore,Onshore ABB_SPM System for Planned Maintenance,Weekly Servitude Walk / Pipleine Visual Inspection,,,,15/10/2024 11:00,15/10/2024 12:15,1.25,Planned Maint.,Piping,Closed,,,ABB_SPM_Onshore,,2024-10 (Oct),P2 - Medium,,October,2024
14/10/2024 10:17,WO-W_SHOP_100089,Genset-01,Generator- Megapower,Weekly Inspection,,,,14/10/2024 08:30,14/10/2024 09:00,0.5,Planned Maint.,Engine,Closed,,,W_Shop,,2024-10 (Oct),P2 - Medium,,October,2024
14/10/2024 10:15,WO-W_SHOP_100088,COMP-01,Air Compressor - KOTECH,Weekly Inspection,,,,14/10/2024 09:30,14/10/2024 10:00,0.5,Planned Maint.,Engine,Closed,,,W_Shop,,2024-10 (Oct),P2 - Medium,,October,2024
14/10/2024 09:55,WO-SPM_200055,SPM-AE-BY-02,CALM Buoy - CO760,MGR on the PLEM valves 3604,,,,10/10/2024 12:34,10/10/2024 13:04,0.5,Planned Corrective Maint.,PLEM Piping and Structure,Closed,Aquatic Exposure,Removed,SPM_Offshore,DPR 2796,2024-10 (Oct),P2 - Medium,,October,2024
14/10/2024 09:17,WO-CBM_100322,ABB,CMB System for Planned Maint.,Pre-berthing Checks,,09/10/2024,,09/10/2024 08:35,09/10/2024 08:50,0.25,Inspection,Mooring System,Closed,,,ABB_Offshore,DPR 2795,2024-10 (Oct),P1 - High,,October,2024
09/10/2024 13:36,WO-CBM_100321,ABB,CMB System for Planned Maint.,Pre-berthing Checks,,03/10/2024,,03/10/2024 08:14,03/10/2024 09:15,1.016666667,Inspection,Mooring System,Closed,,,ABB_Offshore,DPR 2793,2024-10 (Oct),P1 - High,,October,2024
07/10/2024 17:45,WO-JET_100044,Oil-Jetty,Oil Jetty System for Planned Maintenance,Bi-weekly Servitude Walk / Pipeline Inspection,,,,10/10/2024 09:15,10/10/2024 13:30,4.25,Planned Maint.,Piping,Closed,,,Oil_Jetty,,2024-10 (Oct),P2 - Medium,,October,2024
07/10/2024 17:37,WO-SPM-CBM_100053,ABB/SPM_Onshore,Onshore ABB_SPM System for Planned Maintenance,Weekly Servitude Walk,,,,10/10/2024 10:40,10/10/2024 11:40,1,Planned Maint.,Piping,Closed,,,ABB_SPM_Onshore,,2024-10 (Oct),P2 - Medium,,October,2024
07/10/2024 17:35,WO-W_SHOP_100087,Genset-01,Generator- Megapower,Weekly Inspection,,,,11/10/2024 10:30,11/10/2024 11:00,0.5,Planned Maint.,Engine,Closed,,,W_Shop,,2024-10 (Oct),P2 - Medium,,October,2024
07/10/2024 17:34,WO-W_SHOP_100086,COMP-01,Air Compressor - KOTECH,Weekly Inspection,,,,11/10/2024 08:30,11/10/2024 09:00,0.5,Planned Maint.,Engine,Closed,,,W_Shop,,2024-10 (Oct),P2 - Medium,,October,2024
07/10/2024 17:25,WO-SPM_100347,SPM-AE-BY-02,CALM Buoy - CO760,"SPM - Monthly Inspection of Mooring Bridle/Bridle Platform, Hawser & other Acc. GVI",,,,10/10/2024 11:17,10/10/2024 11:58,0.683333333,Planned Maint.,Mooring System,Closed,,,SPM_Offshore,DPR 2796,2024-10 (Oct),P2 - Medium,,October,2024
07/10/2024 17:25,WO-SPM_100346,SPM-AE-BY-02,CALM Buoy - CO760,"SPM - Bi-Weekly Turntable Rotation & Locking Pins, Guides and Brakes",,,,10/10/2024 11:29,10/10/2024 11:58,0.483333333,Planned Maint.,Buoy Body,Closed,,,SPM_Offshore,DPR 2796,2024-10 (Oct),P2 - Medium,,October,2024
07/10/2024 17:24,WO-SPM_100345,SPM-FT-HS-01,SPM Hose String Assembly (Floating/Submarine),SPM - Quarterly Hose End Fittings (torque studs & nuts on hose flanges & spool pieces),,,,31/10/2024 08:13,31/10/2024 08:40,0.45,Planned Maint.,Hose,Closed,,,SPM_Offshore,DPR 2807,2024-10 (Oct),P2 - Medium,,October,2024
07/10/2024 17:20,WO-SPM_100344,SPM-AE-BY-02,CALM Buoy - CO760,SPM - Monthly Soundings,,,,10/10/2024 11:17,10/10/2024 23:58,12.68333333,Planned Maint.,Buoy Body,Closed,,,SPM_Offshore,DPR 2796,2024-10 (Oct),P2 - Medium,,October,2024
07/10/2024 17:12,WO-SPM_100343,SPM-AE-BY-02,CALM Buoy - CO760,SPM – Weekly Solar Panels GVI and cleaning,,,,10/10/2024 11:17,10/10/2024 23:58,12.68333333,Planned Maint.,NavAids & Power,Closed,,,SPM_Offshore,DPR 2796,2024-10 (Oct),P2 - Medium,,October,2024
07/10/2024 17:09,WO-SPM_100342,SPM-AE-BY-02,CALM Buoy - CO760,SPM – Weekly Main Bearing Greasing,,,,10/10/2024 11:17,10/10/2024 23:58,12.68333333,Planned Maint.,Lubrication System,Closed,,,SPM_Offshore,DPR 2796,2024-10 (Oct),P2 - Medium,,October,2024
07/10/2024 17:07,WO-SPM_100341,SPM-AE-BY-02,CALM Buoy - CO760,SPM – Weekly Central Pipe Swivel Greasing and GVI,,,,10/10/2024 11:17,10/10/2024 23:58,12.68333333,Planned Maint.,Swivel System,Closed,,,SPM_Offshore,DPR 2796,2024-10 (Oct),P2 - Medium,,October,2024
07/10/2024 17:05,WO-SPM_100340,SPM-AE-BY-02,CALM Buoy - CO760,SPM – Weekly Buoy Freeboard/Draft GVI,,,,10/10/2024 11:17,10/10/2024 23:58,12.68333333,Planned Maint.,Buoy Body,Closed,,,SPM_Offshore,DPR 2796,2024-10 (Oct),P2 - Medium,,October,2024
07/10/2024 17:01,WO-CBM_100320,ABB,CMB System for Planned Maint.,ABB - Yearly Anchor Chains & Swivel Chain wear measurements,,,,13/10/2024 06:00,13/10/2024 06:00,0,Planned Maint.,Anchoring System,Cancelled,,,ABB_Offshore,,2024-10 (Oct),P2 - Medium,,October,2024
07/10/2024 16:59,WO-CBM_100319,ABB,CMB System for Planned Maint.,ABB - 4-Monthly Anchor Chains & Swivel GVI and Cleaning,,,,09/10/2024 08:30,09/10/2024 08:50,0.333333333,Planned Maint.,Anchoring System,Closed,,,ABB_Offshore,DPR 2795,2024-10 (Oct),P2 - Medium,,October,2024
07/10/2024 16:58,WO-CBM_100318,ABB,CMB System for Planned Maint.,ABB - Monthly Bouy Location,,,,09/10/2024 08:30,09/10/2024 08:50,0.333333333,Planned Maint.,Buoy Body,Closed,,,ABB_Offshore,DPR 2795,2024-10 (Oct),P2 - Medium,,October,2024
07/10/2024 16:57,WO-CBM_100317,ABB,CMB System for Planned Maint.,ABB - Weekly Bush Wear checks,,,,09/10/2024 08:35,09/10/2024 12:00,3.416666667,Planned Maint.,Buoy Body,Closed,,,ABB_Offshore,DPR 2795,2024-10 (Oct),P2 - Medium,,October,2024
07/10/2024 16:56,WO-CBM_100316,ABB,CMB System for Planned Maint.,ABB - Weekly Buoys Freeboard/Draft GVI,,,,09/10/2024 08:35,09/10/2024 08:50,0.25,Planned Maint.,Buoy Body,Closed,,,ABB_Offshore,DPR 2795,2024-10 (Oct),P2 - Medium,,October,2024
07/10/2024 16:54,WO-CBM_100315,ABB,CMB System for Planned Maint.,ABB - Weekly Buoy Hooks GVI & Lubrication,,,,09/10/2024 08:35,09/10/2024 08:50,0.25,Planned Maint.,Buoy Body,Closed,,,ABB_Offshore,DPR 2795,2024-10 (Oct),P2 - Medium,,October,2024
03/10/2024 16:36,WO-W_SHOP_200035,GPMS-W-SHOP,GPMS Maintenance Workshop & Warehouse,Fabrication and fixing of canopy support pole,,,,03/10/2024 08:50,07/10/2024 11:30,98.66666667,Planned Improvement,Others,Closed,,Fabricate,W_Shop,,2024-10 (Oct),P3 - Low,,October,2024
03/10/2024 08:41,WO-CBM_200053,ABB-ME-BY-05,ABB Alpha Buoy,Change out ABB05 (Alpha) worn out UKP Bushes.,,,,30/09/2024 07:50,30/09/2024 08:49,0.983333333,Planned Corrective Maint.,Buoy Body,Closed,Worn,Replaced,ABB_Offshore,DPR 2790 / ABB Report 302,2024-09 (Sep),P1 - High,ABB Report,September,2024
03/10/2024 08:38,WO-CBM_100314,ABB,CMB System for Planned Maint.,Pre-berthing Checks,,30/09/2024,,30/09/2024 07:50,30/09/2024 08:49,0.983333333,Inspection,Mooring System,Closed,,,ABB_Offshore,DPR 2790,2024-09 (Sep),P1 - High,,September,2024
03/10/2024 08:25,WO-CBM_100303,ABB,CMB System for Planned Maint.,"Pre-Berthing checks c/w
 - UKP bush checks.
  - Mooring hook lubrication.",,26/09/2024,,26/09/2024 09:10,26/09/2024 10:21,1.183333333,Inspection,Mooring System,Closed,,,ABB_Offshore,DPR 2787,2024-09 (Sep),P1 - High,,September,2024
02/10/2024 18:54,WO-SPM_100339,SPM-AE-BY-02,CALM Buoy - CO760,SPM - Monthly Navigation Aids,,,,02/10/2024 12:00,02/10/2024 12:03,0.05,Planned Maint.,NavAids & Power,Closed,,,SPM_Offshore,DPR 2792,2024-10 (Oct),P2 - Medium,,October,2024
02/10/2024 18:52,WO-SPM_100338,SPM-FT-PV-01,SPM PLEM,SPM – Monthly PLEM Valves operation,,,,02/10/2024 11:09,02/10/2024 11:30,0.35,Planned Maint.,PLEM Piping and Structure,Closed,,,SPM_Offshore,DPR 2792,2024-10 (Oct),P2 - Medium,,October,2024
02/10/2024 18:51,WO-SPM_100337,SPM-AE-BY-02,CALM Buoy - CO760,SPM – Monthly Expansion Joint GVI,,,,02/10/2024 10:43,02/10/2024 12:00,1.283333333,Planned Maint.,Piping Support,Closed,,,SPM_Offshore,DPR 2792,2024-10 (Oct),P2 - Medium,,October,2024
02/10/2024 18:49,WO-SPM_100336,SPM-AE-BY-02,CALM Buoy - CO760,SPM – Monthly Top Side Valve Operations,,,,02/10/2024 10:43,02/10/2024 12:00,1.283333333,Planned Maint.,Valve,Closed,,,SPM_Offshore,DPR 2792,2024-10 (Oct),P2 - Medium,,October,2024
02/10/2024 18:47,WO-SPM_100335,SPM-FT-BY-02,CALM Buoy - CO760 Cargo transfer System,SPM – Monthly Fluid Swivel GVI,,,,02/10/2024 10:43,02/10/2024 12:00,1.283333333,Planned Maint.,Swivel System,Closed,,,SPM_Offshore,DPR 2792,2024-10 (Oct),P2 - Medium,,October,2024
02/10/2024 18:45,WO-SPM_100334,SPM-FT-BY-02,CALM Buoy - CO760 Cargo transfer System,SPM – Monthly Torque Arm GVI,,,,02/10/2024 10:43,02/10/2024 12:00,1.283333333,Planned Maint.,Swivel System,Closed,,,SPM_Offshore,DPR 2792,2024-10 (Oct),P2 - Medium,,October,2024
02/10/2024 18:43,WO-SPM_100333,SPM-AE-BY-02,CALM Buoy - CO760,SPM – Weekly Solar Panels GVI and cleaning,,,,02/10/2024 10:43,02/10/2024 12:00,1.283333333,Planned Maint.,NavAids & Power,Closed,,,SPM_Offshore,DPR 2792,2024-10 (Oct),P2 - Medium,,October,2024
02/10/2024 18:42,WO-SPM_100332,SPM-AE-BY-02,CALM Buoy - CO760,SPM – Weekly Main Bearing Greasing,,,,02/10/2024 10:43,02/10/2024 12:00,1.283333333,Planned Maint.,Lubrication System,Closed,,,SPM_Offshore,DPR 2792,2024-10 (Oct),P2 - Medium,,October,2024
02/10/2024 18:41,WO-SPM_100331,SPM-AE-BY-02,CALM Buoy - CO760,SPM – Weekly Central Pipe Swivel Greasing and GVI,,,,02/10/2024 10:43,02/10/2024 12:00,1.283333333,Planned Maint.,Swivel System,Closed,,,SPM_Offshore,DPR 2792,2024-10 (Oct),P2 - Medium,,October,2024
02/10/2024 18:40,WO-SPM_100330,SPM-AE-BY-02,CALM Buoy - CO760,SPM – Weekly Buoy Freeboard/Draft GVI,,,,02/10/2024 10:43,02/10/2024 12:00,1.283333333,Planned Maint.,Buoy Body,Closed,,,SPM_Offshore,DPR 2792,2024-10 (Oct),P2 - Medium,,October,2024
02/10/2024 18:13,WO-CBM_100313,ABB,CMB System for Planned Maint.,ABB – Bi-annual PLEM Marker buoy GVI,,,,30/09/2024 11:05,30/09/2024 11:22,0.283333333,Planned Maint.,Buoy Body,Closed,,,ABB_Offshore,DPR 2790,2024-09 (Sep),P2 - Medium,,September,2024
02/10/2024 18:10,WO-CBM_100312,ABB,CMB System for Planned Maint.,ABB - Quarterly MBC GVI,,,,30/09/2024 11:05,30/09/2024 11:22,0.283333333,Planned Maint.,MBC,Closed,,,ABB_Offshore,DPR 2790,2024-09 (Sep),P2 - Medium,,September,2024
02/10/2024 18:08,WO-CBM_100311,ABB-FT-HS-01,ABB Submarine Hose Assembly,ABB - Monthly Hose Pick Up Equipment & End Fittings GVI,,,,06/10/2024 06:00,06/10/2024 06:00,0,Planned Maint.,Hoisting & Lifting,Cancelled,,,ABB_Offshore,,2024-10 (Oct),P2 - Medium,,October,2024
02/10/2024 18:07,WO-CBM_100310,ABB-FT-V-1803,ABB PLEM Valve,ABB – Monthly PLEM Valve operation,,,,30/09/2024 11:05,30/09/2024 11:22,0.283333333,Planned Maint.,Valve,Closed,,,ABB_Offshore,DPR 2790,2024-09 (Sep),P2 - Medium,,September,2024
02/10/2024 18:02,WO-CBM_100309,ABB-FT-HS-01,ABB Submarine Hose Assembly,ABB – Monthly GVI Subsea Hoses,,,,30/09/2024 11:05,30/09/2024 11:22,0.283333333,Planned Maint.,Submarine Hose,Closed,,,ABB_Offshore,DPR 2790,2024-09 (Sep),P2 - Medium,,September,2024
02/10/2024 18:01,WO-CBM_100308,ABB-FT-HS-01,ABB Submarine Hose Assembly,ABB – Monthly GVI above water Hoses,,,,30/09/2024 11:05,30/09/2024 11:22,0.283333333,Planned Maint.,Floating Hose,Closed,,,ABB_Offshore,DPR 2790,2024-09 (Sep),P2 - Medium,,September,2024
02/10/2024 18:00,WO-CBM_100307,ABB,CMB System for Planned Maint.,ABB - Monthly Buoy Body GVI and Cleaning,,,,30/09/2024 07:50,30/09/2024 08:49,0.983333333,Planned Maint.,Buoy Body,Closed,,,ABB_Offshore,DPR 2790,2024-09 (Sep),P2 - Medium,,September,2024
02/10/2024 17:59,WO-CBM_100306,ABB,CMB System for Planned Maint.,ABB - Weekly Bush Wear checks,,,,30/09/2024 07:50,30/09/2024 08:49,0.983333333,Planned Maint.,Buoy Body,Closed,,,ABB_Offshore,DPR 2790,2024-09 (Sep),P2 - Medium,,September,2024
02/10/2024 17:58,WO-CBM_100305,ABB,CMB System for Planned Maint.,ABB - Weekly Buoys Freeboard/Draft GVI,,,,30/09/2024 07:50,30/09/2024 08:49,0.983333333,Planned Maint.,Buoy Body,Closed,,,ABB_Offshore,DPR 2790,2024-09 (Sep),P2 - Medium,,September,2024
02/10/2024 17:46,WO-CBM_100304,ABB,CMB System for Planned Maint.,ABB - Weekly Buoy Hooks GVI & Lubrication,,,,30/09/2024 07:50,30/09/2024 08:49,0.983333333,Planned Maint.,Buoy Body,Closed,,,ABB_Offshore,DPR 2790,2024-09 (Sep),P2 - Medium,,September,2024
02/10/2024 17:05,WO-SPM-CBM_100052,ABB,CMB System for Planned Maint.,Test fit spool piece on Atlantis Fire Hydrant for hose flushing,,,,19/11/2024 09:26,19/11/2024 12:00,2.566666667,Planned Corrective Maint.,Fire System,Closed,,,ABB_Offshore,,2024-11 (Nov),P2 - Medium,,November,2024
02/10/2024 17:01,WO-JET_200047,Oil-Jetty,Oil Jetty System for Planned Maintenance,"Corrosion Control: Cleaning and Wrapping of Sections of Jetty Pipelines (6"", 10"", 14"", and 18"")  - suspended due unavailability of wraps.",,,,03/10/2024 10:00,04/10/2024 15:00,29,Planned Corrective Maint.,Piping,Closed,,Wrapping,Oil_Jetty,,2024-10 (Oct),P2 - Medium,,October,2024
02/10/2024 16:59,WO-SPM-CBM_200009,ABB/SPM_Onshore,Onshore ABB_SPM System for Planned Maintenance,Pipeline Inspection Survey / Labelling of valves at Y-Junction,,,,03/10/2024 10:05,03/10/2024 12:00,1.916666667,Planned Corrective Maint.,Piping,Closed,,,ABB_SPM_Onshore,,2024-10 (Oct),P2 - Medium,,October,2024
02/10/2024 16:55,WO-JET_200046,JET-10-PL-WHT-200,"10"" Products Pipeline",Reclamping of 10-inch pipeline to address minor leakage,,,,07/10/2024 09:30,07/10/2024 11:30,2,Planned Corrective Maint.,Piping,Closed,Leak,Retightened,Oil_Jetty,,2024-10 (Oct),P2 - Medium,,October,2024
02/10/2024 16:49,WO-SPM-CBM_100051,ABB/SPM_Onshore,Onshore ABB_SPM System for Planned Maintenance,Weekly Servitude Walk,,,,03/10/2024 09:00,03/10/2024 12:00,3,Planned Maint.,Piping,Closed,,,ABB_SPM_Onshore,,2024-10 (Oct),P2 - Medium,,October,2024
02/10/2024 16:44,WO-JET_100043,Oil-Jetty,Oil Jetty System for Planned Maintenance,"Identification of all defective supports along the Jetty pipelines (6"", 10"", 14"" & 18"")",,,,10/10/2024 09:15,10/10/2024 13:30,4.25,Planned Maint.,Piping Support,Closed,,,Oil_Jetty,,2024-10 (Oct),P2 - Medium,,October,2024
02/10/2024 16:40,WO-W_SHOP_200036,GPMS-W-SHOP,GPMS Maintenance Workshop & Warehouse,Replacement of worn-out blanks on the hoses in storage at the workshop.,,,,02/10/2024 11:40,02/10/2024 14:50,3.166666667,Planned Corrective Maint.,Others,Closed,Damaged,Replaced,W_Shop,,2024-10 (Oct),P2 - Medium,,October,2024
02/10/2024 16:39,WO-W_SHOP_100085,Genset-01,Generator- Megapower,Weekly Inspection,,,,04/10/2024 08:30,04/10/2024 09:00,0.5,Planned Maint.,Engine,Closed,,,W_Shop,,2024-10 (Oct),P2 - Medium,,October,2024
02/10/2024 16:38,WO-W_SHOP_100084,COMP-01,Air Compressor - KOTECH,Weekly Inspection,,,,04/10/2024 08:30,04/10/2024 09:00,0.5,Planned Maint.,Engine,Closed,,,W_Shop,,2024-10 (Oct),P2 - Medium,,October,2024
30/09/2024 08:01,WO-JET_200044,JET-10-PL-WHT-200,"10"" Products Pipeline","A continuous, low-rate leak has been observed at the 6 o'clock position of the 10"" pipeline near the Valco Wharf.

Installed a new clamp",28/09/2024,,,28/09/2024 08:30,28/09/2024 09:03,0.55,Unplanned Corrective Maint.,Piping,Closed,Leak,Clamped,Oil_Jetty,,2024-09 (Sep),P1 - High,,September,2024
30/09/2024 07:55,WO-JET_200043,JET-10-PL-WHT-200,"10"" Products Pipeline","Observed drops/leaks on two (2) of the clamps on the 10""pipeline near the VALCO wharf area.
Retighten clamps",27/09/2024,,,28/09/2024 08:00,28/09/2024 08:03,0.05,Unplanned Corrective Maint.,Piping,Closed,Leak,Retightened,Oil_Jetty,,2024-09 (Sep),P1 - High,,September,2024
27/09/2024 16:22,WO-CBM_100302,ABB,CMB System for Planned Maint.,Pre-berthing Checks,,23/09/2024,,23/09/2024 08:18,23/09/2024 08:49,0.516666667,Inspection,Mooring System,Closed,,,ABB_Offshore,DPR 2786,2024-09 (Sep),P1 - High,,September,2024
27/09/2024 16:18,WO-CBM_200052,ABB-ME-BY-02,ABB  Bravo Buoy,Replacement of missing wooden blocks beneath the ABB02-Bravo buoy hook,,,,23/09/2024 08:18,23/09/2024 08:49,0.516666667,Planned Corrective Maint.,Buoy Body,Closed,Missing,Replaced,ABB_Offshore,DPR 2786,2024-09 (Sep),P1 - High,,September,2024
27/09/2024 16:10,WO-CBM_100301,ABB,CMB System for Planned Maint.,ABB - 4-Monthly Stinger box GVI and Cleaning,,,,30/09/2024 11:05,30/09/2024 11:22,0.283333333,Planned Maint.,Valve,Closed,,,ABB_Offshore,DPR 2790,2024-09 (Sep),P2 - Medium,,September,2024
27/09/2024 16:08,WO-CBM_100300,ABB,CMB System for Planned Maint.,ABB - Quarterly Coating - Deck & QRH touch ups  - cancelled due to limited diving operations and equipment,,,,27/09/2024 05:00,27/09/2024 05:00,0,Planned Maint.,Buoy Body,Cancelled,,,ABB_Offshore,,2024-09 (Sep),P2 - Medium,,September,2024
27/09/2024 16:07,WO-CBM_100299,ABB,CMB System for Planned Maint.,ABB - Weekly Bush Wear checks,,,,23/09/2024 08:18,23/09/2024 08:49,0.516666667,Planned Maint.,Buoy Body,Closed,,,ABB_Offshore,DPR 2786,2024-09 (Sep),P2 - Medium,,September,2024
27/09/2024 16:06,WO-CBM_100298,ABB,CMB System for Planned Maint.,ABB - Weekly Buoys Freeboard/Draft GVI,,,,23/09/2024 08:18,23/09/2024 08:49,0.516666667,Planned Maint.,Buoy Body,Closed,,,ABB_Offshore,DPR 2786,2024-09 (Sep),P2 - Medium,,September,2024
27/09/2024 16:05,WO-CBM_100297,ABB,CMB System for Planned Maint.,ABB - Weekly Buoy Hooks GVI & Lubrication,,,,23/09/2024 08:18,23/09/2024 08:49,0.516666667,Planned Maint.,Lubrication System,Closed,,,ABB_Offshore,DPR 2786,2024-09 (Sep),P2 - Medium,,September,2024
27/09/2024 16:04,WO-SPM_100328,SPM-AE-BY-02,CALM Buoy - CO760,SPM – Weekly Solar Panels GVI and cleaning,,,,27/09/2024 09:54,27/09/2024 10:30,0.6,Planned Maint.,NavAids & Power,Closed,,,SPM_Offshore,DPR 2788,2024-09 (Sep),P2 - Medium,,September,2024
27/09/2024 16:03,WO-SPM_100327,SPM-AE-BY-02,CALM Buoy - CO760,SPM – Weekly Main Bearing Greasing,,,,27/09/2024 09:54,27/09/2024 10:30,0.6,Planned Maint.,Lubrication System,Closed,,,SPM_Offshore,DPR 2788,2024-09 (Sep),P2 - Medium,,September,2024
27/09/2024 16:02,WO-SPM_100326,SPM-AE-BY-02,CALM Buoy - CO760,SPM – Weekly Central Pipe Swivel Greasing and GVI,,,,27/09/2024 09:54,27/09/2024 10:30,0.6,Planned Maint.,Swivel System,Closed,,,SPM_Offshore,DPR 2788,2024-09 (Sep),P2 - Medium,,September,2024
27/09/2024 16:01,WO-SPM_100325,SPM-AE-BY-02,CALM Buoy - CO760,SPM – Weekly Buoy Freeboard/Draft GVI,,,,27/09/2024 09:54,27/09/2024 10:30,0.6,Planned Maint.,Buoy Body,Closed,,,SPM_Offshore,DPR 2788,2024-09 (Sep),P2 - Medium,,September,2024
27/09/2024 15:19,WO-SPM_200054,SPM-AE-BY-02,CALM Buoy - CO760,Replace plate on floating hose.,19/09/2024,,,19/09/2024 09:56,19/09/2024 10:55,0.983333333,Planned Corrective Maint.,Buoy Body,Closed,Worn,Replaced,SPM_Offshore,DPR 2783,2024-09 (Sep),P2 - Medium,,September,2024
27/09/2024 15:16,WO-SPM_200053,SPM-AE-BY-02,CALM Buoy - CO760,Install new grease nipples on buoy,,,,19/09/2024 09:50,19/09/2024 10:55,1.083333333,Planned Corrective Maint.,Buoy Body,Closed,Faulty,Replaced,SPM_Offshore,DPR 2783,2024-09 (Sep),P2 - Medium,,September,2024
27/09/2024 15:10,WO-SPM_100324,SPM-AE-BY-02,CALM Buoy - CO760,SPM – Weekly Solar Panels GVI and cleaning,,,,19/09/2024 09:50,19/09/2024 10:55,1.083333333,Planned Maint.,NavAids & Power,Closed,,,SPM_Offshore,DPR 2783,2024-09 (Sep),P2 - Medium,,September,2024
27/09/2024 15:07,WO-SPM_100323,SPM-AE-BY-02,CALM Buoy - CO760,SPM – Weekly Main Bearing Greasing,,,,19/09/2024 09:50,19/09/2024 10:55,1.083333333,Planned Maint.,Lubrication System,Closed,,,SPM_Offshore,DPR 2783,2024-09 (Sep),P2 - Medium,,September,2024
27/09/2024 15:06,WO-SPM_100322,SPM-AE-BY-02,CALM Buoy - CO760,SPM – Weekly Central Pipe Swivel Greasing and GVI,,,,19/09/2024 09:50,19/09/2024 10:55,1.083333333,Planned Maint.,Swivel System,Closed,,,SPM_Offshore,DPR 2783,2024-09 (Sep),P2 - Medium,,September,2024
27/09/2024 15:05,WO-SPM_100321,SPM-AE-BY-02,CALM Buoy - CO760,SPM – Weekly Buoy Freeboard/Draft GVI,,,,19/09/2024 09:50,19/09/2024 10:55,1.083333333,Planned Maint.,Buoy Body,Closed,,,SPM_Offshore,DPR 2783,2024-09 (Sep),P2 - Medium,,September,2024
27/09/2024 15:03,WO-CBM_100296,ABB,CMB System for Planned Maint.,ABB - Monthly Bouy Location,,,,20/09/2024 07:41,20/09/2024 08:20,0.65,Planned Maint.,Buoy Body,Closed,,,ABB_Offshore,DPR 2784,2024-09 (Sep),P2 - Medium,,September,2024
27/09/2024 15:02,WO-CBM_100295,ABB,CMB System for Planned Maint.,ABB - Weekly Bush Wear checks,,,,20/09/2024 07:41,20/09/2024 08:20,0.65,Planned Maint.,Buoy Body,Closed,,,ABB_Offshore,DPR 2784,2024-09 (Sep),P2 - Medium,,September,2024
27/09/2024 15:01,WO-CBM_100294,ABB,CMB System for Planned Maint.,ABB - Weekly Buoys Freeboard/Draft GVI,,,,20/09/2024 07:41,20/09/2024 08:20,0.65,Planned Maint.,Buoy Body,Closed,,,ABB_Offshore,DPR 2784,2024-09 (Sep),P2 - Medium,,September,2024
27/09/2024 14:59,WO-CBM_100293,ABB,CMB System for Planned Maint.,ABB - Weekly Buoy Hooks GVI & Lubrication,,,,20/09/2024 07:41,20/09/2024 08:20,0.65,Planned Maint.,Buoy Body,Closed,,,ABB_Offshore,DPR 2784,2024-09 (Sep),P2 - Medium,,September,2024
26/09/2024 06:50,WO-JET_200042,JET-MLA-100,"Marine Loading Arm (6"" LPG - MLA 6001)","MT BRITISH SAILOR suspended discharge to Ridge depot @ 1906hrs due to a leakage observed at the neck of the swivel, closer to the manifold connection point. Repaired leakage by GPHA",25/09/2024,,,25/09/2024 19:06,27/09/2024 21:30,50.4,Breakdown,Marine Loading Arm,Closed,Leak,Repaired,Oil_Jetty,,2024-09 (Sep),P1 - High,,September,2024
24/09/2024 08:39,WO-W_SHOP_200034,GPMS-W-SHOP,GPMS Maintenance Workshop & Warehouse,"Repair of Miller STI 270 Welding Machine by Dizengoff
Diagnosing of fault (Equipment unable to weld)
Servicing of boards
Repair of faulty Temperature sensor.",15/07/2024,,,01/08/2024 08:00,23/08/2024 10:00,530,Breakdown,Electrical,Closed - Was Backlog,Faulty,Repaired,W_Shop,,2024-08 (Aug),P2 - Medium,,August,2024
24/09/2024 08:35,WO-W_SHOP_200033,GPMS-W-SHOP,GPMS Maintenance Workshop & Warehouse,Supply and Installation of 11nos of Industrial Roof Extractor Fans at the Workshop,20/09/2024,,,20/09/2024 10:00,25/09/2024 17:00,127,Planned Improvement,HVAC,Closed,Faulty,Replaced,W_Shop,,2024-09 (Sep),P3 - Low,,September,2024
24/09/2024 08:12,WO-JET_200041,Oil-Jetty,Oil Jetty System for Planned Maintenance,Desilting of Jetty Pipeline Servitude,,,,17/09/2024 09:00,12/10/2024 12:00,603,Planned Corrective Maint.,Piping,Closed,Corrosion,,Oil_Jetty,,2024-10 (Oct),P2 - Medium,,September,2024
24/09/2024 08:07,WO-SPM_100329,SPM-AE-BY-01,CALM Buoy - SO17190,GVI of SPM1 at Tema Port,,,,27/09/2024 09:00,27/09/2024 11:00,2,Planned Maint.,Buoy Body,Closed,,,SPM_Offshore,,2024-09 (Sep),P2 - Medium,,September,2024
24/09/2024 08:06,WO-W_SHOP_200032,GPMS-W-SHOP,GPMS Maintenance Workshop & Warehouse,Remodification of Tanker Toolbox,,,,24/09/2024 08:30,25/10/2024 16:00,751.5,Planned Improvement,Tools,Closed,,Fabricate,W_Shop,,2024-10 (Oct),P3 - Low,,September,2024
24/09/2024 08:00,WO-SPM-CBM_100050,ABB/SPM_Onshore,Onshore ABB_SPM System for Planned Maintenance,Weekly Servitude Walk,,,,23/09/2024 09:30,23/09/2024 11:30,2,Planned Maint.,Piping,Closed,,,ABB_SPM_Onshore,,2024-09 (Sep),P2 - Medium,,September,2024
24/09/2024 07:59,WO-W_SHOP_100082,Genset-01,Generator- Megapower,Weekly Inspection,,,,27/09/2024 16:00,27/09/2024 16:30,0.5,Planned Maint.,Engine,Closed,,,W_Shop,,2024-09 (Sep),P2 - Medium,,September,2024
24/09/2024 07:58,WO-W_SHOP_100083,COMP-01,Air Compressor - KOTECH,Weekly Inspection,,,,27/09/2024 16:00,27/09/2024 16:30,0.5,Planned Maint.,Engine,Closed,,,W_Shop,,2024-09 (Sep),P2 - Medium,,September,2024
21/09/2024 08:30,WO-CBM_100292,ABB,CMB System for Planned Maint.,ABB- Pre-berthing Checks,,20/09/2024,,20/09/2024 07:41,20/09/2024 08:20,0.65,Inspection,Mooring System,Closed,,,ABB_Offshore,DPR 2784,2024-09 (Sep),P1 - High,,September,2024
18/09/2024 09:50,WO-W_SHOP_200031,GPMS-W-SHOP,GPMS Maintenance Workshop & Warehouse,Fabrication and coating of metal scrapers for divers,,,,18/09/2024 08:30,19/09/2024 16:00,31.5,Planned Improvement,Tools,Closed,,Fabricate,W_Shop,,2024-09 (Sep),P3 - Low,,September,2024
17/09/2024 16:57,WO-W_SHOP_200030,GPMS-W-SHOP,GPMS Maintenance Workshop & Warehouse,Labelling of gas bottles for divers,,,,16/09/2024 11:00,18/09/2024 10:30,47.5,Planned Improvement,Tools,Closed,,,W_Shop,,2024-09 (Sep),P3 - Low,,September,2024
17/09/2024 14:56,WO-CBM_100291,ABB,CMB System for Planned Maint.,ABB- Pre-berthing Checks,,17/09/2024,,17/09/2024 09:20,17/09/2024 09:57,0.616666667,Inspection,Mooring System,Closed,,,ABB_Offshore,DPR 2782,2024-09 (Sep),P1 - High,,September,2024
17/09/2024 14:55,WO-CBM_100290,ABB,CMB System for Planned Maint.,ABB- Pre-berthing Checks,,14/09/2024,,14/09/2024 08:00,14/09/2024 08:15,0.25,Inspection,Mooring System,Closed,,,ABB_Offshore,DPR 2780,2024-09 (Sep),P1 - High,,September,2024
17/09/2024 14:46,WO-CBM_100289,ABB,CMB System for Planned Maint.,ABB- Pre-berthing Checks,,11/09/2024,,11/09/2024 09:57,11/09/2024 14:44,4.783333333,Inspection,Mooring System,Closed,,,ABB_Offshore,DPR 2778,2024-09 (Sep),P1 - High,,September,2024
17/09/2024 14:37,WO-CBM_100288,ABB,CMB System for Planned Maint.,ABB- Pre-berthing Checks,,08/09/2024,,08/09/2024 07:05,08/09/2024 07:39,0.566666667,Inspection,Mooring System,Closed,,,ABB_Offshore,DPR 2776,2024-09 (Sep),P1 - High,,September,2024
17/09/2024 09:57,WO-W_SHOP_200029,GPMS-W-SHOP,GPMS Maintenance Workshop & Warehouse,Fabrication and coating of ladder for Divers operations on Express boat,,,,11/09/2024 09:00,18/09/2024 10:30,169.5,Planned Improvement,Buoy Body,Closed,,Fabricate,W_Shop,,2024-09 (Sep),P3 - Low,,September,2024
16/09/2024 09:10,WO-JET_100042,Oil-Jetty,Oil Jetty System for Planned Maintenance,"Bi-weekly Servitude Walk / Pipeline Inspection - Identification of all defective supports along the Jetty pipelines (6"", 10"", 14"" & 18"")",,,,26/09/2024 09:00,02/10/2024 12:30,147.5,Planned Maint.,Piping,Closed,,,Oil_Jetty,,2024-10 (Oct),P2 - Medium,,September,2024
16/09/2024 09:08,WO-W_SHOP_100081,GPMS-W-SHOP,GPMS Maintenance Workshop & Warehouse,Bi-annual Lifting Equipment Inspection,,,,18/09/2024 11:00,23/09/2024 17:00,126,Planned Maint.,Hoisting & Lifting,Closed,,,W_Shop,,2024-09 (Sep),P2 - Medium,,September,2024
16/09/2024 09:05,WO-SPM-CBM_100048,ABB/SPM_Onshore,Onshore ABB_SPM System for Planned Maintenance,Monthly Cathodic protection potential measurement,,,,17/09/2024 09:30,17/09/2024 11:30,2,Planned Maint.,Cathodic Protection,Closed,,,ABB_SPM_Onshore,,2024-09 (Sep),P2 - Medium,,September,2024
16/09/2024 09:03,WO-SPM-CBM_100049,ABB/SPM_Onshore,Onshore ABB_SPM System for Planned Maintenance,Weekly Servitude Walk / Pipeline Inspection,,,,17/09/2024 09:30,17/09/2024 11:30,2,Planned Maint.,Piping,Closed,,,ABB_SPM_Onshore,,2024-09 (Sep),P2 - Medium,,September,2024
16/09/2024 09:00,WO-W_SHOP_100080,COMP-01,Air Compressor - KOTECH,Weekly Inspection,,,,20/09/2024 16:00,20/09/2024 16:30,0.5,Planned Maint.,Engine,Closed,,,W_Shop,,2024-09 (Sep),P2 - Medium,,September,2024
16/09/2024 08:59,WO-W_SHOP_100079,Genset-01,Generator- Megapower,Weekly Inspection,,,,20/09/2024 13:00,20/09/2024 13:30,0.5,Planned Maint.,Engine,Closed,,,W_Shop,,2024-09 (Sep),P2 - Medium,,September,2024
10/09/2024 08:34,WO-CBM_100287,ABB,CMB System for Planned Maint.,"Monthly Mooring Buoy Pins, Swivel & Touchdown Area on Chain",,,,17/09/2024 07:37,17/09/2024 08:51,1.233333333,Planned Maint.,Buoy Body,Closed,,,ABB_Offshore,DPR 2781,2024-09 (Sep),P2 - Medium,,September,2024
10/09/2024 08:33,WO-CBM_100286,ABB,CMB System for Planned Maint.,Monthly Buoy Body GVI and Cleaning -  - cancelled due to limited diving operations and equipment,,,,11/09/2024 06:00,11/09/2024 06:00,0,Planned Maint.,Buoy Body,Cancelled,,,ABB_Offshore,,2024-09 (Sep),P2 - Medium,,September,2024
10/09/2024 08:32,WO-CBM_100285,ABB,CMB System for Planned Maint.,Weekly Bush Wear Checks,,,,08/09/2024 07:38,08/09/2024 10:38,3,Planned Maint.,Buoy Body,Closed,,,ABB_Offshore,DPR 2776,2024-09 (Sep),P2 - Medium,,September,2024
10/09/2024 08:29,WO-CBM_100284,ABB,CMB System for Planned Maint.,Weekly Buoys Freeboard/Draft GVI,,,,08/09/2024 07:37,08/09/2024 10:38,3.016666667,Planned Maint.,Buoy Body,Closed,,,ABB_Offshore,DPR 2776,2024-09 (Sep),P2 - Medium,,September,2024
10/09/2024 08:28,WO-CBM_100283,ABB,CMB System for Planned Maint.,Weekly Buoy Hooks GVI & Lubrication,,,,08/09/2024 07:37,08/09/2024 10:38,3.016666667,Planned Maint.,Buoy Body,Closed,,,ABB_Offshore,DPR 2776,2024-09 (Sep),P2 - Medium,,September,2024
10/09/2024 08:26,WO-SPM_100320,SPM-ME-CH-01,SPM Mooring Chain,Quarterly Chain Angles Measurement  - cancelled due to limited diving operations and equipment,,,,10/10/2024 06:00,10/10/2024 06:00,0,Planned Maint.,Anchoring System,Cancelled,,,SPM_Offshore,,2024-10 (Oct),P2 - Medium,,October,2024
10/09/2024 08:25,WO-SPM_100319,SPM-AE-BY-02,CALM Buoy - CO760,"Bi-Weekly Turntable Rotation & Locking Pins, Guides and Brakes",,,,10/10/2024 06:00,10/10/2024 06:00,0,Planned Maint.,Buoy Body,Cancelled,,,SPM_Offshore,,2024-10 (Oct),P2 - Medium,,October,2024
10/09/2024 08:23,WO-SPM_100318,SPM-FT-BY-02,CALM Buoy - CO760 Cargo transfer System,SPM - Monthly Hose Pick Up Equipment GVI,,,,14/09/2024 12:27,14/09/2024 12:45,0.3,Planned Maint.,Hoisting & Lifting,Closed,,,SPM_Offshore,DPR 2780,2024-09 (Sep),P2 - Medium,,September,2024
10/09/2024 08:20,WO-SPM_100317,SPM-AE-BY-02,CALM Buoy - CO760,"Monthly Inspection of Mooring Bridle/Bridle Platform, Hawser &other Acc. GVI",,,,10/09/2024 10:55,10/09/2024 13:40,2.75,Planned Maint.,Mooring System,Closed,,,SPM_Offshore,DPR 2777,2024-09 (Sep),P2 - Medium,,September,2024
10/09/2024 08:16,WO-SPM_100316,SPM-AE-BY-02,CALM Buoy - CO760,SPM - Monthly Navigation Aids,,,,10/09/2024 10:27,10/09/2024 10:52,0.416666667,Planned Maint.,NavAids & Power,Closed,,,SPM_Offshore,DPR  2777,2024-09 (Sep),P2 - Medium,,September,2024
10/09/2024 08:15,WO-SPM_100315,SPM-AE-BY-02,CALM Buoy - CO760,SPM - Monthly Soundings,,,,10/09/2024 06:00,10/09/2024 06:00,0,Planned Maint.,Buoy Body,Cancelled,,,SPM_Offshore,,2024-09 (Sep),P2 - Medium,,September,2024
10/09/2024 08:14,WO-SPM_100314,SPM-AE-BY-02,CALM Buoy - CO760,Weekly Solar Panel GVI and Cleaning,,,,10/09/2024 10:27,10/09/2024 10:52,0.416666667,Planned Maint.,NavAids & Power,Closed,,,SPM_Offshore,DPR 2777,2024-09 (Sep),P2 - Medium,,September,2024
10/09/2024 08:13,WO-SPM_100313,SPM-AE-BY-02,CALM Buoy - CO760,Weekly Main Bearing Greasing,,,,10/09/2024 10:27,10/09/2024 10:52,0.416666667,Planned Maint.,Lubrication System,Closed,,,SPM_Offshore,DPR 2777,2024-09 (Sep),P2 - Medium,,September,2024
10/09/2024 08:11,WO-SPM_100312,SPM-AE-BY-02,CALM Buoy - CO760,Weekly Central Pipe Swivel Greasing and GVI,,,,10/09/2024 10:27,10/09/2024 10:52,0.416666667,Planned Maint.,Swivel System,Closed,,,SPM_Offshore,DPR 2777,2024-09 (Sep),P2 - Medium,,September,2024
10/09/2024 08:07,WO-SPM_100310,SPM-AE-BY-02,CALM Buoy - CO760,Weekly Central Pipe Swivel Greasing and GVI,,,,05/09/2024 08:50,05/09/2024 09:15,0.416666667,Planned Maint.,Swivel System,Closed,,,SPM_Offshore,"DPR 2774,2775",2024-09 (Sep),P2 - Medium,,September,2024
10/09/2024 08:04,WO-SPM_100311,SPM-AE-BY-02,CALM Buoy - CO760,Weekly Buoy Freeboard/Draft GVI,,,,10/09/2024 10:27,10/09/2024 10:52,0.416666667,Planned Maint.,Buoy Body,Closed,,,SPM_Offshore,DPR 2777,2024-09 (Sep),P2 - Medium,,September,2024
10/09/2024 07:57,WO-SPM_100309,SPM-FT-HS-01,SPM Hose String Assembly (Floating/Submarine),SPM - Monthly GVI of Floating Hoses & Subsea Hoses,,,,05/09/2024 07:45,05/09/2024 08:05,0.333333333,Planned Maint.,Hose,Closed,,,SPM_Offshore,DPR 2774,2024-09 (Sep),P2 - Medium,,September,2024
09/09/2024 12:46,WO-W_SHOP_200028,Genset-01,Generator- Megapower,Fabrication of Genset external fuel tank,,15/09/2024,72,,,,Planned Improvement,Engine,Backlog,,Fabricate,W_Shop,,2024-09 (Sep),P2 - Medium,,September,2024
09/09/2024 12:37,WO-JET_100041,Oil-Jetty,Oil Jetty System for Planned Maintenance,Bi-weekly Servitude Walk / Pipeline Inspection,,,,15/09/2024 00:00,15/09/2024 00:00,0,Planned Maint.,Piping,Cancelled,,,Oil_Jetty,,2024-09 (Sep),P2 - Medium,,September,2024
09/09/2024 12:35,WO-SPM-CBM_100047,ABB/SPM_Onshore,Onshore ABB_SPM System for Planned Maintenance,Touch-ups on pipeline/valves at TOR Y-junction,,,,11/09/2024 09:00,12/09/2024 12:00,27,Planned Corrective Maint.,Piping,Closed,Corrosion,Paint,ABB_SPM_Onshore,,2024-09 (Sep),P2 - Medium,,September,2024
09/09/2024 12:31,WO-JET_100040,Oil-Jetty,Oil Jetty System for Planned Maintenance,Monthly Sump and Sump Pipeline Inspection,,,,12/09/2024 12:00,12/09/2024 13:00,1,Planned Maint.,Piping,Closed,,,Oil_Jetty,,2024-09 (Sep),P2 - Medium,,September,2024
09/09/2024 12:29,WO-JET_100039,Oil-Jetty,Oil Jetty System for Planned Maintenance,Annual replacement of pressure gauges with calibrated units,,,,12/09/2024 09:00,12/09/2024 12:00,3,Planned Maint.,Valve,Closed,,Replaced,Oil_Jetty,,2024-09 (Sep),P2 - Medium,,September,2024
09/09/2024 11:40,WO-JET_100038,Oil-Jetty,Oil Jetty System for Planned Maintenance,Monthly Valve/Pressure Gauges Inspection,,,,12/09/2024 12:00,12/09/2024 13:00,1,Planned Maint.,Valve,Closed,,,Oil_Jetty,,2024-09 (Sep),P2 - Medium,,September,2024
09/09/2024 11:37,WO-SPM-CBM_100046,ABB/SPM_Onshore,Onshore ABB_SPM System for Planned Maintenance,Weekly Servitude Walk,,,,09/09/2024 10:00,09/09/2024 11:00,1,Planned Maint.,Piping,Closed,,,ABB_SPM_Onshore,,2024-09 (Sep),P2 - Medium,,September,2024
09/09/2024 11:36,WO-W_SHOP_100078,COMP-01,Air Compressor - KOTECH,Weekly Inspection,,,,13/09/2024 11:30,13/09/2024 12:00,0.5,Planned Maint.,Engine,Closed,,,W_Shop,,2024-09 (Sep),P2 - Medium,,September,2024
09/09/2024 11:35,WO-W_SHOP_100077,Genset-01,Generator- Megapower,Weekly Inspection,,,,13/09/2024 11:30,13/09/2024 12:00,0.5,Planned Maint.,Engine,Closed,,,W_Shop,,2024-09 (Sep),P2 - Medium,,September,2024
06/09/2024 16:13, WO-W_SHOP_200027,GPMS-W-SHOP,GPMS Maintenance Workshop & Warehouse,Repair & Recoating of Tanker Toolbox,05/09/2024,,,05/09/2024 09:00,13/09/2024 12:00,195,Planned Corrective Maint.,Tools,Closed,Corrosion,Coated,W_Shop,,2024-09 (Sep),P2 - Medium,,September,2024
06/09/2024 16:07, WO-WO_SHOP_200026,GPMS-W-SHOP,GPMS Maintenance Workshop & Warehouse,Coating of cecil buoy,04/09/2024,,,04/09/2024 09:00,06/09/2024 11:30,50.5,Planned Corrective Maint.,Marker Bouy,Closed,Scuff Marks,Coated,W_Shop,,2024-09 (Sep),P2 - Medium,,September,2024
06/09/2024 07:53,WO-SPM_100308,SPM-AE-BY-02,CALM Buoy - CO760,Pre-berthing checks on SPM2,,05/09/2024,,05/09/2024 07:45,05/09/2024 09:27,1.7,Inspection,Mooring System,Closed,,,SPM_Offshore,DPR 2774,2024-09 (Sep),P1 - High,,September,2024
05/09/2024 08:14,WO-SPM_200052,SPM-AE-BY-02,CALM Buoy - CO760,Inspection and installation of mooring hawser,,,,02/09/2024 13:10,02/09/2024 13:28,0.3,Planned Maint.,Mooring System,Closed,,,SPM_Offshore,DPR 2771,2024-09 (Sep),P2 - Medium,,September,2024
05/09/2024 08:08,WO-CBM_100281,ABB,CMB System for Planned Maint.,ABB-Pre-berthing Checks,,03/09/2024,,03/09/2024 08:25,03/09/2024 08:55,0.5,Inspection,Mooring System,Closed,,,ABB_Offshore,DPR 2772,2024-09 (Sep),P1 - High,,September,2024
05/09/2024 08:03,WO-W_SHOP_200025,GPMS-W-SHOP,GPMS Maintenance Workshop & Warehouse,Cutting of plywood flange protective covers for the floating and subsea hoses,02/09/2024,,,02/09/2024 12:00,03/09/2024 15:00,27,Planned Corrective Maint.,Hose,Closed,Worn,Replaced,W_Shop,,2024-09 (Sep),P2 - Medium,,September,2024
03/09/2024 18:53,WO-W_SHOP_200024,ABB-ME-BY-01,ABB Spare Buoy,Corrosion control on lower and upper king post - ABB01,30/08/2024,,,30/08/2024 13:00,30/08/2024 14:00,1,Planned Corrective Maint.,Buoy Body,Closed,Corrosion,Lubricated,W_Shop,,2024-08 (Aug),P1 - High,,August,2024
02/09/2024 18:26,WO-JET_200040,JET-10-PL-WHT-200,"10"" Products Pipeline","Retightening of bracket on 10"" pipeline at VALCO wharf

BRK/10/002",26/08/2024,,,26/08/2024 10:00,26/08/2024 10:30,0.5,Planned Corrective Maint.,Piping,Closed,Leak,Retightened,Oil_Jetty,,2024-08 (Aug),P1 - High,,August,2024
02/09/2024 17:52,WO-W_SHOP_200023,W_SHOP-PIG_LAUNCHER,"20"" PIG Launcher - Workshop",Cutting of 3 pieces of 3mm sheet gasket for the 20inch pig launcher,30/08/2024,,,30/08/2024 09:00,30/08/2024 11:00,2,Planned Corrective Maint.,Piping,Closed,Worn,Replaced,W_Shop,,2024-08 (Aug),P2 - Medium,,August,2024
02/09/2024 10:02,WO-JET_200039,JET-V-201A,"2"" Gate Valve",Replacement of faulty drain valve V-201A,,,,09/10/2024 09:00,09/10/2024 10:00,1,Planned Corrective Maint.,Valve,Closed,Faulty,Replaced,Oil_Jetty,,2024-10 (Oct),P2 - Medium,,October,2024
02/09/2024 09:59,WO-SPM-CBM_100045,ABB/SPM_Onshore,Onshore ABB_SPM System for Planned Maintenance,Weekly Servitude Walk / Pipeline Inspection,,,,02/09/2024 10:00,02/09/2024 15:00,5,Planned Maint.,Piping,Closed,,,ABB_SPM_Onshore,,2024-09 (Sep),P2 - Medium,,September,2024
02/09/2024 09:56,WO-W_SHOP_200022,GPMS-W-SHOP,GPMS Maintenance Workshop & Warehouse,Labeling of GPMS water supply Poly tank - Access bank building area,,,,03/09/2024 09:00,03/09/2024 11:00,2,Planned Corrective Maint.,Others,Closed,,,W_Shop,,2024-09 (Sep),P2 - Medium,,September,2024
02/09/2024 09:52,WO-W_SHOP_100075,COMP-01,Air Compressor - KOTECH,Weekly Inspection,,,,06/09/2024 12:30,06/09/2024 13:00,0.5,Planned Maint.,Engine,Closed,,,W_Shop,,2024-09 (Sep),P2 - Medium,,September,2024
02/09/2024 09:52,WO-W_SHOP_100076,Genset-01,Generator- Megapower,Weekly Inspection,,,,06/09/2024 12:30,06/09/2024 13:00,0.5,Planned Maint.,Engine,Closed,,,W_Shop,,2024-09 (Sep),P2 - Medium,,September,2024
02/09/2024 08:05,WO-CBM_100280,ABB,CMB System for Planned Maint., ABB Pre-Berthing Checks,,31/08/2024,,31/08/2024 08:37,31/08/2024 09:03,0.433333333,Inspection,Mooring System,Closed,,,ABB_Offshore,DPR 2769,2024-08 (Aug),P1 - High,,August,2024
02/09/2024 08:03,WO-CBM_100279,ABB,CMB System for Planned Maint., ABB Pre-Berthing Checks,,30/08/2024,,30/08/2024 07:13,30/08/2024 07:38,0.416666667,Inspection,Mooring System,Closed,,,ABB_Offshore,DPR 2768,2024-08 (Aug),P1 - High,,August,2024
31/08/2024 16:35,WO-W_SHOP_200021,Genset-01,Generator- Megapower,Replaced faulty Genset battery,30/08/2024,,,31/08/2024 10:00,31/08/2024 12:00,2,Unplanned Corrective Maint.,Electrical,Closed,Faulty,Replaced,W_Shop,,2024-08 (Aug),P1 - High,,August,2024
29/08/2024 08:36,WO-CBM_200051,ABB-ME-BY-02,ABB  Bravo Buoy,Change out ABB02 (Bravo) worn out UKP Bushes.,,,,28/08/2024 07:37,28/08/2024 08:25,0.8,Planned Corrective Maint.,Buoy Body,Closed,Worn,Replaced,ABB_Offshore,DPR 2766 / ABB Report 301,2024-08 (Aug),P1 - High,ABB Report,August,2024
29/08/2024 08:34,WO-CBM_100278,ABB,CMB System for Planned Maint.,ABB-Pre-berthing Checks,,28/08/2024,,28/08/2024 07:37,28/08/2024 08:25,0.8,Inspection,Mooring System,Closed,,,ABB_Offshore,DPR 2766,2024-08 (Aug),P1 - High,,August,2024
27/08/2024 08:09,WO-CBM_100277,ABB,CMB System for Planned Maint.,ABB - Pre-berthing checks,,25/08/2024,,25/08/2024 12:57,25/08/2024 13:32,0.583333333,Inspection,Mooring System,Closed,,,ABB_Offshore,DPR 2763,2024-08 (Aug),P1 - High,,August,2024
27/08/2024 07:52,WO-CBM_100269,ABB,CMB System for Planned Maint., ABB Pre-Berthing Checks,,23/08/2024,,23/08/2024 07:43,23/08/2024 08:20,0.616666667,Inspection,Mooring System,Closed,,,ABB_Offshore,DPR 2761,2024-08 (Aug),P1 - High,,August,2024
26/08/2024 09:17,WO-JET_200038,Oil-Jetty,Oil Jetty System for Planned Maintenance,"Labeling of Jetty pipelines (6"", 10"", 14"" & 18"") - between the jetty office and the security gate area) and (between Crossing 1 to VALCO Wharf area)",,,,03/09/2024 09:00,03/09/2024 14:00,5,Planned Improvement,Piping,Closed,,,Oil_Jetty,,2024-09 (Sep),P3 - Low,,September,2024
26/08/2024 09:14,WO-JET_200037,Oil-Jetty,Oil Jetty System for Planned Maintenance,Fixing of MRB Rubber between touching pipelines - (Oil palm and 24inch pipeline at the TLOC Bridge) and (Tema Steel Works Junction Bridge to TOR Battery Limit),,,,26/08/2024 10:30,26/08/2024 11:00,0.5,Planned Corrective Maint.,Piping,Closed,,,Oil_Jetty,,2024-08 (Aug),P2 - Medium,,August,2024
26/08/2024 09:10,WO-JET_100036,Oil-Jetty,Oil Jetty System for Planned Maintenance,Bi-weekly Servitude Walk / Pipeline Inspection,,,,26/08/2024 09:00,26/08/2024 13:00,4,Planned Maint.,Piping,Closed,,,Oil_Jetty,,2024-08 (Aug),P2 - Medium,,August,2024
26/08/2024 09:09,WO-JET_200036,Oil-Jetty,Oil Jetty System for Planned Maintenance,Rearranging of electrical cable trays in between pipelines near the Oil Jetty Platform,,,,26/08/2024 09:00,26/08/2024 10:00,1,Planned Corrective Maint.,Electrical,Closed,Abrasion,Aligned,Oil_Jetty,,2024-08 (Aug),P3 - Low,,August,2024
26/08/2024 09:06,WO-SPM-CBM_100044,ABB/SPM_Onshore,Onshore ABB_SPM System for Planned Maintenance,Monthly Cathodic protection potential measurement,,,,29/08/2024 10:30,29/08/2024 12:30,2,Planned Maint.,Cathodic Protection,Closed,,,ABB_SPM_Onshore,,2024-08 (Aug),P2 - Medium,,August,2024
26/08/2024 09:03,WO-SPM-CBM_200008,ABB/SPM_Onshore,Onshore ABB_SPM System for Planned Maintenance,"Corrosion Control: Touch-up of the 18"" and 36"" pipelines at the Gao Lagoon Station",,,,28/08/2024 10:30,28/08/2024 12:30,2,Planned Corrective Maint.,Piping,Closed,,,ABB_SPM_Onshore,,2024-08 (Aug),P2 - Medium,,August,2024
26/08/2024 08:59,WO-W_SHOP_200020,GPMS-W-SHOP,GPMS Maintenance Workshop & Warehouse,Modification of Atlantis Fire Hydrant for Hose Flushing,,,,31/10/2024 10:00,04/11/2024 12:00,98,Planned Improvement,Piping,Closed,,Fabricate,W_Shop,,2024-11 (Nov),P3 - Low,,October,2024
26/08/2024 08:52,WO-W_SHOP_100074,GPMS-W-SHOP,GPMS Maintenance Workshop & Warehouse,Housekeeping - Rearranging of metal scraps at the workshop,,,,27/08/2024 09:00,30/08/2024 15:00,78,Planned Maint.,Tools,Closed,,,W_Shop,,2024-08 (Aug),P2 - Medium,,August,2024
26/08/2024 08:47,WO-W_SHOP_100073,Genset-01,Generator- Megapower,Weekly Inspection,,,,27/08/2024 13:00,27/08/2024 13:30,0.5,Planned Maint.,Engine,Closed,,,W_Shop,,2024-08 (Aug),P2 - Medium,,August,2024
26/08/2024 08:46,WO-W_SHOP_100072,COMP-01,Air Compressor - KOTECH,Weekly Inspection,,,,30/08/2024 16:00,30/08/2024 16:30,0.5,Planned Maint.,Engine,Closed,,,W_Shop,,2024-08 (Aug),P2 - Medium,,August,2024
26/08/2024 08:42,WO-SPM_100307,SPM-FT-BY-02,CALM Buoy - CO760 Cargo transfer System,SPM – Monthly Expansion Joint GVI,,,,29/08/2024 08:01,29/08/2024 09:00,0.983333333,Planned Maint.,Piping Support,Closed,,,SPM_Offshore,DPR 2767,2024-08 (Aug),P2 - Medium,,August,2024
26/08/2024 08:35,WO-SPM_100306,SPM-AE-BY-02,CALM Buoy - CO760,SPM – Monthly Top Side Valve Operations,,,,29/08/2024 08:01,29/08/2024 09:00,0.983333333,Planned Maint.,Valve,Closed,,,SPM_Offshore,DPR 2767,2024-08 (Aug),P2 - Medium,,August,2024
26/08/2024 08:34,WO-SPM_100305,SPM-FT-BY-02,CALM Buoy - CO760 Cargo transfer System,SPM – Monthly External Leakage GVI,,,,29/08/2024 08:01,29/08/2024 09:00,0.983333333,Planned Maint.,Piping,Closed,,,SPM_Offshore,DPR 2767,2024-08 (Aug),P2 - Medium,,August,2024
26/08/2024 08:32,WO-SPM_100304,SPM-FT-BY-02,CALM Buoy - CO760 Cargo transfer System,SPM – Monthly Fluid Swivel GVI,,,,29/08/2024 08:01,29/08/2024 09:00,0.983333333,Planned Maint.,Swivel System,Closed,,,SPM_Offshore,DPR 2767,2024-08 (Aug),P2 - Medium,,August,2024
26/08/2024 08:24,WO-SPM_100303,SPM-FT-BY-02,CALM Buoy - CO760 Cargo transfer System,SPM – Monthly Torque Arm GVI,,,,29/08/2024 08:01,29/08/2024 09:00,0.983333333,Planned Maint.,Swivel System,Closed,,,SPM_Offshore,DPR 2767,2024-08 (Aug),P2 - Medium,,August,2024
26/08/2024 08:22,WO-SPM_100302,SPM-AE-BY-02,CALM Buoy - CO760,SPM – Weekly Solar Panels GVI and cleaning,,,,29/08/2024 08:01,29/08/2024 09:00,0.983333333,Planned Maint.,NavAids & Power,Closed,,,SPM_Offshore,DPR 2767,2024-08 (Aug),P2 - Medium,,August,2024
26/08/2024 08:21,WO-SPM_100301,SPM-AE-BY-02,CALM Buoy - CO760,SPM – Weekly Main Bearing Greasing,,,,29/08/2024 08:01,29/08/2024 09:00,0.983333333,Planned Maint.,Lubrication System,Closed,,,SPM_Offshore,DPR 2767,2024-08 (Aug),P2 - Medium,,August,2024
26/08/2024 08:19,WO-SPM_100300,SPM-AE-BY-02,CALM Buoy - CO760,SPM – Weekly Central Pipe Swivel Greasing and GVI,,,,29/08/2024 08:01,29/08/2024 09:00,0.983333333,Planned Maint.,Swivel System,Closed,,,SPM_Offshore,DPR 2767,2024-08 (Aug),P2 - Medium,,August,2024
26/08/2024 08:19,WO-SPM_100299,SPM-AE-BY-02,CALM Buoy - CO760,SPM – Weekly Buoy Freeboard/Draft GVI,,,,29/08/2024 08:01,29/08/2024 09:00,0.983333333,Planned Maint.,Buoy Body,Closed,,,SPM_Offshore,DPR 2767,2024-08 (Aug),P2 - Medium,,August,2024
26/08/2024 08:17,WO-CBM_100276,ABB-FT-HS-01,ABB Submarine Hose Assembly,ABB - Monthly Hose Pick Up Equipment & End Fittings GVI,,,,28/08/2024 07:37,28/08/2024 08:25,0.8,Planned Maint.,Hoisting & Lifting,Closed,,,ABB_Offshore,DPR 2766,2024-08 (Aug),P2 - Medium,,August,2024
26/08/2024 08:16,WO-CBM_100275,ABB-FT-V-1803,ABB PLEM Valve,ABB – Monthly PLEM Valve operation,,,,28/08/2024 07:37,28/08/2024 08:25,0.8,Planned Maint.,Valve,Closed,,,ABB_Offshore,DPR 2766,2024-08 (Aug),P2 - Medium,,August,2024
26/08/2024 08:15,WO-CBM_100274,ABB-FT-HS-01,ABB Submarine Hose Assembly,ABB – Monthly GVI Subsea Hoses,,,,28/08/2024 07:37,28/08/2024 08:25,0.8,Planned Maint.,Submarine Hose,Closed,,,ABB_Offshore,DPR 2766,2024-08 (Aug),P2 - Medium,,August,2024
26/08/2024 08:13,WO-CBM_100273,ABB-FT-HS-01,ABB Submarine Hose Assembly,ABB – Monthly GVI above water Hoses,,,,28/08/2024 07:37,28/08/2024 08:25,0.8,Planned Maint.,Floating Hose,Closed,,,ABB_Offshore,DPR 2766,2024-08 (Aug),P2 - Medium,,August,2024
26/08/2024 08:12,WO-CBM_100272,ABB,CMB System for Planned Maint.,ABB - Weekly Bush Wear checks,,,,28/08/2024 07:37,28/08/2024 08:25,0.8,Planned Maint.,Buoy Body,Closed,,,ABB_Offshore,DPR 2766,2024-08 (Aug),P2 - Medium,,August,2024
26/08/2024 08:12,WO-CBM_100271,ABB,CMB System for Planned Maint.,ABB - Weekly Buoys Freeboard/Draft GVI,,,,28/08/2024 07:37,28/08/2024 08:25,0.8,Planned Maint.,Buoy Body,Closed,,,ABB_Offshore,DPR 2766,2024-08 (Aug),P2 - Medium,,August,2024
26/08/2024 08:11,WO-CBM_100270,ABB,CMB System for Planned Maint.,ABB - Weekly Buoy Hooks GVI & Lubrication,,,,28/08/2024 07:37,28/08/2024 08:25,0.8,Planned Maint.,Buoy Body,Closed,,,ABB_Offshore,DPR 2766,2024-08 (Aug),P2 - Medium,,August,2024
23/08/2024 14:52,WO-W_SHOP_200019,HTU-01,OCIMF Marine Hose Test Rig,Leaking HTU Pressure Test Pump - broken pump piston,23/08/2024,,,23/08/2024 09:00,23/08/2024 10:00,1,Planned Corrective Maint.,Engine,Closed,Faulty,Removed,W_Shop,,2024-08 (Aug),P2 - Medium,,August,2024
23/08/2024 14:47, WO-W_SHOP_200018,ABB-FT-SPOOL_PIECE,"12"" PIG LAUNCHER (SPOOL PIECE  32"" LONG APPROX)",Embossing label on spool pieces using stick welding techniques for identification purposes and applying finishing coat.,,,,23/08/2024 09:00,28/08/2024 11:00,122,Planned Corrective Maint.,Piping,Closed,,,W_Shop,,2024-08 (Aug),P2 - Medium,,August,2024
22/08/2024 08:35,WO-JET_200035,JET-10-PL-WHT-200,"10"" Products Pipeline","Small leakage observed on the 10"" pipeline close to the VALCO Wharf. Perforation at the 6'Oclock position. Leak section clamped with a bracket temporarily.

Bracket No: BRK/10/001",21/08/2024,,,21/08/2024 08:30,21/08/2024 11:00,2.5,Unplanned Corrective Maint.,Piping,Closed,Leak,Clamped,Oil_Jetty,,2024-08 (Aug),P1 - High,,August,2024
22/08/2024 08:33,WO-JET_200034,JET-10-PL-WHT-200,"10"" Products Pipeline","Small leakage observed on the 10"" pipeline close to the VALCO Wharf. Perforation at the 8'Oclock position. Leak section clamped with a bracket temporarily.

Bracket No: BRK/10/002",21/08/2024,,,21/08/2024 08:30,21/08/2024 11:00,2.5,Unplanned Corrective Maint.,Piping,Closed,Leak,Clamped,Oil_Jetty,,2024-08 (Aug),P1 - High,,August,2024
21/08/2024 09:36,WO-CBM_200050,ABB-ME-BY-05,ABB Alpha Buoy,Change out ABB05 (Alpha) worn out UKP Bushes.,,,,20/08/2024 07:43,20/08/2024 09:02,1.316666667,Planned Corrective Maint.,Buoy Body,Closed,Worn,Replaced,ABB_Offshore,DPR 2758 / ABB Report 300,2024-08 (Aug),P1 - High,ABB Report,August,2024
21/08/2024 09:32,WO-CBM_100268,ABB,CMB System for Planned Maint.,ABB Pre-Berthing Checks,,20/08/2024,,20/08/2024 07:43,20/08/2024 09:02,1.316666667,Inspection,Mooring System,Closed,,,ABB_Offshore,DPR 2758,2024-08 (Aug),P1 - High,,August,2024
19/08/2024 08:43,WO-W_SHOP_100070,Genset-01,Generator- Megapower,Weekly Inspection,,,,23/08/2024 14:00,23/08/2024 14:30,0.5,Planned Maint.,Engine,Closed,,,W_Shop,,2024-08 (Aug),P2 - Medium,,August,2024
19/08/2024 08:41,WO-W_SHOP_100069,COMP-01,Air Compressor - KOTECH,Weekly Inspection,,,,23/08/2024 14:00,23/08/2024 14:30,0.5,Planned Maint.,Engine,Closed,,,W_Shop,,2024-08 (Aug),P2 - Medium,,August,2024
19/08/2024 08:39,WO-W_SHOP_100071,GPMS-W-SHOP,GPMS Maintenance Workshop & Warehouse,Triannual Hose Rotation,,,,19/08/2024 09:00,20/08/2024 12:00,27,Planned Maint.,Hose,Closed,,,W_Shop,,2024-08 (Aug),P2 - Medium,,August,2024
19/08/2024 08:37,WO-SPM-CBM_100043,ABB/SPM_Onshore,Onshore ABB_SPM System for Planned Maintenance,Weekly Servitude Walk / Pipeline Inspection,,,,23/08/2024 10:00,23/08/2024 12:00,2,Planned Maint.,Piping,Closed,,,ABB_SPM_Onshore,,2024-08 (Aug),P2 - Medium,,August,2024
19/08/2024 08:34,WO-JET_100037,Oil-Jetty,Oil Jetty System for Planned Maintenance,Bi-weekly Servitude Walk / Pipeline Inspection,,,,25/08/2024 06:00,25/08/2024 06:00,0,Planned Maint.,Piping,Cancelled,,,Oil_Jetty,,2024-08 (Aug),P2 - Medium,,August,2024
19/08/2024 08:29,WO-CBM_100267,ABB,CMB System for Planned Maint.,ABB - Weekly Bush Wear checks,,,,20/08/2024 07:43,20/08/2024 09:02,1.316666667,Planned Maint.,Buoy Body,Closed,,,ABB_Offshore,DPR 2758,2024-08 (Aug),P2 - Medium,,August,2024
19/08/2024 08:27,WO-CBM_100266,ABB,CMB System for Planned Maint.,ABB - Weekly Buoys Freeboard/Draft GVI,,,,20/08/2024 07:43,20/08/2024 09:02,1.316666667,Planned Maint.,Buoy Body,Closed,,,ABB_Offshore,DPR 2758,2024-08 (Aug),P2 - Medium,,August,2024
19/08/2024 08:27,WO-CBM_100265,ABB,CMB System for Planned Maint.,ABB - Weekly Buoy Hooks GVI & Lubrication,,,,20/08/2024 07:43,20/08/2024 09:02,1.316666667,Planned Maint.,Buoy Body,Closed,,,ABB_Offshore,DPR  2758,2024-08 (Aug),P2 - Medium,,August,2024
19/08/2024 08:24,WO-CBM_100264,ABB,CMB System for Planned Maint.,ABB Pre-Berthing Checks,,17/08/2024,,17/08/2024 06:33,17/08/2024 06:52,0.316666667,Inspection,Mooring System,Closed,,,ABB_Offshore,DPR 2755,2024-08 (Aug),P1 - High,,August,2024
19/08/2024 08:20,WO-SPM_100298,SPM-AE-BY-02,CALM Buoy - CO760,"SPM - Bi-Weekly Turntable Rotation & Locking Pins, Guides and Brakes",,,,25/08/2024 07:30,25/08/2024 08:30,1,Planned Maint.,Buoy Body,Closed,,,SPM_Offshore,DPR 2763,2024-08 (Aug),P2 - Medium,,August,2024
19/08/2024 08:19,WO-SPM_100297,SPM-AE-BY-02,CALM Buoy - CO760,SPM – Weekly Solar Panels GVI and cleaning,,,,23/08/2024 08:31,23/08/2024 09:00,0.483333333,Planned Maint.,NavAids & Power,Closed,,,SPM_Offshore,DPR 2761,2024-08 (Aug),P2 - Medium,,August,2024
19/08/2024 08:18,WO-SPM_100296,SPM-AE-BY-02,CALM Buoy - CO760,SPM – Weekly Main Bearing Greasing,,,,23/08/2024 08:31,23/08/2024 09:00,0.483333333,Planned Maint.,Lubrication System,Closed,,,SPM_Offshore,DPR 2761,2024-08 (Aug),P2 - Medium,,August,2024
19/08/2024 08:17,WO-SPM_100295,SPM-AE-BY-02,CALM Buoy - CO760,SPM – Weekly Central Pipe Swivel Greasing and GVI,,,,23/08/2024 08:31,23/08/2024 09:00,0.483333333,Planned Maint.,Swivel System,Closed,,,SPM_Offshore,DPR 2761,2024-08 (Aug),P2 - Medium,,August,2024
19/08/2024 08:15,WO-SPM_100294,SPM-AE-BY-02,CALM Buoy - CO760,SPM – Weekly Buoy Freeboard/Draft GVI,,,,23/08/2024 08:31,23/08/2024 09:00,0.483333333,Planned Maint.,Buoy Body,Closed,,,SPM_Offshore,DPR 2761,2024-08 (Aug),P2 - Medium,,August,2024
13/08/2024 08:23,WO-CBM_100263,ABB,CMB System for Planned Maint., Pre-Berthing Checks,,12/08/2024,,12/08/2024 08:56,12/08/2024 09:20,0.4,Inspection,Mooring System,Cancelled,,,ABB_Offshore,DPR 2750,2024-08 (Aug),P1 - High,,August,2024
12/08/2024 09:18,WO-JET_100033,Oil-Jetty,Oil Jetty System for Planned Maintenance,Quarterly Valves GVI and Lubrication,,,,13/08/2024 09:00,13/08/2024 11:00,2,Planned Maint.,Valve,Closed,,,Oil_Jetty,,2024-08 (Aug),P2 - Medium,,August,2024
12/08/2024 09:18,WO-JET_100035,Oil-Jetty,Oil Jetty System for Planned Maintenance,Monthly Sump and Sump Pipeline Inspection,,,,21/08/2024 14:00,21/08/2024 14:30,0.5,Planned Maint.,Piping,Closed,,,Oil_Jetty,,2024-08 (Aug),P2 - Medium,,August,2024
12/08/2024 09:16,WO-JET_100032,Oil-Jetty,Oil Jetty System for Planned Maintenance,Monthly Valve/Pressure Gauges Inspection,,,,21/08/2024 14:00,21/08/2024 14:30,0.5,Planned Maint.,Valve,Closed,,,Oil_Jetty,,2024-08 (Aug),P2 - Medium,,August,2024
12/08/2024 09:14,WO-W_SHOP_200017,ABB-FT-SPOOL_PIECE,"12"" PIG LAUNCHER (SPOOL PIECE  32"" LONG APPROX)",Hydrotesting of PIG Launcher Spool Pieces,,,,16/08/2024 09:00,16/08/2024 17:00,8,Planned Maint.,Piping,Closed,,,W_Shop,,2024-08 (Aug),P2 - Medium,,August,2024
12/08/2024 09:12,WO-SPM-CBM_200007,ABB/SPM_Onshore,Onshore ABB_SPM System for Planned Maintenance,Corrosion Control: Touch-up of pipelines and re-coating the staircase at the Quantum Distribution Header,,,,12/08/2024 09:30,12/08/2024 13:00,3.5,Planned Corrective Maint.,Piping,Closed,,,ABB_SPM_Onshore,,2024-08 (Aug),P2 - Medium,,August,2024
12/08/2024 09:11,WO-SPM-CBM_200006,ABB/SPM_Onshore,Onshore ABB_SPM System for Planned Maintenance,Labeling of Cross bonding CB02 at the Gao Lagoon Station,,,,15/08/2024 10:00,15/08/2024 10:15,0.25,Planned Corrective Maint.,Cathodic Protection,Closed,,,ABB_SPM_Onshore,,2024-08 (Aug),P2 - Medium,,August,2024
12/08/2024 09:08,WO-SPM-CBM_100042,ABB/SPM_Onshore,Onshore ABB_SPM System for Planned Maintenance,Weekly Servitude Walk,,,,12/08/2024 09:00,12/08/2024 11:00,2,Planned Maint.,Piping,Closed,,,ABB_SPM_Onshore,,2024-08 (Aug),P2 - Medium,,August,2024
12/08/2024 09:06,WO-W_SHOP_100068,COMP-01,Air Compressor - KOTECH,Weekly Inspection,,,,16/08/2024 16:00,16/08/2024 16:30,0.5,Planned Maint.,Engine,Closed,,,W_Shop,,2024-08 (Aug),P2 - Medium,,August,2024
12/08/2024 09:05,WO-W_SHOP_100067,Genset-01,Generator- Megapower,Weekly Inspection,,,,16/08/2024 16:00,16/08/2024 16:30,0.5,Planned Maint.,Engine,Closed,,,W_Shop,,2024-08 (Aug),P2 - Medium,,August,2024
12/08/2024 09:03,WO-SPM_100293,SPM-AE-BY-02,CALM Buoy - CO760,SPM - Monthly Soundings,,,,15/08/2024 08:50,15/08/2024 10:20,1.5,Planned Maint.,Buoy Body,Closed,,,SPM_Offshore,DPR 2753,2024-08 (Aug),P2 - Medium,,August,2024
12/08/2024 09:02,WO-SPM_100292,SPM-AE-BY-02,CALM Buoy - CO760,SPM – Weekly Solar Panels GVI and cleaning,,,,15/08/2024 08:50,15/08/2024 10:20,1.5,Planned Maint.,NavAids & Power,Closed,,,SPM_Offshore,DPR 2753,2024-08 (Aug),P2 - Medium,,August,2024
12/08/2024 09:01,WO-SPM_100291,SPM-AE-BY-02,CALM Buoy - CO760,SPM – Weekly Main Bearing Greasing,,,,15/08/2024 08:50,15/08/2024 10:20,1.5,Planned Maint.,Lubrication System,Closed,,,SPM_Offshore,2753,2024-08 (Aug),P2 - Medium,,August,2024
12/08/2024 09:00,WO-SPM_100290,SPM-AE-BY-02,CALM Buoy - CO760,SPM – Weekly Central Pipe Swivel Greasing and GVI,,,,15/08/2024 08:50,15/08/2024 10:20,1.5,Planned Maint.,Swivel System,Closed,,,SPM_Offshore,DPR 2753,2024-08 (Aug),P2 - Medium,,August,2024
12/08/2024 08:59,WO-SPM_100289,SPM-AE-BY-02,CALM Buoy - CO760,SPM – Weekly Buoy Freeboard/Draft GVI,,,,15/08/2024 08:50,15/08/2024 10:20,1.5,Planned Maint.,Buoy Body,Closed,,,SPM_Offshore,DPR 2753,2024-08 (Aug),P2 - Medium,,August,2024
12/08/2024 08:57,WO-CBM_100262,ABB,CMB System for Planned Maint.,ABB - Monthly Buoy Location,,,,12/08/2024 08:56,12/08/2024 09:20,0.4,Planned Maint.,Buoy Body,Closed,,,ABB_Offshore,DPR 2750,2024-08 (Aug),P2 - Medium,,August,2024
12/08/2024 08:56,WO-CBM_100261,ABB,CMB System for Planned Maint.,ABB - Weekly Bush Wear checks,,,,12/08/2024 08:56,12/08/2024 09:20,0.4,Planned Maint.,Buoy Body,Closed,,,ABB_Offshore,DPR 2750,2024-08 (Aug),P2 - Medium,,August,2024
12/08/2024 08:56,WO-CBM_100260,ABB,CMB System for Planned Maint.,ABB - Weekly Buoys Freeboard/Draft GVI,,,,12/08/2024 08:56,12/08/2024 09:20,0.4,Planned Maint.,Buoy Body,Closed,,,ABB_Offshore,DPR 2750,2024-08 (Aug),P2 - Medium,,August,2024
12/08/2024 08:55,WO-CBM_100259,ABB,CMB System for Planned Maint.,ABB - Weekly Buoy Hooks GVI & Lubrication,,,,12/08/2024 08:56,12/08/2024 09:20,0.4,Planned Maint.,Buoy Body,Closed,,,ABB_Offshore,DPR 2750,2024-08 (Aug),P2 - Medium,,August,2024
09/08/2024 08:49,WO-CBM_100258,ABB,CMB System for Planned Maint.,Pre-berthing Checks,,08/08/2024,,08/08/2024 07:00,08/08/2024 07:31,0.516666667,Inspection,Mooring System,Closed,,,ABB_Offshore,DPR 2746,2024-08 (Aug),P1 - High,,August,2024
06/08/2024 08:55,WO-SPM_100288,SPM-AE-BY-01,CALM Buoy - SO17190,Visual Inspection of SPM1 at Tema Port,,,,09/08/2024 13:30,09/08/2024 14:30,1,Planned Maint.,Buoy Body,Closed,,,SPM_Offshore,,2024-08 (Aug),P2 - Medium,,August,2024
06/08/2024 08:49,WO-SPM_100287,SPM-AE-BY-02,CALM Buoy - CO760,"SPM - Monthly Inspection of Mooring Bridle/Bridle Platform, Hawser & other Acc. GVI",,,,06/08/2024 09:00,06/08/2024 11:10,2.166666667,Planned Maint.,Mooring System,Closed,,,SPM_Offshore,DPR 2744,2024-08 (Aug),P2 - Medium,,August,2024
06/08/2024 08:48,WO-SPM_100286,SPM-FT-HS-01,SPM Hose String Assembly (Floating/Submarine),SPM - Biannual Hose Flanges GVI,,,,06/08/2024 09:00,06/08/2024 11:10,2.166666667,Planned Maint.,Submarine Hose,Closed,,,SPM_Offshore,DPR 2744,2024-08 (Aug),P2 - Medium,,August,2024
06/08/2024 08:46,WO-SPM_100285,SPM-FT-HS-01,SPM Hose String Assembly (Floating/Submarine),SPM - Monthly GVI of Floating Hoses & Underwater Hoses (Chinese Lantern),,,,06/08/2024 09:00,06/08/2024 11:10,2.166666667,Planned Maint.,Submarine Hose,Closed,,,SPM_Offshore,DPR 2744,2024-08 (Aug),P2 - Medium,,August,2024
06/08/2024 08:44,WO-SPM_100284,SPM-AE-BY-02,CALM Buoy - CO760,SPM – Weekly Solar Panels GVI and cleaning,,,,06/08/2024 09:00,06/08/2024 11:10,2.166666667,Planned Maint.,NavAids & Power,Closed,,,SPM_Offshore,DPR 2744,2024-08 (Aug),P2 - Medium,,August,2024
06/08/2024 08:43,WO-SPM_100283,SPM-AE-BY-02,CALM Buoy - CO760,SPM – Weekly Main Bearing Greasing,,,,06/08/2024 09:00,06/08/2024 11:10,2.166666667,Planned Maint.,Lubrication System,Closed,,,SPM_Offshore,DPR 2744,2024-08 (Aug),P2 - Medium,,August,2024
06/08/2024 08:42,WO-SPM_100282,SPM-AE-BY-02,CALM Buoy - CO760,SPM – Weekly Central Pipe Swivel Greasing and GVI,,,,06/08/2024 09:00,06/08/2024 11:10,2.166666667,Planned Maint.,Swivel System,Closed,,,SPM_Offshore,DPR 2744,2024-08 (Aug),P2 - Medium,,August,2024
06/08/2024 08:36,WO-SPM_100281,SPM-AE-BY-02,CALM Buoy - CO760,SPM – Weekly Buoy Freeboard/Draft GVI,,,,06/08/2024 09:00,06/08/2024 11:10,2.166666667,Planned Maint.,Buoy Body,Closed,,,SPM_Offshore,DPR 2744,2024-08 (Aug),P2 - Medium,,August,2024
06/08/2024 08:34,WO-SPM_100280,SPM-AE-BY-02,CALM Buoy - CO760,"SPM - Bi-Weekly Turntable Rotation & Locking Pins, Guides and Brakes",,,,04/08/2024 07:02,04/08/2024 08:02,1,Planned Maint.,Buoy Body,Closed,,,SPM_Offshore,DPR 2742,2024-08 (Aug),P2 - Medium,,August,2024
06/08/2024 08:29,WO-CBM_100257,ABB-FT-HS-01,ABB Submarine Hose Assembly,ABB - Monthly Hose Pick Up Equipment & End Fittings GVI,,,,07/08/2024 12:39,07/08/2024 13:19,0.666666667,Planned Maint.,Hoisting & Lifting,Closed,,,ABB_Offshore,DPR 2745,2024-08 (Aug),P2 - Medium,,August,2024
06/08/2024 08:27,WO-CBM_100256,ABB,CMB System for Planned Maint.,"ABB - Monthly Mooring buoy Pins, Swivel & Touchdown area on Chain",,,,08/08/2024 07:31,08/08/2024 09:40,2.15,Planned Maint.,Buoy Body,Closed,,,ABB_Offshore,DPR 2746,2024-08 (Aug),P2 - Medium,,August,2024
06/08/2024 08:26,WO-CBM_100255,ABB,CMB System for Planned Maint.,ABB - Monthly Buoy Body GVI and Cleaning,,,,08/08/2024 07:00,08/08/2024 09:40,2.666666667,Planned Maint.,Buoy Body,Closed,,,ABB_Offshore,DPR 2746,2024-08 (Aug),P2 - Medium,,August,2024
06/08/2024 08:24,WO-CBM_100254,ABB,CMB System for Planned Maint.,ABB - Weekly Bush Wear checks,,,,08/08/2024 07:00,08/08/2024 09:40,2.666666667,Planned Maint.,Buoy Body,Closed,,,ABB_Offshore,DPR 2746,2024-08 (Aug),P2 - Medium,,August,2024
06/08/2024 08:23,WO-CBM_100253,ABB,CMB System for Planned Maint.,ABB - Weekly Buoys Freeboard/Draft GVI,,,,08/08/2024 07:00,08/08/2024 09:40,2.666666667,Planned Maint.,Buoy Body,Closed,,,ABB_Offshore,DPR 2746,2024-08 (Aug),P2 - Medium,,August,2024
06/08/2024 08:21,WO-CBM_100252,ABB,CMB System for Planned Maint.,ABB - Weekly Buoy Hooks GVI & Lubrication,,,,08/08/2024 07:00,08/08/2024 09:40,2.666666667,Planned Maint.,Buoy Body,Closed,,,ABB_Offshore,DPR 2746,2024-08 (Aug),P2 - Medium,,August,2024
06/08/2024 08:18,WO-CBM_100251,ABB,CMB System for Planned Maint.,Pre-berthing Checks,,03/08/2024,,03/08/2024 07:37,03/08/2024 07:50,0.216666667,Inspection,Mooring System,Closed,,,ABB_Offshore,DPR 2741,2024-08 (Aug),P1 - High,,August,2024
06/08/2024 07:57,WO-SPM-CBM_200005,ABB/SPM_Onshore,Onshore ABB_SPM System for Planned Maintenance,Servicing of TOR PIG Receiver - V-1815,,,,21/08/2024 09:00,21/08/2024 12:00,3,Planned Corrective Maint.,Piping,Closed,,,ABB_SPM_Onshore,,2024-08 (Aug),P2 - Medium,,August,2024
06/08/2024 07:54,WO-SPM-CBM_100041,ABB/SPM_Onshore,Onshore ABB_SPM System for Planned Maintenance,Weekly Servitude Walk/ Pipeline Inspection,,,,07/08/2024 09:30,07/08/2024 11:40,2.166666667,Planned Maint.,Piping,Closed,,,ABB_SPM_Onshore,,2024-08 (Aug),P2 - Medium,,August,2024
06/08/2024 07:52,WO-W_SHOP_100066,Genset-01,Generator- Megapower,Weekly Inspection,,,,07/08/2024 09:00,07/08/2024 09:30,0.5,Planned Maint.,Engine,Closed,,,W_Shop,,2024-08 (Aug),P2 - Medium,,August,2024
06/08/2024 07:51,WO-W_SHOP_100065,COMP-01,Air Compressor - KOTECH,Weekly Inspection,,,,09/08/2024 12:00,09/08/2024 12:30,0.5,Planned Maint.,Engine,Closed,,,W_Shop,,2024-08 (Aug),P2 - Medium,,August,2024
06/08/2024 07:48,WO-JET_100031,Oil-Jetty,Oil Jetty System for Planned Maintenance,Bi-weekly Servitude Walk / Pipeline Inspection,,,,08/08/2024 09:30,08/08/2024 11:30,2,Planned Maint.,Piping,Closed,,,Oil_Jetty,,2024-08 (Aug),P2 - Medium,,August,2024
01/08/2024 18:20,WO-CBM_200049,ABB,CMB System for Planned Maint., Change-out worn-out Sierra chain Pickup line,18/07/2024,,,18/07/2024 14:08,18/07/2024 14:33,0.416666667,Planned Corrective Maint.,Anchoring System,Closed,Worn,Replaced,ABB_Offshore,DPR 2725,2024-07 (Jul),P2 - Medium,,July,2024
01/08/2024 07:57,WO-CBM_100250,ABB,CMB System for Planned Maint., Pre-Berthing Checks,,31/07/2024,,31/07/2024 10:13,31/07/2024 10:38,0.416666667,Inspection,Mooring System,Closed,,,ABB_Offshore,DPR 2738,2024-07 (Jul),P1 - High,,July,2024
30/07/2024 17:19,WO-CBM_100249,ABB,CMB System for Planned Maint., Pre-Berthing Checks,,29/07/2024,,29/07/2024 07:07,29/07/2024 07:22,0.25,Inspection,Mooring System,Closed,,,ABB_Offshore,DPR 2736,2024-07 (Jul),P1 - High,,July,2024
29/07/2024 16:45,WO-W_SHOP_100064,COMP-01,Air Compressor - KOTECH,Monthly Inspection,,,,01/08/2024 13:40,01/08/2024 14:00,0.333333333,Planned Maint.,Engine,Closed,,,W_Shop,,2024-08 (Aug),P2 - Medium,,August,2024
29/07/2024 16:44,WO-W_SHOP_100063,Genset-01,Generator- Megapower,Monthly Inspection,,,,01/08/2024 13:40,01/08/2024 14:00,0.333333333,Planned Maint.,Engine,Closed,,,W_Shop,,2024-08 (Aug),P2 - Medium,,August,2024
29/07/2024 16:43,WO-SPM-CBM_200004,OFFSHORE-OSR,Offshore LAMOR OSR Equipment,Qtr4 ABB System Maintenance Laycan - Fabrication and Modification of Platform for OSR Equipment (LAMOR) on Atlantis.,,,,12/12/2024 10:30,14/12/2024 14:30,52,Planned Improvement,Fire System,Closed,,Fabricate,ABB_SPM_Onshore,,2024-12 (Dec),P3 - Low,,December,2024
29/07/2024 16:37,WO-JET_100030,Oil-Jetty,Oil Jetty System for Planned Maintenance,Bi-weekly Servitude Walk / Pipeline Inspection,,,,04/08/2024 00:00,04/08/2024 00:00,0,Planned Maint.,Piping,Cancelled,,,Oil_Jetty,,2024-08 (Aug),P2 - Medium,,August,2024
29/07/2024 16:33,WO-SPM-CBM_100040,ABB/SPM_Onshore,Onshore ABB_SPM System for Planned Maintenance,Quarterly Valves GVI and Lubrication,,,,31/07/2024 10:00,31/07/2024 11:50,1.833333333,Planned Maint.,Valve,Closed,,,ABB_SPM_Onshore,,2024-07 (Jul),P2 - Medium,,July,2024
29/07/2024 16:29,WO-SPM-CBM_100039,ABB/SPM_Onshore,Onshore ABB_SPM System for Planned Maintenance,Weekly Servitude Walk,,,,29/07/2024 09:00,29/07/2024 11:00,2,Planned Maint.,Piping,Closed,,,ABB_SPM_Onshore,,2024-07 (Jul),P2 - Medium,,July,2024
29/07/2024 09:19,WO-CBM_100242,ABB,CMB System for Planned Maint.,Pre-berthing Checks,,27/07/2024,,27/07/2024 08:49,27/07/2024 09:05,0.266666667,Inspection,Mooring System,Closed,,,ABB_Offshore,DPR 2734,2024-07 (Jul),P1 - High,,July,2024
29/07/2024 08:55,WO-SPM_100279,SPM-AE-BY-02,CALM Buoy - CO760,SPM - Monthly Navigation Aids,,,,04/08/2024 07:02,04/08/2024 08:02,1,Planned Maint.,NavAids & Power,Closed,,,SPM_Offshore,DPR 2742,2024-08 (Aug),P2 - Medium,,August,2024
29/07/2024 08:54,WO-SPM_100278,SPM-FT-PV-01,SPM PLEM,SPM – Monthly PLEM Valves operation,,,,31/07/2024 08:57,01/08/2024 09:10,24.21666667,Planned Maint.,Valve,Closed,,,SPM_Offshore,DPR 2738,2024-08 (Aug),P2 - Medium,,July,2024
29/07/2024 08:52,WO-SPM_100277,SPM-FT-BY-02,CALM Buoy - CO760 Cargo transfer System,SPM – Monthly External Leakage GVI,,,,03/08/2024 08:15,03/08/2024 09:40,1.416666667,Planned Maint.,Piping,Closed,,,SPM_Offshore,DPR 2741,2024-08 (Aug),P2 - Medium,,August,2024
29/07/2024 08:45,WO-SPM_100276,SPM-FT-BY-02,CALM Buoy - CO760 Cargo transfer System,SPM – Monthly Expansion Joint GVI,,,,03/08/2024 08:15,03/08/2024 09:40,1.416666667,Planned Maint.,Piping Support,Closed,,,SPM_Offshore,DPR 2741,2024-08 (Aug),P2 - Medium,,August,2024
29/07/2024 08:43,WO-SPM_100275,SPM-AE-BY-02,CALM Buoy - CO760,SPM – Monthly Top Side Valve Operations,,,,03/08/2024 08:15,03/08/2024 09:40,1.416666667,Planned Maint.,Valve,Closed,,,SPM_Offshore,DPR 2741,2024-08 (Aug),P2 - Medium,,August,2024
29/07/2024 08:37,WO-SPM_100274,SPM-AE-BY-02,CALM Buoy - CO760,SPM – Monthly Fluid Swivel GVI,,,,03/08/2024 08:15,03/08/2024 09:40,1.416666667,Planned Maint.,Swivel System,Closed,,,SPM_Offshore,DPR 2741,2024-08 (Aug),P2 - Medium,,August,2024
29/07/2024 08:35,WO-SPM_100273,SPM-AE-BY-02,CALM Buoy - CO760,SPM – Monthly Torque Arm GVI,,,,03/08/2024 08:15,03/08/2024 09:40,1.416666667,Planned Maint.,Swivel System,Closed,,,SPM_Offshore,DPR 2741,2024-08 (Aug),P2 - Medium,,August,2024
29/07/2024 08:33,WO-SPM_100272,SPM-AE-BY-02,CALM Buoy - CO760,SPM - Bi-annually Center Well Internal Inspection,,,,03/08/2024 08:15,03/08/2024 09:40,1.416666667,Planned Maint.,Submarine Hose,Closed,,,SPM_Offshore,DPR 2741,2024-08 (Aug),P2 - Medium,,August,2024
29/07/2024 08:31,WO-SPM_100271,SPM-AE-BY-02,CALM Buoy - CO760,SPM - Quarterly SPM Location,,,,03/08/2024 08:15,03/08/2024 09:40,1.416666667,Planned Maint.,Buoy Body,Closed,,,SPM_Offshore,DPR 2741,2024-08 (Aug),P2 - Medium,,August,2024
29/07/2024 08:26,WO-SPM_100270,SPM-AE-BY-02,CALM Buoy - CO760,SPM – Weekly Solar Panels GVI and cleaning,,,,03/08/2024 08:15,03/08/2024 09:40,1.416666667,Planned Maint.,NavAids & Power,Closed,,,SPM_Offshore,DPR 2741,2024-08 (Aug),P2 - Medium,,August,2024
29/07/2024 08:22,WO-SPM_100269,SPM-AE-BY-02,CALM Buoy - CO760,SPM – Weekly Main Bearing Greasing,,,,03/08/2024 08:15,03/08/2024 09:40,1.416666667,Planned Maint.,Lubrication System,Closed,,,SPM_Offshore,DPR 2741,2024-08 (Aug),P2 - Medium,,August,2024
29/07/2024 08:20,WO-SPM_100268,SPM-AE-BY-02,CALM Buoy - CO760,SPM – Weekly Central Pipe Swivel Greasing and GVI,,,,03/08/2024 08:15,03/08/2024 09:40,1.416666667,Planned Maint.,Swivel System,Closed,,,SPM_Offshore,DPR 2741,2024-08 (Aug),P2 - Medium,,August,2024
29/07/2024 08:18,WO-SPM_100267,SPM-AE-BY-02,CALM Buoy - CO760,SPM – Weekly Buoy Freeboard/Draft GVI,,,,03/08/2024 08:15,03/08/2024 09:40,1.416666667,Planned Maint.,Buoy Body,Closed,,,SPM_Offshore,DPR 2741,2024-08 (Aug),P2 - Medium,,August,2024
29/07/2024 08:13,WO-CBM_100248,ABB-FT-V-1803,ABB PLEM Valve,ABB – Monthly PLEM Valve operation,,,,29/07/2024 07:07,29/07/2024 07:22,0.25,Planned Maint.,Valve,Closed,,,ABB_Offshore,DPR 2736,2024-07 (Jul),P2 - Medium,,July,2024
29/07/2024 08:12,WO-CBM_100247,ABB-FT-HS-01,ABB Submarine Hose Assembly,"ABB - Monthly Hose Pick Up Equipment & End Fittings 
GVI",,,,29/07/2024 07:07,29/07/2024 07:22,0.25,Planned Maint.,Hoisting & Lifting,Closed,,,ABB_Offshore,DPR 2736,2024-07 (Jul),P2 - Medium,,July,2024
29/07/2024 08:10,WO-CBM_100246,ABB-FT-HS-01,ABB Submarine Hose Assembly,ABB – Monthly GVI of above water Hoses,,,,29/07/2024 07:07,29/07/2024 07:22,0.25,Planned Maint.,Floating Hose,Closed,,,ABB_Offshore,DPR 2736,2024-07 (Jul),P2 - Medium,,July,2024
29/07/2024 08:08,WO-CBM_100245,ABB,CMB System for Planned Maint.,ABB - Weekly Bush Wear checks,,,,29/07/2024 07:07,29/07/2024 07:22,0.25,Planned Maint.,Buoy Body,Closed,,,ABB_Offshore,DPR 2736,2024-07 (Jul),P2 - Medium,,July,2024
29/07/2024 08:07,WO-CBM_100244,ABB,CMB System for Planned Maint.,ABB - Weekly Buoys Freeboard/Draft GVI,,,,29/07/2024 07:07,29/07/2024 07:22,0.25,Planned Maint.,Buoy Body,Closed,,,ABB_Offshore,DPR 2736,2024-07 (Jul),P2 - Medium,,July,2024
29/07/2024 08:06,WO-CBM_100243,ABB,CMB System for Planned Maint.,ABB - Weekly Buoy Hooks GVI & Lubrication,,,,29/07/2024 07:07,29/07/2024 07:22,0.25,Planned Maint.,Buoy Body,Closed,,,ABB_Offshore,DPR 2736,2024-07 (Jul),P2 - Medium,,July,2024
26/07/2024 08:55,WO-CBM_100241,ABB,CMB System for Planned Maint., ABB Pre-Berthing Checks,,24/07/2024,,24/07/2024 07:50,24/07/2024 08:13,0.383333333,Inspection,Mooring System,Closed,,,ABB_Offshore,DPR 2731,2024-07 (Jul),P1 - High,,July,2024
23/07/2024 08:17,WO-W_SHOP_100062,COMP-01,Air Compressor - KOTECH,Weekly Inspection,,,,26/07/2024 10:30,26/07/2024 11:50,1.333333333,Planned Maint.,Engine,Closed,,,W_Shop,,2024-07 (Jul),P2 - Medium,,July,2024
23/07/2024 08:16,WO-W_SHOP_100061,Genset-01,Generator- Megapower,Weekly Inspection,,,,22/07/2024 08:30,22/07/2024 09:00,0.5,Planned Maint.,Engine,Closed,,,W_Shop,,2024-07 (Jul),P2 - Medium,,July,2024
23/07/2024 08:14,WO-SPM-CBM_100038,ABB/SPM_Onshore,Onshore ABB_SPM System for Planned Maintenance,Weekly Servitude Walk/ Pipeline Inspection,,,,22/07/2024 09:30,22/07/2024 11:30,2,Planned Maint.,Piping,Closed,,,ABB_SPM_Onshore,,2024-07 (Jul),P2 - Medium,,July,2024
23/07/2024 08:13,WO-SPM-CBM_100037,ABB/SPM_Onshore,Onshore ABB_SPM System for Planned Maintenance,Monthly Cathodic protection potential measurement,,,,24/07/2024 09:30,24/07/2024 11:45,2.25,Planned Maint.,Cathodic Protection,Closed,,,ABB_SPM_Onshore,,2024-07 (Jul),P2 - Medium,,July,2024
23/07/2024 08:11,WO-JET_100029,Oil-Jetty,Oil Jetty System for Planned Maintenance,Monthly Valve/Pressure Gauges Inspection,,,,23/07/2024 10:00,23/07/2024 12:00,2,Planned Maint.,Piping,Closed,,,Oil_Jetty,,2024-07 (Jul),P2 - Medium,,July,2024
23/07/2024 08:10,WO-JET_100028,Oil-Jetty,Oil Jetty System for Planned Maintenance,Monthly Sump and Sump Pipeline Inspection,,,,23/07/2024 10:00,23/07/2024 12:00,2,Planned Maint.,Piping,Closed,,,Oil_Jetty,,2024-07 (Jul),P2 - Medium,,July,2024
23/07/2024 08:03,WO-JET_100034,JET-SUMP-1,Sump #1,Fabrication of Sump # 1 & 2 Covers,22/07/2024,,,22/07/2024 09:00,01/08/2024 11:00,242,Planned Corrective Maint.,Piping Support,Closed,Corrosion,Replaced,Oil_Jetty,,2024-08 (Aug),P2 - Medium,,July,2024
22/07/2024 08:06,WO-SPM_100266,SPM-AE-BY-02,CALM Buoy - CO760,SPM – Weekly Solar Panels GVI and cleaning,,,,22/07/2024 09:25,22/07/2024 10:28,1.05,Planned Maint.,NavAids & Power,Closed,,,SPM_Offshore,DPR 2729,2024-07 (Jul),P2 - Medium,,July,2024
22/07/2024 08:05,WO-SPM_100265,SPM-AE-BY-02,CALM Buoy - CO760,SPM – Weekly Main Bearing Greasing,,,,22/07/2024 09:25,22/07/2024 10:28,1.05,Planned Maint.,Lubrication System,Closed,,,SPM_Offshore,DPR 2729,2024-07 (Jul),P2 - Medium,,July,2024
22/07/2024 08:04,WO-SPM_100264,SPM-AE-BY-02,CALM Buoy - CO760,SPM – Weekly Central Pipe Swivel Greasing and GVI,,,,22/07/2024 09:25,22/07/2024 10:28,1.05,Planned Maint.,Swivel System,Closed,,,SPM_Offshore,DPR 2729,2024-07 (Jul),P2 - Medium,,July,2024
22/07/2024 08:03,WO-SPM_100263,SPM-AE-BY-02,CALM Buoy - CO760,SPM – Weekly Buoy Freeboard/Draft GVI,,,,22/07/2024 09:25,22/07/2024 10:28,1.05,Planned Maint.,Buoy Body,Closed,,,SPM_Offshore,DPR 2729,2024-07 (Jul),P2 - Medium,,July,2024
22/07/2024 08:01,WO-CBM_100240,ABB,CMB System for Planned Maint.,ABB - Monthly Bouy Location,,,,24/07/2024 07:50,24/07/2024 08:13,0.383333333,Planned Maint.,Buoy Body,Closed,,,ABB_Offshore,DPR 2731,2024-07 (Jul),P2 - Medium,,July,2024
22/07/2024 07:59,WO-CBM_100239,ABB,CMB System for Planned Maint.,ABB - Weekly Bush Wear checks,,,,24/07/2024 07:50,24/07/2024 08:13,0.383333333,Planned Maint.,Buoy Body,Closed,,,ABB_Offshore,DPR 2731,2024-07 (Jul),P2 - Medium,,July,2024
22/07/2024 07:59,WO-CBM_100238,ABB,CMB System for Planned Maint.,ABB - Weekly Buoys Freeboard/Draft GVI,,,,24/07/2024 07:50,24/07/2024 08:13,0.383333333,Planned Maint.,Buoy Body,Closed,,,ABB_Offshore,DPR 2731,2024-07 (Jul),P2 - Medium,,July,2024
22/07/2024 07:57,WO-CBM_100237,ABB,CMB System for Planned Maint.,ABB - Weekly Buoy Hooks GVI & Lubrication,,,,24/07/2024 07:50,24/07/2024 08:13,0.383333333,Planned Maint.,Buoy Body,Closed,,,ABB_Offshore,DPR 2731,2024-07 (Jul),P2 - Medium,,July,2024
22/07/2024 07:56,WO-CBM_100236,ABB,CMB System for Planned Maint., ABB Pre-Berthing Check,,20/07/2024,,20/07/2024 09:50,20/07/2024 10:10,0.333333333,Inspection,Mooring System,Closed,,,ABB_Offshore,DPR 2727,2024-07 (Jul),P1 - High,,July,2024
17/07/2024 17:14,WO-W_SHOP_200016,GPMS-W-SHOP,GPMS Maintenance Workshop & Warehouse,Fabrication of water pump shed,,,,17/07/2024 10:30,19/07/2024 09:00,46.5,Planned Improvement,Tools,Closed,,Fabricate,W_Shop,,2024-07 (Jul),P3 - Low,,July,2024
17/07/2024 16:38,WO-CBM_200048,ABB-ME-BY-03,ABB Delta Buoy,Change out worn-out UKP bush on ABB 03(Delta Position),,,,16/07/2024 14:42,16/07/2024 15:33,0.85,Planned Corrective Maint.,Buoy Body,Closed,Worn,Replaced,ABB_Offshore,DPR 2723  / ABB Report 299,2024-07 (Jul),P1 - High,ABB Report,July,2024
17/07/2024 16:30,WO-CBM_100235,ABB,CMB System for Planned Maint.,ABB Pre-Berthing Checks,,16/07/2024,,16/07/2024 12:46,16/07/2024 15:33,2.783333333,Inspection,Mooring System,Closed,,,ABB_Offshore,DPR 2723,2024-07 (Jul),P1 - High,,July,2024
15/07/2024 08:55,WO-W_SHOP_100060,Genset-01,Generator- Megapower,Weekly Inspection,,,,15/07/2024 08:30,15/07/2024 09:00,0.5,Planned Maint.,Engine,Closed,,,W_Shop,,2024-07 (Jul),P2 - Medium,,July,2024
15/07/2024 08:54,WO-W_SHOP_100059,COMP-01,Air Compressor - KOTECH,Weekly Inspection,,,,19/07/2024 09:00,19/07/2024 09:30,0.5,Planned Maint.,Engine,Closed,,,W_Shop,,2024-07 (Jul),P2 - Medium,,July,2024
15/07/2024 08:50,WO-SPM-CBM_100036,ABB/SPM_Onshore,Onshore ABB_SPM System for Planned Maintenance,Weekly Servitude Walk/ Pipeline Inspection,,,,15/07/2024 09:30,15/07/2024 11:30,2,Planned Maint.,Piping,Closed,,,ABB_SPM_Onshore,,2024-07 (Jul),P2 - Medium,,July,2024
15/07/2024 08:49,WO-SPM-CBM_100035,ABB/SPM_Onshore,Onshore ABB_SPM System for Planned Maintenance,Installation of 4x New Solar Powered Floodlights at the Gao Lagoon Station,,,,25/07/2024 09:10,25/07/2024 13:00,3.833333333,Planned Corrective Maint.,Electrical,Closed,Faulty,Replaced,ABB_SPM_Onshore,,2024-07 (Jul),P2 - Medium,,July,2024
15/07/2024 08:45,WO-JET_100027,Oil-Jetty,Oil Jetty System for Planned Maintenance,Bi-weekly Servitude Walk / Pipeline Inspection,,,,17/07/2024 10:30,17/07/2024 12:30,2,Planned Maint.,Piping,Closed,,,Oil_Jetty,,2024-07 (Jul),P2 - Medium,,July,2024
15/07/2024 08:28,WO-CBM_200047,ABB,CMB System for Planned Maint.,MGR from buoy decks – Black Algae,,,,13/07/2024 11:45,13/07/2024 13:10,1.416666667,Planned Corrective Maint.,Buoy Body,Closed,Aquatic Exposure,Removed,ABB_Offshore,DPR 2720,2024-07 (Jul),P2 - Medium,,July,2024
15/07/2024 08:25,WO-SPM_100262,SPM-AE-BY-02,CALM Buoy - CO760,"SPM - Monthly Inspection of Mooring Bridle/Bridle Platform, Hawser & other Acc. GVI",,,,15/07/2024 09:20,15/07/2024 12:44,3.4,Planned Maint.,Mooring System,Closed,,,SPM_Offshore,DPR 2722,2024-07 (Jul),P2 - Medium,,July,2024
15/07/2024 08:24,WO-SPM_100261,SPM-AE-BY-02,CALM Buoy - CO760,"SPM - Bi-Weekly Turntable Rotation & Locking Pins, Guides and Brakes",,,,16/07/2024 07:20,16/07/2024 08:35,1.25,Planned Maint.,Buoy Body,Closed,,,SPM_Offshore,DPR 2723,2024-07 (Jul),P2 - Medium,,July,2024
15/07/2024 08:22,WO-SPM_100260,SPM-AE-BY-02,CALM Buoy - CO760,SPM - Monthly Soundings,,,,15/07/2024 09:20,15/07/2024 12:44,3.4,Planned Maint.,Buoy Body,Closed,,,SPM_Offshore,DPR 2722,2024-07 (Jul),P2 - Medium,,July,2024
15/07/2024 08:21,WO-SPM_100259,SPM-AE-BY-02,CALM Buoy - CO760,SPM – Weekly Solar Panels GVI and cleaning,,,,15/07/2024 09:20,15/07/2024 12:44,3.4,Planned Maint.,NavAids & Power,Closed,,,SPM_Offshore,DPR 2722,2024-07 (Jul),P2 - Medium,,July,2024
15/07/2024 08:20,WO-SPM_100258,SPM-AE-BY-02,CALM Buoy - CO760,SPM – Weekly Main Bearing Greasing,,,,15/07/2024 09:20,15/07/2024 12:44,3.4,Planned Maint.,Lubrication System,Closed,,,SPM_Offshore,DPR 2722,2024-07 (Jul),P2 - Medium,,July,2024
15/07/2024 08:19,WO-SPM_100257,SPM-AE-BY-02,CALM Buoy - CO760,SPM – Weekly Central Pipe Swivel Greasing and GVI,,,,15/07/2024 09:20,15/07/2024 12:44,3.4,Planned Maint.,Swivel System,Closed,,,SPM_Offshore,DPR 2722,2024-07 (Jul),P2 - Medium,,July,2024
15/07/2024 08:16,WO-SPM_100256,SPM-AE-BY-02,CALM Buoy - CO760,SPM – Weekly Buoy Freeboard/Draft GVI,,,,15/07/2024 09:20,15/07/2024 12:44,3.4,Planned Maint.,Buoy Body,Closed,,,SPM_Offshore,DPR 2722,2024-07 (Jul),P2 - Medium,,July,2024
15/07/2024 08:14,WO-CBM_100234,ABB,CMB System for Planned Maint.,"ABB - Monthly Mooring buoy Pins, Swivel & Touchdown area on Chain",,,,18/07/2024 08:04,18/07/2024 08:57,0.883333333,Planned Maint.,Buoy Body,Closed,,,ABB_Offshore,DPR 2725,2024-07 (Jul),P2 - Medium,,July,2024
15/07/2024 08:13,WO-CBM_100233,ABB,CMB System for Planned Maint.,ABB - Quarterly Anodes GVI,,,,18/07/2024 08:04,18/07/2024 08:57,0.883333333,Planned Maint.,Buoy Body,Closed,,,ABB_Offshore,DPR 2725,2024-07 (Jul),P2 - Medium,,July,2024
15/07/2024 08:12,WO-CBM_100232,ABB,CMB System for Planned Maint.,ABB - Monthly Buoy Body GVI and Cleaning,,,,18/07/2024 08:04,18/07/2024 08:57,0.883333333,Planned Maint.,Buoy Body,Closed,,,ABB_Offshore,DPR 2725,2024-07 (Jul),P2 - Medium,,July,2024
15/07/2024 08:11,WO-CBM_100231,ABB,CMB System for Planned Maint.,ABB - Weekly Bush Wear checks,,,,16/07/2024 14:42,16/07/2024 15:33,0.85,Planned Maint.,Buoy Body,Closed,,,ABB_Offshore,DPR 2723,2024-07 (Jul),P2 - Medium,,July,2024
15/07/2024 08:10,WO-CBM_100230,ABB,CMB System for Planned Maint.,ABB - Weekly Buoys Freeboard/Draft GVI,,,,16/07/2024 14:42,16/07/2024 15:33,0.85,Planned Maint.,Buoy Body,Closed,,,ABB_Offshore,DPR 2723,2024-07 (Jul),P2 - Medium,,July,2024
15/07/2024 08:08,WO-CBM_200046,ABB-ME-BY-05,ABB Alpha Buoy,Change out worn-out UKP bushes on ABB05(Alpha Position),,,,12/07/2024 12:56,12/07/2024 15:26,2.5,Planned Corrective Maint.,Buoy Body,Closed,Worn,Replaced,ABB_Offshore,DPR 2719 / ABB Report 298,2024-07 (Jul),P1 - High,ABB Report,July,2024
15/07/2024 08:06,WO-CBM_200045,ABB-ME-BY-04,ABB Charlie Buoy,Change out worn-out UKP bushes on ABB04(Charlie Position),,,,12/07/2024 12:56,12/07/2024 15:26,2.5,Planned Corrective Maint.,Buoy Body,Closed,Worn,Replaced,ABB_Offshore,DPR 2719 / ABB Report 297,2024-07 (Jul),P1 - High,ABB Report,July,2024
15/07/2024 08:03,WO-CBM_100228,ABB,CMB System for Planned Maint.,"Pre-Berthing checks c/w 
• UKP Bush checks 
• Mooring hook lubrication.",,12/07/2024,,12/07/2024 12:56,12/07/2024 15:26,2.5,Inspection,Mooring System,Closed,,,ABB_Offshore,DPR 2719,2024-07 (Jul),P1 - High,,July,2024
15/07/2024 07:58,WO-CBM_100229,ABB,CMB System for Planned Maint.,ABB - Weekly Buoy Hooks GVI & Lubrication,,,,16/07/2024 14:42,16/07/2024 15:33,0.85,Planned Maint.,Buoy Body,Closed,,,ABB_Offshore,DPR 2723,2024-07 (Jul),P2 - Medium,,July,2024
15/07/2024 06:41,WO-SPM_100255,SPM-FT-HS-01,SPM Hose String Assembly (Floating/Submarine),SPM - Monthly GVI of Floating Hoses & Underwater Hoses (Chinese Lantern),,,,13/07/2024 11:17,13/07/2024 11:40,0.383333333,Planned Maint.,Submarine Hose,Closed,,,SPM_Offshore,DPR 2720,2024-07 (Jul),P2 - Medium,,July,2024
13/07/2024 10:00,WO-SPM_200048,SPM-AE-BY-02,CALM Buoy - CO760,Coating repairs & Topside survey,,,,13/07/2024 10:00,13/07/2024 11:15,1.25,Planned Corrective Maint.,Buoy Body,Closed,Aquatic Exposure,Removed,SPM_Offshore,DPR 2720 / SPM Report 253,2024-07 (Jul),P2 - Medium,SPM Report,July,2024
12/07/2024 13:27,WO-W_SHOP_200015,GPMS-W-SHOP,GPMS Maintenance Workshop & Warehouse, Coat application on wooden bench,12/07/2024,,,12/07/2024 11:00,12/07/2024 13:00,2,Planned Corrective Maint.,Tools,Closed,,Coated,W_Shop,,2024-07 (Jul),P3 - Low,,July,2024
11/07/2024 17:45,WO-CBM_100227,ABB,CMB System for Planned Maint.,ABB Pre-Berthing Checks,,10/07/2024,,10/07/2024 07:15,10/07/2024 07:21,0.1,Inspection,Mooring System,Closed,,,ABB_Offshore,DPR 2717,2024-07 (Jul),P1 - High,,July,2024
10/07/2024 16:16, WO-W_SHOP_200014,COMP-01,Air Compressor - KOTECH,Fuel hose replacement,,,,08/07/2024 09:30,26/07/2024 11:40,434.1666667,Unplanned Corrective Maint.,Hose,Closed,Leak,Replaced,W_Shop,,2024-07 (Jul),P2 - Medium,,July,2024
09/07/2024 17:13,WO-CBM_200044,ABB-PLEM-BY-01,PLEM Marker Buoy Assy,MGR on PLEM Buoy Chain,,,,07/06/2024 08:27,07/06/2024 09:31,1.066666667,Planned Corrective Maint.,Anchoring System,Closed,Aquatic Exposure,Removed,ABB_Offshore,DPR 2684,2024-06 (Jun),P2 - Medium,,June,2024
08/07/2024 09:59,WO-JET_100026,Oil-Jetty,Oil Jetty System for Planned Maintenance,Bi-weekly Servitude Walk / Pipeline Inspection,,,,14/07/2024 00:00,14/07/2024 00:00,0,Planned Maint.,Piping,Cancelled,,,Oil_Jetty,,2024-07 (Jul),P2 - Medium,,July,2024
08/07/2024 09:57,WO-SPM-CBM_100034,SW10,Seaways 10 Vessel,Inspection of Atlantis Fire Fighting System for Hose flushing,,15/07/2024,,15/07/2024 10:00,15/07/2024 12:00,2,Inspection,Fire System,Closed,,,SPM_Offshore,,2024-07 (Jul),P2 - Medium,,July,2024
08/07/2024 09:54,WO-SPM-CBM_100033,ABB/SPM_Onshore,Onshore ABB_SPM System for Planned Maintenance,Weekly Servitude Walk/ Pipeline Inspection,,,,08/07/2024 08:30,08/07/2024 12:30,4,Planned Maint.,Piping,Closed,,,ABB_SPM_Onshore,,2024-07 (Jul),P2 - Medium,,July,2024
08/07/2024 09:53,WO-W_SHOP_100058,Genset-01,Generator- Megapower,Weekly Inspection,,,,10/07/2024 08:30,10/07/2024 09:00,0.5,Planned Maint.,Engine,Closed,,,W_Shop,,2024-07 (Jul),P2 - Medium,,July,2024
08/07/2024 09:52,WO-W_SHOP_100057,COMP-01,Air Compressor - KOTECH,Weekly Inspection,,,,10/07/2024 09:00,10/07/2024 09:30,0.5,Planned Maint.,Engine,Closed,,,W_Shop,,2024-07 (Jul),P2 - Medium,,July,2024
08/07/2024 09:00,WO-SPM_100254,SPM-AE-BY-02,CALM Buoy - CO760,SPM – Weekly Solar Panels GVI and cleaning,,,,10/07/2024 07:15,10/07/2024 07:55,0.666666667,Planned Maint.,NavAids & Power,Closed,,,SPM_Offshore,DPR 2717,2024-07 (Jul),P2 - Medium,,July,2024
08/07/2024 08:59,WO-SPM_100253,SPM-AE-BY-02,CALM Buoy - CO760,SPM – Weekly Main Bearing Greasing,,,,10/07/2024 07:15,10/07/2024 07:55,0.666666667,Planned Maint.,Lubrication System,Closed,,,SPM_Offshore,DPR 2717,2024-07 (Jul),P2 - Medium,,July,2024
08/07/2024 08:58,WO-SPM_100252,SPM-AE-BY-02,CALM Buoy - CO760,SPM – Weekly Central Pipe Swivel Greasing and GVI,,,,10/07/2024 07:21,10/07/2024 07:55,0.566666667,Planned Maint.,Swivel System,Closed,,,SPM_Offshore,DPR 2717,2024-07 (Jul),P2 - Medium,,July,2024
08/07/2024 08:22,WO-SPM_100251,SPM-AE-BY-02,CALM Buoy - CO760,SPM – Weekly Buoy Freeboard/Draft GVI,,,,10/07/2024 07:21,10/07/2024 07:55,0.566666667,Planned Maint.,Buoy Body,Closed,,,SPM_Offshore,DPR 2717,2024-07 (Jul),P2 - Medium,,July,2024
08/07/2024 08:21,WO-CBM_100226,ABB,CMB System for Planned Maint.,ABB - Weekly Bush Wear checks,,,,10/07/2024 07:15,10/07/2024 07:21,0.1,Planned Maint.,Buoy Body,Closed,,,ABB_Offshore,DPR 2717,2024-07 (Jul),P2 - Medium,,July,2024
08/07/2024 08:20,WO-CBM_100225,ABB,CMB System for Planned Maint.,ABB - Weekly Buoys Freeboard/Draft GVI,,,,10/07/2024 07:15,10/07/2024 07:21,0.1,Planned Maint.,Buoy Body,Closed,,,ABB_Offshore,DPR 2717,2024-07 (Jul),P2 - Medium,,July,2024
08/07/2024 08:19,WO-CBM_100224,ABB,CMB System for Planned Maint.,ABB - Weekly Buoy Hooks GVI & Lubrication,,,,10/07/2024 07:15,10/07/2024 07:21,0.1,Planned Maint.,Buoy Body,Closed,,,ABB_Offshore,DPR 2717,2024-07 (Jul),P2 - Medium,,July,2024
08/07/2024 08:18,WO-CBM_100223,ABB,CMB System for Planned Maint.,"Pre-Berthing Checks.
• UKP Bush checks.
• Mooring hook lubrication",,07/07/2024,,07/07/2024 07:09,07/07/2024 07:52,0.716666667,Inspection,Mooring System,Closed,,,ABB_Offshore,DPR 2714,2024-07 (Jul),P1 - High,,July,2024
03/07/2024 08:29,WO-CBM_100222,ABB,CMB System for Planned Maint.," Pre-Berthing checks completed, c/w 
 - UKP Bush checks.
 - Mooring hook lubrication",,01/07/2024,,01/07/2024 07:07,01/07/2024 07:45,0.633333333,Inspection,Mooring System,Closed,,,ABB_Offshore,DPR 2708,2024-07 (Jul),P1 - High,,July,2024
02/07/2024 17:17,WO-SPM-CBM_100032,ABB/SPM_Onshore,Onshore ABB_SPM System for Planned Maintenance,Weekly Servitude Walk,,,,02/07/2024 10:30,02/07/2024 12:00,1.5,Planned Maint.,Piping,Closed,,,ABB_SPM_Onshore,,2024-07 (Jul),P2 - Medium,,July,2024
02/07/2024 17:15,WO-W_SHOP_100056,Genset-01,Generator- Megapower,Weekly Inspection,,,,01/07/2024 10:00,01/07/2024 10:30,0.5,Planned Maint.,Engine,Closed,,,W_Shop,,2024-07 (Jul),P2 - Medium,,July,2024
02/07/2024 17:14,WO-W_SHOP_100055,COMP-01,Air Compressor - KOTECH,Weekly Inspection,,,,01/07/2024 10:00,01/07/2024 10:30,0.5,Planned Maint.,Engine,Closed,,,W_Shop,,2024-07 (Jul),P2 - Medium,,July,2024
02/07/2024 17:01,WO-W_SHOP_200013,GPMS-W-SHOP,GPMS Maintenance Workshop & Warehouse,Fixing Noisy Exhaust Pipe: Welding Repairs on the Maintenance Car,02/07/2024,,,02/07/2024 13:00,02/07/2024 14:00,1,Unplanned Corrective Maint.,Vehicle Chassis and Body Systems,Closed,Loose (Detached),Welding Repairs,W_Shop,,2024-07 (Jul),P3 - Low,,July,2024
01/07/2024 18:13,WO-W_SHOP_200012,GPMS-W-SHOP,GPMS Maintenance Workshop & Warehouse,Welding repairs on Operations & Maintenance Manager's Vehicle broken RH side step bar,01/07/2024,,,01/07/2024 11:00,02/07/2024 09:00,22,Unplanned Corrective Maint.,Vehicle Chassis and Body Systems,Closed,"Break (Cracked, Broken, Holed)",Welding Repairs,W_Shop,,2024-07 (Jul),P3 - Low,,July,2024
01/07/2024 17:59,WO-W_SHOP_200011,GPMS-W-SHOP,GPMS Maintenance Workshop & Warehouse,Welding Repairs on Operations vehicle front Bumper,26/06/2024,,,26/06/2024 09:00,26/06/2024 14:00,5,Unplanned Corrective Maint.,Vehicle Chassis and Body Systems,Closed,"Break (Cracked, Broken, Holed)",Welding Repairs,W_Shop,,2024-06 (Jun),P3 - Low,,June,2024
01/07/2024 17:36,WO-SPM-CBM_200003,ABB-FT-V-1815,"TOR PIG Receiver + 2"" Drain Valve","Repair TOR PIG Receiver End Closure Valve leak
Reset the end closure mechanism to ensure it aligns correctly and allows the valve to close properly.",01/07/2024,,,01/07/2024 13:00,01/07/2024 14:00,1,Unplanned Corrective Maint.,Piping,Closed,Leak,Adjusted,ABB_SPM_Onshore,,2024-07 (Jul),P1 - High,,July,2024
01/07/2024 09:51,WO-SPM_100250,SPM-FT-PV-01,SPM PLEM,SPM – Monthly PLEM Valves operation,,,,07/07/2024 06:00,07/07/2024 06:00,0,Planned Maint.,Valve,Cancelled,,,SPM_Offshore,,2024-07 (Jul),P2 - Medium,,July,2024
01/07/2024 09:50,WO-SPM_100249,SPM-FT-BY-02,CALM Buoy - CO760 Cargo transfer System,SPM – Monthly Expansion Joint GVI,,,,04/07/2024 11:10,04/07/2024 12:00,0.833333333,Planned Maint.,Piping Support,Closed,,,SPM_Offshore,DPR 2711,2024-07 (Jul),P2 - Medium,,July,2024
01/07/2024 09:48,WO-SPM_100248,SPM-AE-BY-02,CALM Buoy - CO760,SPM – Monthly Top Side Valve Operations,,,,04/07/2024 11:10,04/07/2024 12:00,0.833333333,Planned Maint.,Valve,Closed,,,SPM_Offshore,DPR 2711,2024-07 (Jul),P2 - Medium,,July,2024
01/07/2024 09:47,WO-SPM_100247,SPM-FT-BY-02,CALM Buoy - CO760 Cargo transfer System,SPM – Monthly External Leakage GVI,,,,04/07/2024 11:10,04/07/2024 12:00,0.833333333,Planned Maint.,Piping,Closed,,,SPM_Offshore,DPR 2711,2024-07 (Jul),P2 - Medium,,July,2024
01/07/2024 09:24,WO-SPM_100246,SPM-FT-BY-02,CALM Buoy - CO760 Cargo transfer System,SPM – Monthly Fluid Swivel GVI,,,,04/07/2024 11:10,04/07/2024 12:00,0.833333333,Planned Maint.,Swivel System,Closed,,,SPM_Offshore,DPR 2711,2024-07 (Jul),P2 - Medium,,July,2024
01/07/2024 09:22,WO-SPM_100245,SPM-FT-BY-02,CALM Buoy - CO760 Cargo transfer System,SPM – Monthly Torque Arm GVI,,,,04/07/2024 11:10,04/07/2024 12:00,0.833333333,Planned Maint.,Buoy Body,Closed,,,SPM_Offshore,DPR 2711,2024-07 (Jul),P2 - Medium,,July,2024
01/07/2024 09:12,WO-SPM_100244,SPM-AE-BY-02,CALM Buoy - CO760,"SPM - Bi-Weekly Turntable Rotation & Locking Pins, Guides and Brakes",,,,05/07/2024 09:30,05/07/2024 10:14,0.733333333,Planned Maint.,Buoy Body,Closed,,,SPM_Offshore,DPR 2712,2024-07 (Jul),P2 - Medium,,July,2024
01/07/2024 09:11,WO-SPM_100243,SPM-AE-BY-02,CALM Buoy - CO760,SPM - Bi-weekly Lifting Equipment GVI & Lubrication - not available on buoy,,,,07/07/2024 06:00,07/07/2024 06:00,0,Planned Maint.,Hoisting & Lifting,Cancelled,,,SPM_Offshore,,2024-07 (Jul),P2 - Medium,,July,2024
01/07/2024 09:10,WO-SPM_100242,SPM-FT-BY-02,CALM Buoy - CO760 Cargo transfer System,SPM - Monthly Hose Pick Up Equipment GVI,,,,01/07/2024 06:00,01/07/2024 06:00,0,Planned Maint.,Hoisting & Lifting,Cancelled,,,SPM_Offshore,,2024-07 (Jul),P2 - Medium,,July,2024
01/07/2024 09:06,WO-SPM_100241,SPM-FT-HS-01,SPM Hose String Assembly (Floating/Submarine),SPM - Monthly Cleaning of Floating Hoses & Underwater Hoses (Chinese Lantern),,,,01/07/2024 06:00,01/07/2024 06:00,0,Planned Maint.,Hose,Cancelled,,,SPM_Offshore,,2024-07 (Jul),P2 - Medium,,July,2024
01/07/2024 09:04,WO-SPM_100240,SPM-AE-BY-02,CALM Buoy - CO760,SPM – Weekly Solar Panels GVI and cleaning,,,,04/07/2024 11:10,04/07/2024 12:00,0.833333333,Planned Maint.,NavAids & Power,Closed,,,SPM_Offshore,DPR 2711,2024-07 (Jul),P2 - Medium,,July,2024
01/07/2024 09:02,WO-SPM_100239,SPM-AE-BY-02,CALM Buoy - CO760,SPM – Weekly Main Bearing Greasing,,,,04/07/2024 11:10,04/07/2024 12:00,0.833333333,Planned Maint.,Lubrication System,Closed,,,SPM_Offshore,DPR 2711,2024-07 (Jul),P2 - Medium,,July,2024
01/07/2024 09:01,WO-SPM_100238,SPM-AE-BY-02,CALM Buoy - CO760,SPM – Weekly Central Pipe Swivel Greasing and GVI,,,,04/07/2024 11:10,04/07/2024 12:00,0.833333333,Planned Maint.,Swivel System,Closed,,,SPM_Offshore,DPR 2711,2024-07 (Jul),P2 - Medium,,July,2024
01/07/2024 08:59,WO-SPM_100237,SPM-AE-BY-02,CALM Buoy - CO760,SPM – Weekly Buoy Freeboard/Draft GVI,,,,03/07/2024 11:00,03/07/2024 11:20,0.333333333,Planned Maint.,Buoy Body,Closed,,,SPM_Offshore,DPR 2712,2024-07 (Jul),P2 - Medium,,July,2024
01/07/2024 08:52,WO-CBM_100221,ABB-CP-01,ABB Cathodic Protection System - Offshore,ABB - Bi-annual PLEM Cathodic Protection System,,,,07/07/2024 06:00,07/07/2024 06:00,0,Planned Maint.,PLEM Piping and Structure,Cancelled,,,ABB_Offshore,,2024-07 (Jul),P2 - Medium,,July,2024
01/07/2024 08:49,WO-CBM_100220,ABB-FT-V-1803,ABB PLEM Valve,ABB – Monthly PLEM Valve operation,,,,03/07/2024 13:58,03/07/2024 14:38,0.666666667,Planned Maint.,Valve,Closed,,,ABB_Offshore,DPR 2710,2024-07 (Jul),P2 - Medium,,July,2024
01/07/2024 08:48,WO-CBM_100219,ABB-FT-PL-18,"ABB Offshore/Onshore Pipeline - 18""","ABB - Yearly PLEM Piping, Structure & Foundation GVI",,,,03/07/2024 13:58,03/07/2024 14:38,0.666666667,Planned Maint.,PLEM Piping and Structure,Closed,,,ABB_Offshore,DPR 2710,2024-07 (Jul),P2 - Medium,,July,2024
01/07/2024 08:47,WO-CBM_100218,ABB,CMB System for Planned Maint.,ABB - Quarterly MBC GVI,,,,03/07/2024 13:58,03/07/2024 14:38,0.666666667,Planned Maint.,MBC,Closed,,,ABB_Offshore,DPR 2710,2024-07 (Jul),P2 - Medium,,July,2024
01/07/2024 08:46,WO-CBM_100217,ABB-FT-HS-01,ABB Submarine Hose Assembly,ABB - Monthly Hose Pick Up Equipment & End Fittings GVI,,,,05/07/2024 09:15,05/07/2024 09:20,0.083333333,Planned Maint.,Hoisting & Lifting,Closed,,,ABB_Offshore,DPR 2712,2024-07 (Jul),P2 - Medium,,July,2024
01/07/2024 08:43,WO-CBM_100216,ABB-FT-HS-01,ABB Submarine Hose Assembly,ABB – Monthly GVI of Subsea Hoses,,,,03/07/2024 13:58,03/07/2024 14:38,0.666666667,Planned Maint.,Submarine Hose,Closed,,,ABB_Offshore,DPR 2710,2024-07 (Jul),P2 - Medium,,July,2024
01/07/2024 08:40,WO-CBM_100215,ABB-FT-HS-01,ABB Submarine Hose Assembly,ABB – Monthly GVI above water Hoses,,,,07/07/2024 09:15,07/07/2024 09:20,0.083333333,Planned Maint.,Floating Hose,Closed,,,ABB_Offshore,DPR 2712,2024-07 (Jul),P2 - Medium,,July,2024
01/07/2024 08:37,WO-CBM_100214,ABB-CP-01,ABB Cathodic Protection System - Offshore,ABB - Bi-annual Buoys Cathodic protection GVI and CP readings,,,,07/07/2024 06:00,07/07/2024 06:00,0,Planned Maint.,Cathodic Protection,Cancelled,,,ABB_Offshore,,2024-07 (Jul),P2 - Medium,,July,2024
01/07/2024 08:35,WO-CBM_100213,ABB,CMB System for Planned Maint.,ABB - Weekly Bush Wear checks,,,,04/07/2024 06:40,04/07/2024 07:50,1.166666667,Planned Maint.,Buoy Body,Closed,,,ABB_Offshore,DPR 2711,2024-07 (Jul),P2 - Medium,,July,2024
01/07/2024 08:34,WO-CBM_100212,ABB,CMB System for Planned Maint.,ABB - Weekly Buoys Freeboard/Draft GVI,,,,03/07/2024 01:58,03/07/2024 02:38,0.666666667,Planned Maint.,Buoy Body,Closed,,,ABB_Offshore,DPR 2710,2024-07 (Jul),P2 - Medium,,July,2024
01/07/2024 08:33,WO-CBM_100211,ABB,CMB System for Planned Maint.,ABB - Weekly Buoy Hooks GVI & Lubrication,,,,04/07/2024 06:40,04/07/2024 07:50,1.166666667,Planned Maint.,Buoy Body,Closed,,,ABB_Offshore,DPR 2711,2024-07 (Jul),P2 - Medium,,July,2024
29/06/2024 09:39,WO-CBM_200023,ABB-ME-BY-05,ABB Alpha Buoy,ABB - MGR from ABB 05(Alpha Position) buoy body,,,,28/06/2024 07:00,28/06/2024 07:55,0.916666667,Planned Corrective Maint.,Buoy Body,Closed,Aquatic Exposure,Removed,ABB_Offshore,DPR 2705,2024-06 (Jun),P2 - Medium,,June,2024
28/06/2024 17:47,WO-CBM_100210,ABB,CMB System for Planned Maint.,"Pre-Berthing checks
- UKP Bush Checks.
- Mooring hook Lubrication.",,27/06/2024,,27/06/2024 13:45,27/06/2024 16:10,2.416666667,Inspection,Mooring System,Closed,,,ABB_Offshore,DPR 2704,2024-06 (Jun),P1 - High,,June,2024
26/06/2024 07:49,WO-CBM_100209,ABB,CMB System for Planned Maint.,ABB Pre-Berthing Checks,,25/06/2024,,25/06/2024 06:41,25/06/2024 08:05,1.4,Inspection,Mooring System,Closed,,,ABB_Offshore,DPR 2702,2024-06 (Jun),P1 - High,,June,2024
24/06/2024 10:06,WO-SPM-CBM_100031,SW10,Seaways 10 Vessel,ATLANTIS for SW10 / DEMOBILIZATION of Dive and Ops. Equipment,,,,30/06/2024 09:10,30/06/2024 20:00,10.83333333,Projects,Tools,Closed,,,W_Shop,DPR 2706,2024-06 (Jun),P2 - Medium,,June,2024
24/06/2024 09:55,WO-SPM-CBM_100030,ABB-FT-V-1815,"TOR PIG Receiver + 2"" Drain Valve",Servicing of Pig Receiver at TOR,,,,19/06/2024 11:30,26/06/2024 11:30,168,Planned Maint.,Piping,Closed,,,ABB_SPM_Onshore,,2024-06 (Jun),P2 - Medium,,June,2024
24/06/2024 09:54,WO-SPM_100236,SPM-AE-BY-01,CALM Buoy - SO17190,GVI of SPM1 at Tema Port,,,,05/07/2024 10:00,05/07/2024 11:03,1.05,Planned Maint.,Buoy Body,Closed,,,SPM_Offshore,,2024-07 (Jul),P2 - Medium,,July,2024
24/06/2024 09:51,WO-JET_100024,Oil-Jetty,Oil Jetty System for Planned Maintenance,Bi-weekly Servitude Walk / Pipeline Inspection,,,,25/06/2024 10:30,25/06/2024 12:30,2,Planned Maint.,Piping,Closed,,,Oil_Jetty,,2024-06 (Jun),P2 - Medium,,June,2024
24/06/2024 09:48,WO-SPM-CBM_100029,ABB/SPM_Onshore,Onshore ABB_SPM System for Planned Maintenance,Monthly Cathodic protection potential measurement,,,,27/06/2024 10:00,27/06/2024 12:00,2,Planned Maint.,Cathodic Protection,Closed,,,ABB_SPM_Onshore,,2024-06 (Jun),P2 - Medium,,June,2024
24/06/2024 09:45,WO-SPM-CBM_100028,ABB/SPM_Onshore,Onshore ABB_SPM System for Planned Maintenance,Greasing of Valves TCGV-104 & TCGV-203,,,,28/06/2024 08:30,28/06/2024 10:30,2,Planned Maint.,Valve,Closed,,,ABB_SPM_Onshore,,2024-06 (Jun),P2 - Medium,,June,2024
24/06/2024 09:42,WO-SPM-CBM_100027,ABB/SPM_Onshore,Onshore ABB_SPM System for Planned Maintenance,Weekly Servitude Walk,,,,27/06/2024 10:00,27/06/2024 12:00,2,Planned Maint.,Piping,Closed,,,ABB_SPM_Onshore,,2024-06 (Jun),P2 - Medium,,June,2024
24/06/2024 09:36,WO-W_SHOP_100054,COMP-01,Air Compressor - KOTECH,Weekly Inspection,,,,28/06/2024 13:00,28/06/2024 13:30,0.5,Planned Maint.,Engine,Closed,,,W_Shop,,2024-06 (Jun),P2 - Medium,,June,2024
24/06/2024 08:08,WO-W_SHOP_200010,GPMS-W-SHOP,GPMS Maintenance Workshop & Warehouse,"Fabrication of 12-inch Pig Launcher Spool Piece
Magnetic Particle Inspection of Fabricated Spool Piece",,,,20/06/2024 09:00,23/07/2024 16:30,799.5,Planned Improvement,Piping,Closed,,Fabricate,W_Shop,,2024-07 (Jul),P3 - Low,,June,2024
24/06/2024 07:46,WO-SPM_100235,SPM-AE-BY-02,CALM Buoy - CO760,SPM – Weekly Solar Panels GVI and cleaning,,,,26/06/2024 08:55,26/06/2024 09:50,0.916666667,Planned Maint.,NavAids & Power,Closed,,,SPM_Offshore,DPR 2703,2024-06 (Jun),P2 - Medium,,June,2024
24/06/2024 07:45,WO-SPM_100234,ABB,CMB System for Planned Maint.,SPM – Weekly Main Bearing Greasing,,,,26/06/2024 08:55,26/06/2024 09:50,0.916666667,Planned Maint.,Lubrication System,Closed,,,SPM_Offshore,DPR 2703,2024-06 (Jun),P2 - Medium,,June,2024
24/06/2024 07:43,WO-SPM_100233,SPM-AE-BY-02,CALM Buoy - CO760,SPM – Weekly Central Pipe Swivel Greasing and GVI,,,,26/06/2024 08:55,26/06/2024 09:50,0.916666667,Planned Maint.,Swivel System,Closed,,,SPM_Offshore,DPR 2703,2024-06 (Jun),P2 - Medium,,June,2024
24/06/2024 07:42,WO-SPM_100232,SPM-AE-BY-02,CALM Buoy - CO760,SPM – Weekly Buoy Freeboard/Draft GVI,,,,26/06/2024 08:55,26/06/2024 09:50,0.916666667,Planned Maint.,Buoy Body,Closed,,,SPM_Offshore,DPR 2703,2024-06 (Jun),P2 - Medium,,June,2024
24/06/2024 07:40,WO-CBM_100208,ABB,CMB System for Planned Maint.,ABB - Yearly Sierra Chain GVI & Cleaning,,,,26/06/2024 07:30,26/06/2024 08:49,1.316666667,Planned Maint.,Anchoring System,Closed,,,ABB_Offshore,DPR 2703,2024-06 (Jun),P2 - Medium,,June,2024
24/06/2024 07:39,WO-CBM_100207,ABB,CMB System for Planned Maint.,ABB - Quarterly Coating,,,,28/06/2024 07:00,28/06/2024 07:55,0.916666667,Planned Maint.,Buoy Body,Closed,,,ABB_Offshore,DPR 2705,2024-06 (Jun),P2 - Medium,,June,2024
24/06/2024 07:38,WO-CBM_100206,ABB,CMB System for Planned Maint.,"ABB - Quarterly Buoys Connection Pins, Links",,,,28/06/2024 07:00,28/06/2024 07:55,0.916666667,Planned Maint.,Buoy Body,Closed,,,ABB_Offshore,DPR 2705,2024-06 (Jun),P2 - Medium,,June,2024
24/06/2024 07:36,WO-CBM_100205,ABB,CMB System for Planned Maint.,ABB - Weekly Bush Wear checks,,,,25/06/2024 06:41,25/06/2024 08:05,1.4,Planned Maint.,Buoy Body,Closed,,,ABB_Offshore,DPR 2702,2024-06 (Jun),P2 - Medium,,June,2024
24/06/2024 07:34,WO-CBM_100204,ABB,CMB System for Planned Maint.,ABB - Weekly Buoys Freeboard/Draft GVI,,,,25/06/2024 06:41,25/06/2024 08:05,1.4,Planned Maint.,Buoy Body,Closed,,,ABB_Offshore,DPR 2702,2024-06 (Jun),P2 - Medium,,June,2024
24/06/2024 07:33,WO-CBM_100203,ABB,CMB System for Planned Maint.,ABB - Weekly Buoy Hooks GVI & Lubrication,,,,25/06/2024 06:41,25/06/2024 08:05,1.4,Planned Maint.,Buoy Body,Closed,,,ABB_Offshore,DPR 2702,2024-06 (Jun),P2 - Medium,,June,2024
24/06/2024 07:27,WO-CBM_100202,ABB,CMB System for Planned Maint.,"Pre-Berthing checks c/w 
- UKP Bush Checks.
 - Mooring buoy hook lubrication.",,22/06/2024,,22/06/2024 07:00,22/06/2024 07:54,0.9,Inspection,Mooring System,Closed,,,ABB_Offshore,DPR 2699,2024-06 (Jun),P1 - High,,June,2024
19/06/2024 16:35,WO-CBM_200021,ABB-ME-BY-02,ABB  Bravo Buoy,MGR from ABB 02(Bravo buoy) body,,,,18/06/2024 09:45,18/06/2024 10:20,0.583333333,Planned Corrective Maint.,Buoy Body,Closed,Aquatic Exposure,Removed,ABB_Offshore,DPR 2695,2024-06 (Jun),P2 - Medium,,June,2024
19/06/2024 08:23,WO-CBM_100201,ABB,CMB System for Planned Maint.,ABB – Pre-Berthing checks,,18/06/2024,,18/06/2024 07:00,18/06/2024 08:24,1.4,Inspection,Mooring System,Closed,,,ABB_Offshore,DPR 2695,2024-06 (Jun),P1 - High,,June,2024
18/06/2024 13:16,WO-SPM_200040,SPM-AE-BY-02,CALM Buoy - CO760,MGR from Chain Lockers,17/06/2024,,,17/06/2024 10:26,17/06/2024 12:27,2.016666667,Planned Corrective Maint.,Anchoring System,Closed,Aquatic Exposure,Removed,SPM_Offshore,DPR 2694,2024-06 (Jun),P2 - Medium,,June,2024
18/06/2024 09:01,WO-W_SHOP_100053,COMP-01,Air Compressor - KOTECH,Yearly Oil Service,,,,21/06/2024 09:30,21/06/2024 13:00,3.5,Planned Maint.,Engine,Closed,,,W_Shop,,2024-06 (Jun),P2 - Medium,,June,2024
18/06/2024 09:00,WO-W_SHOP_100052,Genset-01,Generator- Megapower,Yearly Oil Service,,,,24/06/2024 09:00,24/06/2024 11:05,2.083333333,Planned Maint.,Engine,Closed,,,W_Shop,,2024-06 (Jun),P2 - Medium,,June,2024
18/06/2024 08:57,WO-SPM-CBM_100026,ABB/SPM_Onshore,Onshore ABB_SPM System for Planned Maintenance,Weekly Servitude Walk/ Pipeline Inspection,,,,18/06/2024 09:00,18/06/2024 11:00,2,Planned Maint.,Piping,Closed,,,ABB_SPM_Onshore,,2024-06 (Jun),P2 - Medium,,June,2024
18/06/2024 08:55,WO-JET_100025,Oil-Jetty,Oil Jetty System for Planned Maintenance,Corrosion Control: Coating of Valves V-102 & V-104 flanges on the 6-inch pipeline,,,,18/07/2024 10:00,18/07/2024 12:30,2.5,Planned Corrective Maint.,Piping,Closed,Corroded,Coated,Oil_Jetty,,2024-07 (Jul),P2 - Medium,,July,2024
18/06/2024 08:06,WO-SPM_100231,SPM-AE-BY-02,CALM Buoy - CO760,"SPM - Bi-Weekly Turntable Rotation & Locking Pins, Guides and Brakes",,,,21/06/2024 07:15,21/06/2024 08:20,1.083333333,Planned Maint.,Buoy Body,Closed,,,SPM_Offshore,DPR 2698,2024-06 (Jun),P2 - Medium,,June,2024
18/06/2024 08:05,WO-SPM_100230,SPM-AE-BY-02,CALM Buoy - CO760,SPM - Bi-weekly Lifting Equipment GVI & Lubrication,,,,23/06/2024 06:00,23/06/2024 06:00,0,Planned Maint.,Hoisting & Lifting,Cancelled,,,SPM_Offshore,,2024-06 (Jun),P2 - Medium,,June,2024
18/06/2024 08:05,WO-SPM_200046,SPM-AE-BY-02,CALM Buoy - CO760, MGR on Buoy Body,17/06/2024,,,17/06/2024 10:26,20/06/2024 10:06,71.66666667,Planned Corrective Maint.,Buoy Body,Closed,Aquatic Exposure,Removed,SPM_Offshore,"DPR 2694,96,97",2024-06 (Jun),P2 - Medium,,June,2024
18/06/2024 08:04,WO-SPM_100229,SPM-AE-BY-02,CALM Buoy - CO760,SPM – Weekly Solar Panels GVI and cleaning,,,,19/06/2024 07:30,19/06/2024 08:30,1,Planned Maint.,NavAids & Power,Closed,,,SPM_Offshore,DPR 2696,2024-06 (Jun),P2 - Medium,,June,2024
18/06/2024 08:03,WO-SPM_100228,SPM-AE-BY-02,CALM Buoy - CO760,SPM – Weekly Main Bearing Greasing,,,,19/06/2024 07:30,19/06/2024 08:30,1,Planned Maint.,Lubrication System,Closed,,,SPM_Offshore,DPR 2696,2024-06 (Jun),P2 - Medium,,June,2024
18/06/2024 08:01,WO-SPM_100227,SPM-AE-BY-02,CALM Buoy - CO760,SPM – Weekly Central Pipe Swivel Greasing and GVI,,,,19/06/2024 07:30,19/06/2024 08:30,1,Planned Maint.,Swivel System,Closed,,,SPM_Offshore,DPR 2696,2024-06 (Jun),P2 - Medium,,June,2024
18/06/2024 08:00,WO-SPM_100226,SPM-AE-BY-02,CALM Buoy - CO760,SPM – Weekly Buoy Freeboard/Draft GVI,,,,19/06/2024 07:30,19/06/2024 08:30,1,Planned Maint.,Buoy Body,Closed,,,SPM_Offshore,DPR 2696,2024-06 (Jun),P2 - Medium,,June,2024
18/06/2024 07:58,WO-CBM_100200,ABB,CMB System for Planned Maint.,ABB - Monthly Bouy Location,,,,18/06/2024 07:00,18/06/2024 08:24,1.4,Planned Maint.,Buoy Body,Closed,,,ABB_Offshore,DPR 2695,2024-06 (Jun),P2 - Medium,,June,2024
18/06/2024 07:57,WO-CBM_100199,ABB,CMB System for Planned Maint.,ABB - Weekly Bush Wear checks,,,,18/06/2024 07:00,18/06/2024 08:24,1.4,Planned Maint.,Buoy Body,Closed,,,ABB_Offshore,DPR 2695,2024-06 (Jun),P2 - Medium,,June,2024
18/06/2024 07:55,WO-CBM_100198,ABB,CMB System for Planned Maint.,ABB - Weekly Buoys Freeboard/Draft GVI,,,,18/06/2024 07:00,18/06/2024 08:24,1.4,Planned Maint.,Buoy Body,Closed,,,ABB_Offshore,DPR 2695,2024-06 (Jun),P2 - Medium,,June,2024
18/06/2024 07:54,WO-CBM_100197,ABB,CMB System for Planned Maint.,ABB - Weekly Buoy Hooks GVI & Lubrication,,,,18/06/2024 07:00,18/06/2024 08:24,1.4,Planned Maint.,Buoy Body,Closed,,,ABB_Offshore,DPR 2695,2024-06 (Jun),P2 - Medium,,June,2024
18/06/2024 07:52,WO-CBM_100196,ABB,CMB System for Planned Maint.," Pre-Berthing checks
- UKP bush checks.
 - Mooring hook lubrication.",,15/06/2024,,15/06/2024 09:30,15/06/2024 09:40,0.166666667,Inspection,Mooring System,Closed,,,ABB_Offshore,DPR 2692,2024-06 (Jun),P1 - High,,June,2024
18/06/2024 06:23,WO-SPM-CBM_200002,SPM-FT-PL-36,"SPM Offshore/Onshore Pipeline - 36""","Damage 36-inch pipeline coating due to Excavation works of Quantum Gas LPG extension works - 
Repaired damage coating",19/05/2024,,,15/06/2024 08:00,16/06/2024 16:00,32,Planned Corrective Maint.,Piping,Closed - Was Backlog,Damaged,Coated,ABB_SPM_Onshore,,2024-06 (Jun),P2 - Medium,,June,2024
17/06/2024 08:18,WO-SPM_200036,SPM-AE-BY-02,CALM Buoy - CO760, MGR from skirt and anodes,19/02/2024,,,16/06/2024 12:43,20/06/2024 10:06,93.38333333,Planned Corrective Maint.,Buoy Body,Closed,Aquatic Exposure,Removed,SPM_Offshore,"DPR 2693,94,96,97",2024-06 (Jun),P2 - Medium,,June,2024
14/06/2024 10:20,WO-SPM_200037,SPM-AE-BY-02,CALM Buoy - CO760,MGR from East & West Cargo hose floatation collars,13/06/2024,,,13/06/2024 13:06,16/06/2024 11:18,70.2,Planned Corrective Maint.,Submarine Hose,Closed,Aquatic Exposure,Removed,SPM_Offshore,"DPR 2690,93",2024-06 (Jun),P2 - Medium,,June,2024
13/06/2024 10:30,WO-CBM_200025,ABB-ME-BY-03,ABB Delta Buoy,MGR from ABB 04 buoy body.,,,,12/06/2024 08:55,12/06/2024 10:25,1.5,Planned Corrective Maint.,Buoy Body,Closed,Aquatic Exposure,Removed,ABB_Offshore,DPR 2689,2024-06 (Jun),P2 - Medium,,June,2024
13/06/2024 08:55,WO-CBM_200024,ABB-ME-BY-04,ABB Charlie Buoy,MGR from ABB 03 buoy body.,,,,12/06/2024 08:55,12/06/2024 10:25,1.5,Planned Corrective Maint.,Buoy Body,Closed,Aquatic Exposure,Removed,ABB_Offshore,DPR 2689,2024-06 (Jun),P2 - Medium,,June,2024
13/06/2024 07:59,WO-CBM_100195,ABB,CMB System for Planned Maint., ABB Pre-Berthing Checks,,12/06/2024,,12/06/2024 08:11,12/06/2024 08:50,0.65,Inspection,Mooring System,Closed,,,ABB_Offshore,DPR 2689,2024-06 (Jun),P1 - High,,June,2024
12/06/2024 17:04,WO-JET_200033,JET-10-PL-WHT-200,"10"" Products Pipeline","Application of cold bonding to 10"" pipeline at VALCO wharf executed by I-Neema.",,,,12/06/2024 08:00,12/06/2024 15:30,7.5,Unplanned Corrective Maint.,Piping,Closed,Leak,Cold Bonding,Oil_Jetty,,2024-06 (Jun),P1 - High,,June,2024
12/06/2024 16:57,WO-W_SHOP_200009,GPMS-W-SHOP,GPMS Maintenance Workshop & Warehouse,"Fabrication of 2nos x12"" dia. pipe brackets and 2nos x16"" dia. pipe blind flanges brackets.",,,,10/06/2024 10:00,10/06/2024 12:00,2,Planned Improvement,Piping,Closed,,Fabricate,W_Shop,,2024-06 (Jun),P3 - Low,,June,2024
10/06/2024 16:30,WO-JET_100022,Oil-Jetty,Oil Jetty System for Planned Maintenance,Monthly Valve/Pressure Gauges Inspection,,,,13/06/2024 09:00,13/06/2024 09:30,0.5,Planned Maint.,Piping,Closed,,,Oil_Jetty,,2024-06 (Jun),P2 - Medium,,June,2024
10/06/2024 16:29,WO-JET_100021,Oil-Jetty,Oil Jetty System for Planned Maintenance,Monthly Sump and Sump Pipeline Inspection,,,,11/06/2024 13:00,11/06/2024 13:30,0.5,Planned Maint.,Piping,Closed,,,Oil_Jetty,,2024-06 (Jun),P2 - Medium,,June,2024
10/06/2024 16:28,WO-JET_100023,Oil-Jetty,Oil Jetty System for Planned Maintenance,Bi-weekly Servitude Walk / Pipeline Inspection,,,,13/06/2024 10:00,13/06/2024 11:00,1,Planned Maint.,Piping,Closed,,,Oil_Jetty,,2024-06 (Jun),P2 - Medium,,June,2024
10/06/2024 16:23,WO-SPM-CBM_100025,ABB/SPM_Onshore,Onshore ABB_SPM System for Planned Maintenance,Weekly Servitude Walk,,,,14/06/2024 08:30,14/06/2024 10:30,2,Planned Maint.,Piping,Closed,,,ABB_SPM_Onshore,,2024-06 (Jun),P2 - Medium,,June,2024
10/06/2024 16:20,WO-W_SHOP_100051,COMP-01,Air Compressor - KOTECH,Weekly Inspection,,,,13/06/2024 08:40,13/06/2024 09:00,0.333333333,Planned Maint.,Engine,Closed,,,W_Shop,,2024-06 (Jun),P2 - Medium,,June,2024
10/06/2024 16:19,WO-W_SHOP_100050,Genset-01,Generator- Megapower,Weekly Inspection,,,,14/06/2024 08:40,14/06/2024 09:00,0.333333333,Planned Maint.,Engine,Closed,,,W_Shop,,2024-06 (Jun),P2 - Medium,,June,2024
10/06/2024 16:10,WO-JET_200032,JET-10-PL-WHT-200,"10"" Products Pipeline","Leak detection on 10"" pipeline at VALCO wharf - The section of the pipeline was clamped.",10/06/2024,,,10/06/2024 13:30,10/06/2024 15:30,2,Unplanned Corrective Maint.,Piping,Closed,Leak,Clamped,Oil_Jetty,,2024-06 (Jun),P1 - High,,June,2024
10/06/2024 09:12,WO-SPM-CBM_200000,ABB-FT-PL-18,"ABB Offshore/Onshore Pipeline - 18""","Wrapping buried sections of the 18"" pipeline at the GAO Lagoon Station with Bitumen Rubber tape.",06/06/2024,,,06/06/2024 14:30,06/06/2024 16:40,2.166666667,Planned Corrective Maint.,Piping,Closed,,Wrapping,ABB_SPM_Onshore,,2024-06 (Jun),P1 - High,,June,2024
10/06/2024 08:59,WO-JET_200031,JET-6-PL-LPG-100,"6"" LPG Pipeline","Installed a blind (spectacle) to positively isolate the 12"" and the 6"" LPG pipelines.",09/06/2024,,,09/06/2024 08:00,09/06/2024 11:00,3,Planned Corrective Maint.,Piping,Closed,,Isolate,Oil_Jetty,,2024-06 (Jun),P1 - High,,June,2024
10/06/2024 08:55,WO-SPM-CBM_200001,SPM-FT-PL-36,"SPM Offshore/Onshore Pipeline - 36""",Wrapping buried sections of the 36-inch at the GAO Lagoon Station Bitumen Rubber tape.,10/06/2024,,,10/06/2024 09:00,10/06/2024 12:30,3.5,Planned Corrective Maint.,Piping,Closed,,Wrapping,ABB_SPM_Onshore,,2024-06 (Jun),P3 - Low,,June,2024
10/06/2024 08:49,WO-JET_200030,Oil-Jetty,Oil Jetty System for Planned Maintenance,Labelling of pipelines at jetty for easy identification by operators and stakeholders.,06/06/2024,,,06/06/2024 13:30,06/06/2024 14:15,0.75,Planned Corrective Maint.,Piping,Closed,Missing,Paint,Oil_Jetty,,2024-06 (Jun),P1 - High,,June,2024
10/06/2024 08:34,WO-CBM_200042,ABB-ME-BY-04,ABB Charlie Buoy,ABB- Replace ABB04(Charlie Position) Parted Mooring Line,07/06/2024,,,07/06/2024 07:30,07/06/2024 08:15,0.75,Planned Corrective Maint.,Buoy Body,Closed,,,ABB_Offshore,DPR 2684,2024-06 (Jun),P2 - Medium,,June,2024
10/06/2024 08:30,WO-CBM_100191,ABB,CMB System for Planned Maint.,"Pre-Berthing Checks c/w
 - ABB - UKP Bush checks.
 - ABB - Mooring hook & bush lubrication.",,09/06/2024,,09/06/2024 06:49,09/06/2024 08:50,2.016666667,Inspection,Mooring System,Closed,,,ABB_Offshore,DPR 2686,2024-06 (Jun),P1 - High,,June,2024
10/06/2024 08:12,WO-SPM_100225,SPM-AE-BY-02,CALM Buoy - CO760,SPM – Weekly Solar Panels GVI and cleaning,,,,13/06/2024 07:00,13/06/2024 08:15,1.25,Planned Maint.,NavAids & Power,Closed,,,SPM_Offshore,DPR 2690,2024-06 (Jun),P2 - Medium,,June,2024
10/06/2024 08:11,WO-SPM_100224,SPM-AE-BY-02,CALM Buoy - CO760,SPM – Weekly Main Bearing Greasing,,,,13/06/2024 07:00,13/06/2024 08:15,1.25,Planned Maint.,Swivel System,Closed,,,SPM_Offshore,DPR 2690,2024-06 (Jun),P2 - Medium,,June,2024
10/06/2024 08:10,WO-SPM_100223,SPM-AE-BY-02,CALM Buoy - CO760,SPM – Weekly Central Pipe Swivel Greasing and GVI,,,,13/06/2024 07:00,13/06/2024 08:15,1.25,Planned Maint.,Swivel System,Closed,,,SPM_Offshore,DPR 2690,2024-06 (Jun),P2 - Medium,,June,2024
10/06/2024 08:10,WO-SPM_100222,SPM-AE-BY-02,CALM Buoy - CO760,SPM – Weekly Buoy Freeboard/Draft GVI,,,,13/06/2024 07:00,13/06/2024 08:15,1.25,Planned Maint.,Buoy Body,Closed,,,SPM_Offshore,DPR 2690,2024-06 (Jun),P2 - Medium,,June,2024
10/06/2024 08:09,WO-SPM_100221,SPM-AE-BY-02,CALM Buoy - CO760,SPM - Relief Valves GVI,,,,13/06/2024 08:21,13/06/2024 09:01,0.666666667,Planned Maint.,Valve,Closed,,,SPM_Offshore,DPR 2690,2024-06 (Jun),P2 - Medium,,June,2024
10/06/2024 08:08,WO-SPM_100220,SPM-AE-BY-02,CALM Buoy - CO760,SPM - Monthly Soundings,,,,14/06/2024 07:00,14/06/2024 08:15,1.25,Planned Maint.,Buoy Body,Closed,,,SPM_Offshore,DPR 2691,2024-06 (Jun),P2 - Medium,,June,2024
10/06/2024 08:06,WO-CBM_100194,ABB,CMB System for Planned Maint.,ABB - Weekly Bush Wear checks,,,,12/06/2024 08:11,12/06/2024 08:50,0.65,Planned Maint.,Buoy Body,Closed,,,ABB_Offshore,DPR 2686,2024-06 (Jun),P2 - Medium,,June,2024
10/06/2024 08:06,WO-CBM_100193,ABB,CMB System for Planned Maint.,ABB - Weekly Buoys Freeboard/Draft GVI,,,,12/06/2024 08:11,12/06/2024 08:50,0.65,Planned Maint.,Buoy Body,Closed,,,ABB_Offshore,DPR 2689,2024-06 (Jun),P2 - Medium,,June,2024
10/06/2024 08:05,WO-CBM_100192,ABB,CMB System for Planned Maint.,ABB - Weekly Buoy Hooks GVI & Lubrication,,,,12/06/2024 08:11,12/06/2024 08:50,0.65,Planned Maint.,Buoy Body,Closed,,,ABB_Offshore,DPR 2689,2024-06 (Jun),P2 - Medium,,June,2024
08/06/2024 10:00,WO-SPM_200045,SPM-ME-CH-01,SPM Mooring Chain,"Continue MGR on SPM Mooring chains.
SPM 2 Mooring Chains: # 1, # 2, # 3, # 5, # 6",07/06/2024,,,07/06/2024 10:13,27/06/2024 14:43,484.5,Planned Corrective Maint.,Anchoring System,Closed,Aquatic Exposure,Removed,SPM_Offshore,"DPR 2684,87,98,99,2700,01,03,04",2024-06 (Jun),P2 - Medium,,June,2024
08/06/2024 09:48,WO-SPM_200035,SPM-AE-BY-02,CALM Buoy - CO760,MGR on PLEM Buoy,07/06/2024,,,07/06/2024 08:26,07/06/2024 09:31,1.083333333,Planned Corrective Maint.,PLEM Piping and Structure,Closed,Aquatic Exposure,Removed,SPM_Offshore,DPR 2684,2024-06 (Jun),P2 - Medium,,June,2024
07/06/2024 08:10,WO-CBM_100190,ABB,CMB System for Planned Maint.,ABB Pre-Berthing Checks,,06/06/2024,,06/06/2024 06:40,06/06/2024 09:20,2.666666667,Inspection,Mooring System,Closed,,,ABB_Offshore,DPR 2683,2024-06 (Jun),P1 - High,,June,2024
07/06/2024 08:05,WO-CBM_200041,ABB-ME-BY-04,ABB Charlie Buoy,ABB- Changed out worn-out UKP bushes on ABB04 (Charlie buoy).,06/06/2024,,,06/06/2024 06:40,06/06/2024 09:20,2.666666667,Planned Corrective Maint.,Buoy Body,Closed,Worn,Replaced,ABB_Offshore,DPR 2683 / ABB Report 296,2024-06 (Jun),P1 - High,ABB Report,June,2024
06/06/2024 10:16,WO-SPM_200034,SPM-AE-BY-02,CALM Buoy - CO760,MGR in Centre Well.,05/06/2024,,,05/06/2024 14:27,16/06/2024 11:18,260.85,Planned Corrective Maint.,Buoy Body,Closed,Aquatic Exposure,Removed,SPM_Offshore,"DPR 2682,84,93",2024-06 (Jun),P2 - Medium,,June,2024
05/06/2024 08:25,WO-SPM_200033,SPM-AE-BY-02,CALM Buoy - CO760,MGR on Chinese Lantern,05/06/2024,,,05/06/2024 09:35,11/06/2024 07:30,141.9166667,Planned Corrective Maint.,Anchoring System,Closed,Aquatic Exposure,Removed,SPM_Offshore,"DPR 2682,84,87,88",2024-06 (Jun),P2 - Medium,,June,2024
03/06/2024 17:33,WO-CBM_100189,ABB,CMB System for Planned Maint.,ABB Pre-Berthing Checks,,03/06/2024,,03/06/2024 09:00,03/06/2024 15:28,6.466666667,Inspection,Mooring System,Closed,,,ABB_Offshore,DPR 2680,2024-06 (Jun),P1 - High,,June,2024
03/06/2024 09:17,WO-SPM-CBM_100024,ABB/SPM_Onshore,Onshore ABB_SPM System for Planned Maintenance,Weekly Servitude Walk,,,,06/06/2024 08:00,06/06/2024 10:30,2.5,Planned Maint.,Piping,Closed,,,ABB_SPM_Onshore,,2024-06 (Jun),P2 - Medium,,June,2024
03/06/2024 09:06,WO-W_SHOP_100049,Genset-01,Generator- Megapower,Weekly Inspection,,,,05/06/2024 08:30,05/06/2024 09:00,0.5,Planned Maint.,Engine,Closed,,,W_Shop,,2024-06 (Jun),P2 - Medium,,June,2024
03/06/2024 09:04,WO-W_SHOP_100048,COMP-01,Air Compressor - KOTECH,Weekly Inspection,,,,05/06/2024 08:30,05/06/2024 09:00,0.5,Planned Maint.,Engine,Closed,,,W_Shop,,2024-06 (Jun),P2 - Medium,,June,2024
03/06/2024 08:53,WO-CBM_100188,MATHEEW BUOY,Buoy for SW10/Atlantis,Matthew Buoy Chain wear measurement,,,,01/07/2024 06:00,01/07/2024 06:00,0,Planned Maint.,Anchoring System,Cancelled,,,ABB_Offshore,,2024-07 (Jul),P2 - Medium,,July,2024
03/06/2024 08:48,WO-CBM_100187,ABB-FT-HS-01,ABB Submarine Hose Assembly,ABB - Monthly Hose Pick Up Equipment & End Fittings GVI,,,,06/06/2024 06:40,06/06/2024 09:20,2.666666667,Planned Maint.,Hoisting & Lifting,Closed,,,ABB_Offshore,DPR 2683,2024-06 (Jun),P2 - Medium,,June,2024
03/06/2024 08:46,WO-CBM_100186,ABB,CMB System for Planned Maint.,"ABB - Monthly Mooring buoy Pins, Swivel & Touchdown area on Chain",,,,03/06/2024 07:16,03/06/2024 08:58,1.7,Planned Maint.,Buoy Body,Closed,,,ABB_Offshore,DPR 2680,2024-06 (Jun),P2 - Medium,,June,2024
03/06/2024 08:45,WO-CBM_100185,ABB,CMB System for Planned Maint.,ABB - Monthly Buoy Body GVI and Cleaning,,,,06/06/2024 06:40,06/06/2024 09:20,2.666666667,Planned Maint.,Buoy Body,Closed,,,ABB_Offshore,DPR 2683,2024-06 (Jun),P2 - Medium,,June,2024
03/06/2024 08:41,WO-CBM_100184,ABB,CMB System for Planned Maint.,ABB - Weekly Bush Wear checks,,,,06/06/2024 06:40,06/06/2024 09:20,2.666666667,Planned Maint.,Buoy Body,Closed,,,ABB_Offshore,DPR 2683,2024-06 (Jun),P2 - Medium,,June,2024
03/06/2024 08:38,WO-CBM_100183,ABB,CMB System for Planned Maint.,ABB - Weekly Buoys Freeboard/Draft GVI,,,,03/06/2024 07:35,03/06/2024 08:58,1.383333333,Planned Maint.,Buoy Body,Closed,,,ABB_Offshore,DPR 2680,2024-06 (Jun),P2 - Medium,,June,2024
03/06/2024 08:36,WO-CBM_100182,ABB,CMB System for Planned Maint.,ABB - Weekly Buoy Hooks GVI & Lubrication,,,,06/06/2024 06:40,06/06/2024 09:20,2.666666667,Planned Maint.,Buoy Body,Closed,,,ABB_Offshore,DPR 2683,2024-06 (Jun),P2 - Medium,,June,2024
03/06/2024 08:29,WO-SPM_100219,SPM-AE-BY-02,CALM Buoy - CO760,"SPM - Monthly Inspection of Mooring Bridle/Bridle Platform, Hawser & other Acc. GVI",,,,05/06/2024 07:30,05/06/2024 08:20,0.833333333,Planned Maint.,Mooring System,Closed,,,SPM_Offshore,DPR 2682,2024-06 (Jun),P2 - Medium,,June,2024
03/06/2024 08:23,WO-SPM_100218,SPM-AE-BY-02,CALM Buoy - CO760,SPM - Quarterly Chain Angles Measurement,,,,04/06/2024 07:23,04/06/2024 07:53,0.5,Planned Maint.,Anchoring System,Closed,,,SPM_Offshore,DPR 2681 / SPM Report 252,2024-06 (Jun),P2 - Medium,SPM Report,June,2024
03/06/2024 08:21,WO-SPM_100217,SPM-AE-BY-02,CALM Buoy - CO760,SPM - Monthly Hose Pick Up Equipment GVI,,,,04/06/2024 10:15,04/06/2024 10:45,0.5,Planned Maint.,Hoisting & Lifting,Closed,,,SPM_Offshore,DPR 2681,2024-06 (Jun),P2 - Medium,,June,2024
03/06/2024 08:16,WO-SPM_100216,SPM-AE-BY-02,CALM Buoy - CO760,SPM - Monthly GVI of Floating Hoses & Underwater Hoses (Chinese Lantern),,,,04/06/2024 08:10,04/06/2024 10:45,2.583333333,Planned Maint.,Submarine Hose,Closed,,,SPM_Offshore,DPR 2681,2024-06 (Jun),P2 - Medium,,June,2024
03/06/2024 08:14,WO-SPM_100215,SPM-AE-BY-02,CALM Buoy - CO760,"SPM - Bi-Weekly Turntable Rotation & Locking Pins, Guides and Brakes",,,,05/06/2024 08:30,05/06/2024 09:25,0.916666667,Planned Maint.,Buoy Body,Closed,,,SPM_Offshore,DPR 2682,2024-06 (Jun),P2 - Medium,,June,2024
03/06/2024 08:11,WO-SPM_100214,SPM-FT-BY-02,CALM Buoy - CO760 Cargo transfer System,SPM - Bi-weekly Lifting Equipment GVI & Lubrication - not available on buoy,,,,05/06/2024 07:30,05/06/2024 07:30,0,Planned Maint.,Hoisting & Lifting,Cancelled,,,SPM_Offshore,DPR 2682,2024-06 (Jun),P2 - Medium,,June,2024
03/06/2024 08:05,WO-SPM_100213,SPM-AE-BY-02,CALM Buoy - CO760,SPM – Weekly Solar Panels GVI and cleaning,,,,05/06/2024 07:30,05/06/2024 08:20,0.833333333,Planned Maint.,NavAids & Power,Closed,,,SPM_Offshore,DPR 2682,2024-06 (Jun),P2 - Medium,,June,2024
03/06/2024 08:03,WO-SPM_100212,SPM-AE-BY-02,CALM Buoy - CO760,SPM – Weekly Main Bearing Greasing,,,,05/06/2024 07:30,05/06/2024 08:20,0.833333333,Planned Maint.,Swivel System,Closed,,,SPM_Offshore,DPR 2682,2024-06 (Jun),P2 - Medium,,June,2024
03/06/2024 07:59,WO-SPM_100211,SPM-AE-BY-02,CALM Buoy - CO760,SPM – Weekly Central Pipe Swivel Greasing and GVI,,,,05/06/2024 07:30,05/06/2024 08:20,0.833333333,Planned Maint.,Swivel System,Closed,,,SPM_Offshore,DPR 2682,2024-06 (Jun),P2 - Medium,,June,2024
03/06/2024 07:58,WO-SPM_100210,SPM-AE-BY-02,CALM Buoy - CO760,SPM – Weekly Buoy Freeboard/Draft GVI,,,,05/06/2024 07:30,05/06/2024 08:10,0.666666667,Planned Maint.,Buoy Body,Closed,,,SPM_Offshore,DPR 2682,2024-06 (Jun),P2 - Medium,,June,2024
30/05/2024 07:00,WO-SPM_100206,SPM-FT-PV-01,SPM PLEM,SPM – Monthly PLEM Valves operation,,,,30/05/2024 07:00,30/05/2024 08:00,1,Planned Maint.,PLEM Piping and Structure,Closed,,,SPM_Offshore,DPR 2676,2024-05 (May),P2 - Medium,,May,2024
30/05/2024 07:00,WO-SPM_100207,SPM-AE-BY-02,CALM Buoy - CO760,SPM – Monthly External Leakage GVI,,,,30/05/2024 07:00,30/05/2024 08:00,1,Planned Maint.,Piping,Closed,,,SPM_Offshore,DPR 2676,2024-05 (May),P2 - Medium,,May,2024
30/05/2024 07:00,WO-SPM_100204,SPM-AE-BY-02,CALM Buoy - CO760,SPM – Monthly Top Side Valve Operations,,,,30/05/2024 07:00,30/05/2024 08:00,1,Planned Maint.,Valve,Closed,,,SPM_Offshore,DPR 2676,2024-05 (May),P2 - Medium,,May,2024
30/05/2024 07:00,WO-SPM_100205,SPM-AE-BY-02,CALM Buoy - CO760,SPM – Monthly Expansion Joint GVI,,,,30/05/2024 07:00,30/05/2024 08:00,1,Planned Maint.,Piping Support,Closed,,,SPM_Offshore,DPR 2676,2024-05 (May),P2 - Medium,,May,2024
30/05/2024 07:00,WO-SPM_100203,SPM-AE-BY-02,CALM Buoy - CO760,SPM – Monthly Fluid Swivel GVI,,,,30/05/2024 07:00,30/05/2024 08:00,1,Planned Maint.,Swivel System,Closed,,,SPM_Offshore,DPR 2676,2024-05 (May),P2 - Medium,,May,2024
30/05/2024 07:00,WO-SPM_100202,SPM-AE-BY-02,CALM Buoy - CO760,SPM – Monthly Torque Arm GVI,,,,30/05/2024 07:00,30/05/2024 08:00,1,Planned Maint.,Swivel System,Closed,,,SPM_Offshore,DPR 2676,2024-05 (May),P2 - Medium,,May,2024
30/05/2024 07:00,WO-SPM_100196,SPM-AE-BY-02,CALM Buoy - CO760,SPM – Weekly Central Pipe Swivel Greasing and GVI,,,,30/05/2024 07:00,30/05/2024 08:00,1,Planned Maint.,Swivel System,Closed,,,SPM_Offshore,DPR 2676,2024-05 (May),P2 - Medium,,May,2024
30/05/2024 07:00,WO-SPM_100197,SPM-AE-BY-02,CALM Buoy - CO760,SPM – Weekly Main Bearing Greasing,,,,30/05/2024 07:00,30/05/2024 08:00,1,Planned Maint.,Lubrication System,Closed,,,SPM_Offshore,DPR 2676,2024-05 (May),P2 - Medium,,May,2024
30/05/2024 07:00,WO-SPM_100208,SPM-AE-BY-02,CALM Buoy - CO760,SPM - Monthly Navigation Aids,,,,30/05/2024 07:00,30/05/2024 08:00,1,Planned Maint.,NavAids & Power,Closed,,,SPM_Offshore,DPR 2676,2024-05 (May),P2 - Medium,,May,2024
30/05/2024 07:00,WO-SPM_100198,SPM-AE-BY-02,CALM Buoy - CO760,SPM – Weekly Solar Panels GVI and cleaning,,,,30/05/2024 07:00,30/05/2024 08:00,1,Planned Maint.,NavAids & Power,Closed,,,SPM_Offshore,DPR 2676,2024-05 (May),P2 - Medium,,May,2024
30/05/2024 07:00,WO-SPM_100201,SPM-AE-BY-02,CALM Buoy - CO760,"SPM - Biannual Sheaves, Door Hinges GVI",,,,30/05/2024 07:00,30/05/2024 08:00,1,Planned Maint.,Buoy Body,Closed,,,SPM_Offshore,DPR 2676,2024-05 (May),P2 - Medium,,May,2024
30/05/2024 07:00,WO-SPM_100199,SPM-AE-BY-02,CALM Buoy - CO760,SPM - Quarterly Touch Up Painting,,,,30/05/2024 07:00,30/05/2024 08:00,1,Planned Maint.,Buoy Body,Closed,,,SPM_Offshore,DPR 2676,2024-05 (May),P2 - Medium,,May,2024
29/05/2024 14:24,WO-CBM_200040,ABB-ME-BY-05,ABB Alpha Buoy,Replace Lead plug on ABB 05(Alpha Position) swivel,30/05/2024,,,29/05/2024 14:24,29/05/2024 15:00,0.6,Planned Corrective Maint.,Buoy Body,Closed,"Break (Cracked, Broken, Holed)",Replaced,ABB_Offshore,DPR 2675,2024-05 (May),P1 - High,,May,2024
29/05/2024 12:30,WO-CBM_100181,ABB,CMB System for Planned Maint.," Pre-Berthing Checks
- UKP Bush checks.
 - Mooring hook lubrication.
 - Washing mooring buoy decks – Hard brushes.",,29/05/2024,,29/05/2024 12:30,29/05/2024 14:10,1.666666667,Inspection,Mooring System,Closed,,,ABB_Offshore,DPR 2675,2024-05 (May),P1 - High,,May,2024
29/05/2024 11:00,WO-SPM_200051,SPM-AE-BY-02,CALM Buoy - CO760,Hawser installation,,,,29/05/2024 11:00,29/05/2024 12:20,1.333333333,Planned Corrective Maint.,Mooring System,Closed,,,SPM_Offshore,DPR 2675,2024-05 (May),P2 - Medium,,May,2024
29/05/2024 11:00,WO-SPM_100209,SPM-AE-BY-02,CALM Buoy - CO760,SPM - Pre-berthing checks,,29/05/2024,,29/05/2024 11:00,29/05/2024 12:20,1.333333333,Inspection,Mooring System,Closed,,,SPM_Offshore,DPR 2675,2024-05 (May),P1 - High,,May,2024
29/05/2024 08:30,WO-JET_100020,Oil-Jetty,Oil Jetty System for Planned Maintenance,Bi-weekly Servitude Walk/Pipeline Inspection,,,,29/05/2024 08:30,29/05/2024 11:00,2.5,Planned Maint.,Piping,Closed,,,Oil_Jetty,,2024-05 (May),P2 - Medium,,May,2024
29/05/2024 07:54,WO-CBM_100178,ABB,CMB System for Planned Maint.,ABB - 4-Monthly Stinger box GVI and Cleaning,,,,29/05/2024 07:54,29/05/2024 08:43,0.816666667,Planned Maint.,Valve,Closed,,,ABB_Offshore,DPR 2675,2024-05 (May),P2 - Medium,,May,2024
28/05/2024 08:30,WO-SPM-CBM_100023,ABB/SPM_Onshore,Onshore ABB_SPM System for Planned Maintenance,Weekly Servitude Walk/Pipeline Inspection,,,,28/05/2024 08:30,28/05/2024 12:05,3.583333333,Planned Maint.,Piping,Closed,,,ABB_SPM_Onshore,,2024-05 (May),P2 - Medium,,May,2024
28/05/2024 06:55,WO-CBM_100175,ABB-FT-HS-01,ABB Submarine Hose Assembly,ABB – Monthly GVI of above water Hoses,,,,28/05/2024 06:55,28/05/2024 07:20,0.416666667,Planned Maint.,Floating Hose,Closed,,,ABB_Offshore,DPR 2674,2024-05 (May),P2 - Medium,,May,2024
27/05/2024 13:00,WO-W_SHOP_100047,Genset-01,Generator- Megapower,Monthly Inspection,,,,27/05/2024 13:00,27/05/2024 13:30,0.5,Planned Maint.,Engine,Closed,,,W_Shop,,2024-05 (May),P2 - Medium,,May,2024
27/05/2024 13:00,WO-W_SHOP_100046,COMP-01,Air Compressor - KOTECH,Monthly Inspection,,,,27/05/2024 13:00,27/05/2024 13:30,0.5,Planned Maint.,Engine,Closed,,,W_Shop,,2024-05 (May),P2 - Medium,,May,2024
27/05/2024 12:43,WO-CBM_100177,ABB-FT-V-1803,ABB PLEM Valve,ABB – Monthly PLEM Valve operation,,,,27/05/2024 12:43,27/05/2024 13:09,0.433333333,Planned Maint.,Valve,Closed,,,ABB_Offshore,DPR 2673,2024-05 (May),P2 - Medium,,May,2024
27/05/2024 09:17,WO-JET_100019,Oil-Jetty,Oil Jetty System for Planned Maintenance,GVI/CVI on the external surfaces of pipelines and the jetty platform,,,,07/06/2024 14:00,07/06/2024 15:00,1,Planned Maint.,Piping,Closed,,,Oil_Jetty,,2024-06 (Jun),P2 - Medium,,June,2024
27/05/2024 09:00,WO-SPM-CBM_100022,ABB/SPM_Onshore,Onshore ABB_SPM System for Planned Maintenance,Monthly Cathodic protection potential measurement,,,,27/05/2024 09:00,27/05/2024 12:00,3,Planned Maint.,Cathodic Protection,Closed,,,ABB_SPM_Onshore,,2024-05 (May),P2 - Medium,,May,2024
27/05/2024 08:22,WO-SPM_100200,SPM-FT-HS-01,SPM Hose String Assembly (Floating/Submarine),SPM - Monthly Cleaning of Floating Hoses & Underwater Hoses (Chinese Lantern),,,,04/06/2024 08:10,10/06/2024 12:30,148.3333333,Planned Maint.,Submarine Hose,Closed,,,SPM_Offshore,"DPR 2681,85,87",2024-06 (Jun),P2 - Medium,,June,2024
27/05/2024 08:17,WO-SPM_100195,SPM-AE-BY-02,CALM Buoy - CO760,SPM – Weekly Buoy Freeboard/Draft GVI,,,,30/05/2024 07:00,30/05/2024 07:05,0.083333333,Planned Maint.,Buoy Body,Closed,,,SPM_Offshore,DPR 2676,2024-05 (May),P2 - Medium,,May,2024
27/05/2024 08:15,WO-CBM_100179,ABB,CMB System for Planned Maint.,ABB - Yearly Anchor Chains Wear Measurement,,,,03/06/2024 07:16,03/06/2024 08:58,1.7,Planned Maint.,Anchoring System,Closed,,,ABB_Offshore,DPR  2680,2024-06 (Jun),P2 - Medium,,June,2024
27/05/2024 08:12,WO-CBM_100174,ABB,CMB System for Planned Maint.,ABB - Weekly Bush Wear checks,,,,27/05/2024 08:12,27/05/2024 09:20,1.133333333,Planned Maint.,Buoy Body,Closed,,,ABB_Offshore,DPR 2673,2024-05 (May),P2 - Medium,,May,2024
27/05/2024 08:12,WO-CBM_100172,ABB,CMB System for Planned Maint.,ABB - Weekly Buoy Hooks GVI & Lubrication,,,,27/05/2024 08:12,27/05/2024 09:20,1.133333333,Planned Maint.,Buoy Body,Closed,,,ABB_Offshore,DPR 2673,2024-05 (May),P2 - Medium,,May,2024
27/05/2024 08:12,WO-CBM_100173,ABB,CMB System for Planned Maint.,ABB - Weekly Buoys Freeboard/Draft GVI,,,,27/05/2024 08:12,27/05/2024 09:20,1.133333333,Planned Maint.,Buoy Body,Closed,,,ABB_Offshore,DPR 2673,2024-05 (May),P2 - Medium,,May,2024
27/05/2024 06:50,WO-CBM_100176,ABB-FT-HS-01,ABB Submarine Hose Assembly,ABB – Monthly Subsea Hoses,,,,27/05/2024 06:50,27/05/2024 07:34,0.733333333,Planned Maint.,Submarine Hose,Closed,,,ABB_Offshore,DPR 2673,2024-05 (May),P2 - Medium,,May,2024
27/05/2024 06:50,WO-CBM_100180,ABB,CMB System for Planned Maint., Pre-Berthing Checks,,27/05/2024,,27/05/2024 06:50,27/05/2024 09:20,2.5,Inspection,Mooring System,Closed,,,ABB_Offshore,DPR 2673,2024-05 (May),P1 - High,,May,2024
26/05/2024 07:54,WO-SPM_100193,SPM-AE-BY-02,CALM Buoy - CO760,SPM  - Yearly Anchor Chains Wear Measurement,,,,26/05/2024 07:54,28/05/2024 11:16,51.36666667,Planned Maint.,Anchoring System,Closed,,,SPM_Offshore,"DPR 2672,74 / SPM Report 246/247/248/249/250/251",2024-05 (May),P2 - Medium,SPM Report,May,2024
26/05/2024 06:00,WO-SPM_100191,SPM-FT-BY-02,CALM Buoy - CO760 Cargo transfer System,SPM - Bi-weekly Lifting Equipment GVI & Lubrication,,,,26/05/2024 06:00,26/05/2024 06:00,0,Planned Maint.,Hoisting & Lifting,Cancelled,,,SPM_Offshore,,2024-05 (May),P2 - Medium,,May,2024
23/05/2024 11:22,WO-CBM_100170,ABB,CMB System for Planned Maint.,ABB - 4-Monthly Anchor Chains & Swivel GVI and Cleaning,,,,23/05/2024 11:22,23/05/2024 12:24,1.033333333,Planned Maint.,Anchoring System,Closed,,,ABB_Offshore,DPR 2669,2024-05 (May),P2 - Medium,,May,2024
23/05/2024 08:38,WO-CBM_100171,ABB,CMB System for Planned Maint.,"Pre-Berthing checks
- UKP Bush checks.
 - Mooring buoy hooks lubrication.",23/05/2024,23/05/2024,,23/05/2024 08:38,23/05/2024 11:10,2.533333333,Inspection,Mooring System,Closed,,,ABB_Offshore,DPR 2669,2024-05 (May),P1 - High,,May,2024
23/05/2024 08:30,WO-JET_200029,JET-V-201A,"2"" Gate Valve",Swapping of drain hose from MLA 200 to MLA 300 for the fuel oil discharge operations.,23/05/2024,,,23/05/2024 08:30,23/05/2024 09:00,0.5,Planned Corrective Maint.,Hose,Closed,Blockage,Swapped,Oil_Jetty,,2024-05 (May),P1 - High,,May,2024
22/05/2024 14:50,WO-CBM_200039,ABB-ME-BY-03,ABB Delta Buoy,Replace parted mooring line.,22/05/2024,,,22/05/2024 14:50,22/05/2024 15:45,0.916666667,Unplanned Corrective Maint.,Mooring System,Closed,Torn,Replaced,ABB_Offshore,DPR 2668,2024-05 (May),P2 - Medium,,May,2024
22/05/2024 14:15,WO-CBM_200038,ABB-ME-BY-02,ABB  Bravo Buoy,Replace parted mooring line.,22/05/2024,,,22/05/2024 14:15,22/05/2024 14:45,0.5,Unplanned Corrective Maint.,Mooring System,Closed,Torn,Replaced,ABB_Offshore,DPR 2668,2024-05 (May),P2 - Medium,,May,2024
21/05/2024 10:41,WO-SPM_100194,SPM-FT-PV-01,SPM PLEM,SPM - Biannual PLEM & Seabed survey,,,,21/05/2024 10:41,21/05/2024 11:24,0.716666667,Planned Maint.,PLEM Piping and Structure,Closed,,,SPM_Offshore,DPR 2667 / SPM Report 245,2024-05 (May),P2 - Medium,SPM Report,May,2024
21/05/2024 08:15,WO-SPM_100188,SPM-AE-BY-02,CALM Buoy - CO760,SPM – Weekly Central Pipe Swivel Greasing and GVI,,,,21/05/2024 08:15,21/05/2024 10:35,2.333333333,Planned Maint.,Swivel System,Closed,,,SPM_Offshore,DPR 2667,2024-05 (May),P2 - Medium,,May,2024
21/05/2024 08:15,WO-SPM_100189,SPM-AE-BY-02,CALM Buoy - CO760,SPM – Weekly Main Bearing Greasing,,,,21/05/2024 08:15,21/05/2024 10:35,2.333333333,Planned Maint.,Lubrication System,Closed,,,SPM_Offshore,DPR 2667,2024-05 (May),P2 - Medium,,May,2024
21/05/2024 08:15,WO-SPM_100190,SPM-AE-BY-02,CALM Buoy - CO760,SPM – Weekly Solar Panels GVI and cleaning,,,,21/05/2024 08:15,21/05/2024 10:35,2.333333333,Planned Maint.,NavAids & Power,Closed,,,SPM_Offshore,DPR 2667,2024-05 (May),P2 - Medium,,May,2024
21/05/2024 08:15,WO-SPM_100187,SPM-AE-BY-02,CALM Buoy - CO760,SPM – Weekly Buoy Freeboard/Draft GVI,,,,21/05/2024 08:15,21/05/2024 10:35,2.333333333,Planned Maint.,Buoy Body,Closed,,,SPM_Offshore,DPR 2666 / 2667,2024-05 (May),P2 - Medium,,May,2024
21/05/2024 08:15,WO-SPM_200050,SPM-AE-BY-02,CALM Buoy - CO760,Fishing net removal from FOB pup piece,21/05/2024,,,21/05/2024 08:15,21/05/2024 10:35,2.333333333,Planned Corrective Maint.,Piping,Closed,Marine Fouling / Foreign Object,Removed,SPM_Offshore,DPR 2667,2024-05 (May),P2 - Medium,,May,2024
20/05/2024 09:53,WO-SPM_200029,SPM-AE-BY-02,CALM Buoy - CO760,SPM – MGR on Chain Lockers,19/05/2024,,,19/05/2024 13:50,19/05/2024 17:08,3.3,Planned Corrective Maint.,PLEM Piping and Structure,Closed,Aquatic Exposure,Removed,SPM_Offshore,DPR 2665,2024-05 (May),P2 - Medium,,May,2024
20/05/2024 09:45,WO-SPM_100192,SPM-AE-BY-02,CALM Buoy - CO760,"SPM - Bi-Weekly Turntable Rotation & Locking Pins, Guides and Brakes",,,,20/05/2024 09:45,20/05/2024 10:35,0.833333333,Planned Maint.,Buoy Body,Closed,,,SPM_Offshore,DPR 2666,2024-05 (May),P2 - Medium,,May,2024
20/05/2024 09:30,WO-W_SHOP_100045,COMP-01,Air Compressor - KOTECH,Weekly Inspection,,,,20/05/2024 09:30,20/05/2024 10:00,0.5,Planned Maint.,Engine,Closed,,,W_Shop,,2024-05 (May),P2 - Medium,,May,2024
20/05/2024 09:30,WO-W_SHOP_100044,Genset-01,Generator- Megapower,Weekly Inspection,,,,20/05/2024 09:30,20/05/2024 10:00,0.5,Planned Maint.,Engine,Closed,,,W_Shop,,2024-05 (May),P2 - Medium,,May,2024
20/05/2024 06:40,WO-CBM_100166,ABB,CMB System for Planned Maint.,Hook Keeper Wear CVI,,,,20/05/2024 06:40,20/05/2024 09:50,3.166666667,Planned Maint.,Buoy Body,Closed,,,ABB_Offshore,DPR 2666 / ABB Report 295,2024-05 (May),P2 - Medium,ABB Report,May,2024
20/05/2024 06:40,WO-CBM_100169,ABB,CMB System for Planned Maint.,ABB - Weekly Bush Wear checks,,,,20/05/2024 06:40,20/05/2024 09:50,3.166666667,Planned Maint.,Buoy Body,Closed,,,ABB_Offshore,DPR 2666,2024-05 (May),P2 - Medium,,May,2024
20/05/2024 06:40,WO-CBM_100168,ABB,CMB System for Planned Maint.,ABB - Weekly Buoys Freeboard/Draft GVI,,,,20/05/2024 06:40,20/05/2024 09:50,3.166666667,Planned Maint.,Buoy Body,Closed,,,ABB_Offshore,DPR 2666,2024-05 (May),P2 - Medium,,May,2024
20/05/2024 06:40,WO-CBM_100167,ABB,CMB System for Planned Maint.,ABB - Weekly Buoy Hooks GVI & Lubrication,,,,20/05/2024 06:40,20/05/2024 09:50,3.166666667,Planned Maint.,Buoy Body,Closed,,,ABB_Offshore,DPR 2666,2024-05 (May),P2 - Medium,,May,2024
20/05/2024 06:40,WO-CBM_100165,ABB,CMB System for Planned Maint.,Pre-berthing Checks,,20/05/2024,,20/05/2024 06:40,20/05/2024 09:50,3.166666667,Inspection,Mooring System,Closed,,,ABB_Offshore,DPR 2666,2024-05 (May),P1 - High,,May,2024
19/05/2024 08:34,WO-SPM_200031,SPM-AE-BY-02,CALM Buoy - CO760, MGR on SPM from and around anodes.,19/05/2024,,,19/05/2024 11:37,19/05/2024 13:34,1.95,Planned Corrective Maint.,Cathodic Protection,Closed,Aquatic Exposure,Removed,SPM_Offshore,DPR 2565,2024-05 (May),P2 - Medium,,May,2024
18/05/2024 09:20,WO-SPM_100181,SPM-AE-BY-01,CALM Buoy - SO17190,HPWJ and Inspection of SPM1 at the Tema Port,,,,18/05/2024 09:20,19/05/2024 17:08,31.8,Planned Maint.,Buoy Body,Closed,,Cleaned,SPM_Offshore,DPR 2664 / 2665 / SPM Report 244,2024-05 (May),P2 - Medium,SPM Report,May,2024
18/05/2024 09:00,WO-CBM_100157,OFFSHORE-OSR,Offshore LAMOR OSR Equipment,LAMOR OSR Equipment Inspection and Maintenance,,,,18/05/2024 09:00,18/05/2024 11:00,2,Planned Maint.,Environmental Protection Equipment,Closed,,Inspected,ABB_Offshore,,2024-05 (May),P2 - Medium,,May,2024
17/05/2024 11:00,WO-W_SHOP_100043,COMP-01,Air Compressor - KOTECH,Weekly Inspection,13/05/2024,,,17/05/2024 11:00,17/05/2024 11:30,0.5,Planned Maint.,Engine,Closed,,,W_Shop,,2024-05 (May),P2 - Medium,,May,2024
16/05/2024 12:30,WO-CBM_100164,ABB,CMB System for Planned Maint.,Pre-berthing Checks,16/05/2024,16/05/2024,,16/05/2024 12:30,16/05/2024 13:35,1.083333333,Inspection,Mooring System,Closed,,,ABB_Offshore,DPR 2662,2024-05 (May),P1 - High,,May,2024
14/05/2024 09:30,WO-SPM-CBM_100021,ABB/SPM_Onshore,Onshore ABB_SPM System for Planned Maintenance,Weekly Servitude Walk,,,,14/05/2024 09:30,14/05/2024 12:20,2.833333333,Planned Maint.,Piping,Closed,,,ABB_SPM_Onshore,,2024-05 (May),P2 - Medium,,May,2024
14/05/2024 09:30,WO-JET_100018,Oil-Jetty,Oil Jetty System for Planned Maintenance,Monthly Sump and Sump Pipeline Inspection,,,,14/05/2024 09:30,14/05/2024 12:10,2.666666667,Planned Maint.,Piping,Closed,,,Oil_Jetty,,2024-05 (May),P2 - Medium,,May,2024
14/05/2024 07:53,WO-CBM_100162,ABB,CMB System for Planned Maint.,ABB - Monthly Buoy Location,,,,14/05/2024 07:53,14/05/2024 08:20,0.45,Planned Maint.,Buoy Body,Closed,,,ABB_Offshore,DPR 2660,2024-05 (May),P2 - Medium,,May,2024
14/05/2024 07:53,WO-CBM_100161,ABB,CMB System for Planned Maint.,ABB - Weekly Bush Wear checks,,,,14/05/2024 07:53,14/05/2024 08:20,0.45,Planned Maint.,Buoy Body,Closed,,,ABB_Offshore,DPR 2660,2024-05 (May),P2 - Medium,,May,2024
14/05/2024 07:53,WO-CBM_100159,ABB,CMB System for Planned Maint.,ABB - Weekly Buoy Hooks GVI & Lubrication,,,,14/05/2024 07:53,14/05/2024 08:20,0.45,Planned Maint.,Buoy Body,Closed,,,ABB_Offshore,DPR 2660,2024-05 (May),P2 - Medium,,May,2024
14/05/2024 07:53,WO-CBM_100160,ABB,CMB System for Planned Maint.,ABB - Weekly Buoys Freeboard/Draft GVI,,,,14/05/2024 07:53,14/05/2024 08:20,0.45,Planned Maint.,Buoy Body,Closed,,,ABB_Offshore,DPR 2660,2024-05 (May),P2 - Medium,,May,2024
14/05/2024 07:53,WO-CBM_100163,ABB,CMB System for Planned Maint.,ABB – Pre-Berthing checks,,14/05/2024,,14/05/2024 07:53,14/05/2024 08:20,0.45,Inspection,Mooring System,Closed,,,ABB_Offshore,DPR 2660,2024-05 (May),P1 - High,,May,2024
13/05/2024 08:40,WO-W_SHOP_100042,Genset-01,Generator- Megapower,Weekly Inspection,,,,13/05/2024 08:40,13/05/2024 09:10,0.5,Planned Maint.,Engine,Closed,,,W_Shop,,2024-05 (May),P2 - Medium,,May,2024
13/05/2024 06:35,WO-SPM_100184,SPM-AE-BY-02,CALM Buoy - CO760,SPM – Weekly Central Pipe Swivel Greasing and GVI,,,,13/05/2024 06:35,13/05/2024 08:02,1.45,Planned Maint.,Swivel System,Closed,,,SPM_Offshore,DPR 2659,2024-05 (May),P2 - Medium,,May,2024
13/05/2024 06:35,WO-SPM_100185,SPM-AE-BY-02,CALM Buoy - CO760,SPM – Weekly Main Bearing Greasing,,,,13/05/2024 06:35,13/05/2024 08:02,1.45,Planned Maint.,Lubrication System,Closed,,,SPM_Offshore,DPR 2659,2024-05 (May),P2 - Medium,,May,2024
13/05/2024 06:35,WO-SPM_100186,SPM-AE-BY-02,CALM Buoy - CO760,SPM – Weekly Solar Panels GVI and cleaning,,,,13/05/2024 06:35,13/05/2024 08:02,1.45,Planned Maint.,NavAids & Power,Closed,,,SPM_Offshore,DPR 2659,2024-05 (May),P2 - Medium,,May,2024
13/05/2024 06:35,WO-SPM_100183,SPM-AE-BY-02,CALM Buoy - CO760,SPM – Weekly Buoy Freeboard/Draft GVI,,,,13/05/2024 06:35,13/05/2024 08:02,1.45,Planned Maint.,Buoy Body,Closed,,,SPM_Offshore,DPR 2659,2024-05 (May),P2 - Medium,,May,2024
13/05/2024 06:35,WO-SPM_100182,SPM-AE-BY-02,CALM Buoy - CO760,SPM - Monthly Soundings,,,,13/05/2024 06:35,13/05/2024 08:02,1.45,Planned Maint.,Buoy Body,Closed,,,SPM_Offshore,DPR 2659,2024-05 (May),P2 - Medium,,May,2024
11/05/2024 16:00,WO-JET_200025-2,JET-V-201A,"2"" Gate Valve","Replace blocked drain valve, V-201A with a new one.",,,,11/05/2024 16:00,11/05/2024 16:40,0.666666667,Planned Corrective Maint.,Valve,Closed,Blockage,Replaced,Oil_Jetty,,2024-05 (May),P1 - High,,May,2024
11/05/2024 07:40,WO-SPM_200049,SPM-AE-BY-02,CALM Buoy - CO760,"SPM – Cleaning of Buoy with HPWJ
SPM – Paint Work Touch Ups",,,,11/05/2024 07:40,11/05/2024 10:30,2.833333333,Planned Corrective Maint.,Buoy Body,Closed,,Cleaned,SPM_Offshore,DPR 2657,2024-05 (May),P2 - Medium,,May,2024
10/05/2024 12:31,WO-CBM_100158,ABB,CMB System for Planned Maint.,"ABB – Pre-Berthing checks
- UKP Bush checks.
- UKP bush & hook lubrication",,10/05/2024,,10/05/2024 12:31,10/05/2024 12:53,0.366666667,Inspection,Mooring System,Closed,,,ABB_Offshore,DPR 2656,2024-05 (May),P1 - High,,May,2024
09/05/2024 09:30,WO-CBM_100155,ABB-FT-HS-01,ABB Submarine Hose Assembly,ABB - Monthly Hose Pick Up Equipment & End Fittings GVI,,,,09/05/2024 09:30,09/05/2024 10:40,1.166666667,Planned Maint.,Hoisting & Lifting,Closed,,,ABB_Offshore,DPR 2655 / ABB Report 294,2024-05 (May),P2 - Medium,ABB Report,May,2024
09/05/2024 09:30,WO-CBM_100152,ABB,CMB System for Planned Maint.,ABB - 4-Monthly Sierra Chain GVI,,,,09/05/2024 09:30,09/05/2024 10:40,1.166666667,Planned Maint.,Anchoring System,Closed,,,ABB_Offshore,DPR 2655,2024-05 (May),P2 - Medium,,May,2024
09/05/2024 09:00,WO-JET_100017,Oil-Jetty,Oil Jetty System for Planned Maintenance,Bi-weekly Servitude Walk/Pipeline Inspection,,,,09/05/2024 09:00,09/05/2024 11:00,2,Planned Maint.,Piping,Closed,,,Oil_Jetty,,2024-05 (May),P2 - Medium,,May,2024
09/05/2024 06:55,WO-SPM_100177,SPM-FT-HS-01,SPM Hose String Assembly (Floating/Submarine),SPM - Monthly GVI of Floating Hoses & Underwater Hoses (Chinese Lantern),,,,09/05/2024 06:55,09/05/2024 08:41,1.766666667,Planned Maint.,Submarine Hose,Closed,,,SPM_Offshore,DPR 2655,2024-05 (May),P2 - Medium,,May,2024
08/05/2024 10:00,WO-SPM-CBM_100020,ABB/SPM_Onshore,Onshore ABB_SPM System for Planned Maintenance,Weekly Servitude Walk/Pipeline Inspection,,,,08/05/2024 10:00,08/05/2024 12:10,2.166666667,Planned Maint.,Piping,Closed,,,ABB_SPM_Onshore,,2024-05 (May),P2 - Medium,,May,2024
08/05/2024 09:00,WO-JET_200025-1,JET-V-201A,"2"" Gate Valve",Removal of the 2-inch drain hose on MLA100 and install on the drain valve V-201A to allow for easy draining of the MLA200 after completion of discharge,,,,08/05/2024 09:00,08/05/2024 10:00,1,Planned Corrective Maint.,Valve,Closed,Blockage,Swapped,Oil_Jetty,,2024-05 (May),P1 - High,,May,2024
08/05/2024 07:40,WO-CBM_100151,ABB,CMB System for Planned Maint.,ABB - Biannual Buoy Fenders GVI,,,,08/05/2024 07:40,08/05/2024 08:30,0.833333333,Planned Maint.,Buoy Body,Closed,,,ABB_Offshore,DPR 2654,2024-05 (May),P2 - Medium,,May,2024
08/05/2024 07:40,WO-CBM_100153,ABB,CMB System for Planned Maint.,ABB - Biannual Buoy Sounding,,,,08/05/2024 07:40,08/05/2024 08:30,0.833333333,Planned Maint.,Buoy Body,Closed,,,ABB_Offshore,DPR 2654,2024-05 (May),P2 - Medium,,May,2024
08/05/2024 07:40,WO-CBM_100150,ABB,CMB System for Planned Maint.,ABB - Monthly Buoy Body GVI and Cleaning,,,,08/05/2024 07:40,08/05/2024 08:30,0.833333333,Planned Maint.,Buoy Body,Closed,,,ABB_Offshore,DPR 2654,2024-05 (May),P2 - Medium,,May,2024
08/05/2024 07:40,WO-CBM_100148,ABB,CMB System for Planned Maint.,ABB - Weekly Buoys Freeboard/Draft GVI,,,,08/05/2024 07:40,08/05/2024 08:30,0.833333333,Planned Maint.,Buoy Body,Closed,,,ABB_Offshore,DPR 2654,2024-05 (May),P2 - Medium,,May,2024
08/05/2024 07:40,WO-CBM_100149,ABB,CMB System for Planned Maint.,ABB - Weekly Bush Wear checks,,,,08/05/2024 07:40,08/05/2024 08:30,0.833333333,Planned Maint.,Buoy Body,Closed,,,ABB_Offshore,DPR 2654,2024-05 (May),P2 - Medium,,May,2024
08/05/2024 07:40,WO-CBM_100147,ABB,CMB System for Planned Maint.,ABB - Weekly Buoy Hooks GVI & Lubrication,,,,08/05/2024 07:40,08/05/2024 08:30,0.833333333,Planned Maint.,Buoy Body,Closed,,,ABB_Offshore,DPR 2654,2024-05 (May),P2 - Medium,,May,2024
08/05/2024 07:40,WO-CBM_100156,ABB,CMB System for Planned Maint., ABB - Pre-Berthing checks,,08/05/2024,,08/05/2024 07:40,08/05/2024 08:30,0.833333333,Inspection,Mooring System,Closed,,,ABB_Offshore,DPR 2654,2024-05 (May),P1 - High,,May,2024
08/05/2024 07:38,WO-JET_200028,JET-V-203,"8"" Gate Valve","Observed product leak from link valve V-203 packing gland.
Valve replaced with a new one",07/05/2024,09/05/2024,3,08/04/2025 07:30,08/04/2025 10:00,2.5,Planned Corrective Maint.,Valve,Completed,Leak,Replaced,Oil_Jetty,,2025-04 (Apr),P3 - Low,,April,2025
08/05/2024 06:46,WO-CBM_100154,ABB,CMB System for Planned Maint.,"ABB - Monthly Mooring buoy Pins, Swivel &Touchdown area on Chain GVI",,,,08/05/2024 06:46,08/05/2024 07:35,0.816666667,Planned Maint.,Anchoring System,Closed,,,ABB_Offshore,DPR 2654,2024-05 (May),P2 - Medium,,May,2024
07/05/2024 09:00,WO-W_SHOP_100041,GPMS-W-SHOP,GPMS Maintenance Workshop & Warehouse,Housekeeping,,,,07/05/2024 09:00,15/05/2024 13:00,196,Planned Maint.,Piping,Closed,,,W_Shop,,2024-05 (May),P2 - Medium,,May,2024
07/05/2024 08:00,WO-W_SHOP_100040,Genset-01,Generator- Megapower,Weekly Inspection,,,,07/05/2024 08:00,07/05/2024 08:30,0.5,Planned Maint.,Engine,Closed,,,W_Shop,,2024-05 (May),P2 - Medium,,May,2024
07/05/2024 08:00,WO-W_SHOP_100039,COMP-01,Air Compressor - KOTECH,Weekly Inspection,,,,07/05/2024 08:00,07/05/2024 08:30,0.5,Planned Maint.,Engine,Closed,,,W_Shop,,2024-05 (May),P2 - Medium,,May,2024
07/05/2024 07:01,WO-SPM_100180,SPM-AE-BY-02,CALM Buoy - CO760,"SPM - Monthly Inspection of Mooring Bridle/Bridle Platform, Hawser & other Acc. GVI",,,,07/05/2024 07:01,07/05/2024 08:05,1.066666667,Planned Maint.,Mooring System,Closed,,,SPM_Offshore,DPR 2653,2024-05 (May),P2 - Medium,,May,2024
07/05/2024 07:01,WO-SPM_100174,SPM-AE-BY-02,CALM Buoy - CO760,SPM – Weekly Central Pipe Swivel Greasing and GVI,,,,07/05/2024 07:01,07/05/2024 08:05,1.066666667,Planned Maint.,Swivel System,Closed,,,SPM_Offshore,DPR 2653,2024-05 (May),P2 - Medium,,May,2024
07/05/2024 07:01,WO-SPM_100175,SPM-AE-BY-02,CALM Buoy - CO760,SPM – Weekly Main Bearing Greasing,,,,07/05/2024 07:01,07/05/2024 08:05,1.066666667,Planned Maint.,Lubrication System,Closed,,,SPM_Offshore,DPR 2653,2024-05 (May),P2 - Medium,,May,2024
07/05/2024 07:01,WO-SPM_100176,SPM-AE-BY-02,CALM Buoy - CO760,SPM – Weekly Solar Panels GVI and cleaning,,,,07/05/2024 07:01,07/05/2024 08:05,1.066666667,Planned Maint.,NavAids & Power,Closed,,,SPM_Offshore,DPR 2653,2024-05 (May),P2 - Medium,,May,2024
07/05/2024 07:01,WO-SPM_100179,SPM-AE-BY-02,CALM Buoy - CO760,"SPM - Bi-Weekly Turntable Rotation & Locking Pins, Guides and Brakes",,,,07/05/2024 07:01,07/05/2024 08:05,1.066666667,Planned Maint.,Buoy Body,Closed,,,SPM_Offshore,DPR 2653,2024-05 (May),P2 - Medium,,May,2024
07/05/2024 07:01,WO-SPM_100173,SPM-AE-BY-02,CALM Buoy - CO760,SPM – Weekly Buoy Freeboard/Draft GVI,,,,07/05/2024 07:01,07/05/2024 08:05,1.066666667,Planned Maint.,Buoy Body,Closed,,,SPM_Offshore,DPR 2653,2024-05 (May),P2 - Medium,,May,2024
07/05/2024 07:01,WO-SPM_100178,SPM-FT-BY-02,CALM Buoy - CO760 Cargo transfer System,SPM - Bi-weekly Lifting Equipment GVI & Lubrication,,,,07/05/2024 07:01,07/05/2024 07:01,0,Planned Maint.,Hoisting & Lifting,Cancelled,,,SPM_Offshore,DPR 2653,2024-05 (May),P2 - Medium,,May,2024
06/05/2024 17:38,WO-JET_200027,Oil-Jetty,Oil Jetty System for Planned Maintenance,"Fabrication, Modification, and Replacement of Oil Jetty Drain System",,,,07/05/2024 12:00,04/06/2024 11:00,671,Planned Corrective Maint.,Piping,Closed,Component Failure,Replaced,Oil_Jetty,,2024-06 (Jun),P2 - Medium,,May,2024
06/05/2024 14:00,WO-CBM_200037,ABB,CMB System for Planned Maint., ABB – Make up three new Sierra Mooring chain pick up ropes.,06/05/2024,,,06/05/2024 14:00,06/05/2024 17:00,3,Planned Corrective Maint.,Mooring System,Closed,Worn,Replaced,ABB_Offshore,DPR 2652,2024-05 (May),P2 - Medium,,May,2024
06/05/2024 10:30,WO-CBM_200036,ABB,CMB System for Planned Maint.,ABB – Replace parted Mooring line from Tanker to Bravo Buoy.,06/05/2024,,,06/05/2024 10:30,06/05/2024 10:55,0.416666667,Unplanned Corrective Maint.,Mooring System,Closed,Torn,Replaced,ABB_Offshore,DPR 2652,2024-05 (May),P2 - Medium,,May,2024
05/05/2024 08:07,WO-CBM_200043,ABB-PLEM-01,ABB Pipeline End Manifold Assembly,MGR on PLEM,,,,05/05/2024 11:11,10/05/2024 16:35,125.4,Planned Corrective Maint.,PLEM Piping and Structure,Closed,Aquatic Exposure,Removed,ABB_Offshore,"DPR 2651,54,56",2024-05 (May),P2 - Medium,,May,2024
05/05/2024 07:55,WO-CBM_100146,ABB,CMB System for Planned Maint.," ABB – Pre-Berthing checks
 - UKP Bush checks.
 - UKP bush & hook lubrication.",,05/05/2024,,05/05/2024 07:55,05/05/2024 08:20,0.416666667,Inspection,Mooring System,Closed,,,ABB_Offshore,DPR 2651,2024-05 (May),P1 - High,,May,2024
04/05/2024 10:21,WO-SPM_200032,SPM-AE-BY-02,CALM Buoy - CO760,MGR on SPM PLEM,04/05/2024,,,04/05/2024 12:12,09/05/2024 09:00,116.8,Planned Corrective Maint.,Anchoring System,Closed,Aquatic Exposure,Removed,SPM_Offshore,"DPR 2650,53,55",2024-05 (May),P2 - Medium,,May,2024
03/05/2024 13:00,WO-CBM_100141,ABB-FT-HS-01,ABB Submarine Hose Assembly,ABB – Monthly GVI on above water Hoses,,,,03/05/2024 13:00,03/05/2024 14:00,1,Planned Maint.,Floating Hose,Closed,,,ABB_Offshore,DPR 2649 / ABB Report 294,2024-05 (May),P2 - Medium,ABB Report,May,2024
02/05/2024 13:02,WO-CBM_100145,ABB,CMB System for Planned Maint.,"ABB – Pre-Berthing checks
- UKP Bush checks.
- UKP bush & hook lubrication.",,02/05/2024,,02/05/2024 13:02,02/05/2024 13:30,0.466666667,Inspection,Mooring System,Closed,,,ABB_Offshore,DPR 2648,2024-05 (May),P1 - High,,May,2024
02/05/2024 10:00,WO-JET_100016,Oil-Jetty,Oil Jetty System for Planned Maintenance,Quarterly Valve GVI and Lubrication,,,,02/05/2024 10:00,02/05/2024 13:00,3,Planned Maint.,Valve,Closed,,,Oil_Jetty,,2024-05 (May),P2 - Medium,,May,2024
02/05/2024 10:00,WO-SPM-CBM_100019,ABB/SPM_Onshore,Onshore ABB_SPM System for Planned Maintenance,Quarterly Valves GVI and Lubrication,,,,02/05/2024 10:00,02/05/2024 13:00,3,Planned Maint.,Valve,Closed,,,ABB_SPM_Onshore,,2024-05 (May),P2 - Medium,,May,2024
01/05/2024 08:50,WO-SPM_100171,SPM-FT-PL-36,"SPM Offshore/Onshore Pipeline - 36""",SPM - Biannual PLEM-Shore Pipeline Inspection,,,,01/05/2024 08:50,04/05/2024 09:25,72.58333333,Planned Maint.,PLEM Piping and Structure,Closed,,,SPM_Offshore,DPR 2647-50 / SPM Report 243,2024-05 (May),P2 - Medium,SPM Report,May,2024
30/04/2024 20:00,WO1155,ABB/SPM_Onshore,Onshore ABB_SPM System for Planned Maintenance,Wall Thickness Measurement of ABB/SPM_Onshore Pipelines,,,,30/04/2024 20:00,30/04/2024 20:00,0,Planned Maint.,Piping,Cancelled,,,ABB_SPM_Onshore,,2024-04 (Apr),P2 - Medium,,April,2024
30/04/2024 20:00,WO1156,Oil-Jetty,Oil Jetty System for Planned Maintenance,Wall Thickness Measurement of Oil Jetty Pipelines,,,,30/04/2024 20:00,30/04/2024 20:00,0,Planned Maint.,Piping,Cancelled,,,Oil_Jetty,,2024-04 (Apr),P2 - Medium,,April,2024
30/04/2024 14:30,WO-JET_200026,JET-10-PL-WHT-200,"10"" Products Pipeline","Recurring leakage detected at a clamp installed on the 10-inch pipeline during MT ATK discharge.
Retightened clamp to stop leak.",,,,30/04/2024 14:30,30/04/2024 16:10,1.666666667,Unplanned Corrective Maint.,Piping,Closed,Leak,Clamped,Oil_Jetty,,2024-04 (Apr),P1 - High,,April,2024
30/04/2024 08:00,WO-CBM_100140,ABB,CMB System for Planned Maint.,ABB - Weekly Bush Wear checks,,,,30/04/2024 08:00,30/04/2024 08:27,0.45,Planned Maint.,Buoy Body,Closed,,,ABB_Offshore,DPR 2646,2024-04 (Apr),P2 - Medium,,April,2024
30/04/2024 08:00,WO-CBM_100139,ABB,CMB System for Planned Maint.,ABB - Weekly Buoys Freeboard/Draft GVI,,,,30/04/2024 08:00,30/04/2024 08:37,0.616666667,Planned Maint.,Buoy Body,Closed,,,ABB_Offshore,DPR 2646,2024-04 (Apr),P2 - Medium,,April,2024
30/04/2024 08:00,WO-CBM_100138,ABB,CMB System for Planned Maint.,ABB - Weekly Buoy Hooks GVI & Lubrication,,,,30/04/2024 08:00,30/04/2024 08:37,0.616666667,Planned Maint.,Buoy Body,Closed,,,ABB_Offshore,DPR 2646,2024-04 (Apr),P2 - Medium,,April,2024
30/04/2024 08:00,WO-CBM_100144,ABB,CMB System for Planned Maint.,ABB – Pre-Berthing checks,,30/04/2024,,30/04/2024 08:00,30/04/2024 08:27,0.45,Inspection,Mooring System,Closed,,,ABB_Offshore,DPR 2646,2024-04 (Apr),P1 - High,,April,2024
30/04/2024 06:16,WO-CBM_100143,ABB-FT-V-1803,ABB PLEM Valve,ABB – Monthly PLEM Valve operation,,,,30/04/2024 06:16,30/04/2024 06:47,0.516666667,Planned Maint.,Valve,Closed,,,ABB_Offshore,DPR 2646,2024-04 (Apr),P2 - Medium,,April,2024
30/04/2024 06:16,WO-CBM_100142,ABB-FT-HS-01,ABB Submarine Hose Assembly,ABB – Monthly GVI on Subsea Hoses,,,,30/04/2024 06:16,30/04/2024 06:47,0.516666667,Planned Maint.,Submarine Hose,Closed,,,ABB_Offshore,DPR 2646,2024-04 (Apr),P2 - Medium,,April,2024
30/04/2024 06:00,WO-SPM_100140,SPM-AE-BY-01,CALM Buoy - SO17190,Visual Inspection of SPM1 at Tema Port,,30/04/2024,,30/04/2024 06:00,30/04/2024 06:00,0,Inspection,Buoy Body,Cancelled,,,SPM_Offshore,,2024-04 (Apr),P2 - Medium,,April,2024
29/04/2024 19:00,WO-SPM_100170,SPM-AE-BY-02,CALM Buoy - CO760,SPM - Monthly Navigation Aids,,,,29/04/2024 19:00,29/04/2024 19:30,0.5,Planned Maint.,NavAids & Power,Closed,,,SPM_Offshore,DPR 2645,2024-04 (Apr),P2 - Medium,,April,2024
29/04/2024 14:00,WO-W_SHOP_100037,Genset-01,Generator- Megapower,Monthly Inspection,,,,29/04/2024 14:00,29/04/2024 14:10,0.166666667,Planned Maint.,Engine,Closed,,,W_Shop,,2024-04 (Apr),P2 - Medium,,April,2024
29/04/2024 13:30,WO-W_SHOP_100038,COMP-01,Air Compressor - KOTECH,Monthly Inspection,,,,29/04/2024 13:30,29/04/2024 14:00,0.5,Planned Maint.,Engine,Closed,,,W_Shop,,2024-04 (Apr),P2 - Medium,,April,2024
29/04/2024 10:10,WO-SPM_100162,SPM-FT-BY-02,CALM Buoy - CO760 Cargo transfer System,SPM - Monthly Hose Pick Up Equipment GVI,,,,29/04/2024 10:10,29/04/2024 12:00,1.833333333,Planned Maint.,Hoisting & Lifting,Closed,,,SPM_Offshore,DPR 2645,2024-04 (Apr),P2 - Medium,,April,2024
29/04/2024 10:10,WO-SPM_100168,SPM-AE-BY-02,CALM Buoy - CO760,SPM – Monthly Expansion Joint GVI,,,,29/04/2024 10:10,29/04/2024 12:00,1.833333333,Planned Maint.,Piping Support,Closed,,,SPM_Offshore,DPR 2645,2024-04 (Apr),P2 - Medium,,April,2024
29/04/2024 10:10,WO-SPM_100167,SPM-AE-BY-02,CALM Buoy - CO760,SPM – Monthly Top Side Valve Operations,,,,29/04/2024 10:10,29/04/2024 12:00,1.833333333,Planned Maint.,Valve,Closed,,,SPM_Offshore,DPR 2645,2024-04 (Apr),P2 - Medium,,April,2024
29/04/2024 10:10,WO-SPM_100166,SPM-AE-BY-02,CALM Buoy - CO760,SPM – Monthly Fluid Swivel GVI,,,,29/04/2024 10:10,29/04/2024 12:00,1.833333333,Planned Maint.,Swivel System,Closed,,,SPM_Offshore,DPR 2645,2024-04 (Apr),P2 - Medium,,April,2024
29/04/2024 10:10,WO-SPM_100165,SPM-AE-BY-02,CALM Buoy - CO760,SPM – Monthly Torque Arm GVI,,,,29/04/2024 10:10,29/04/2024 12:00,1.833333333,Planned Maint.,Swivel System,Closed,,,SPM_Offshore,DPR 2645,2024-04 (Apr),P2 - Medium,,April,2024
29/04/2024 10:10,WO-SPM_100163,SPM-AE-BY-02,CALM Buoy - CO760,SPM - Biannual Valve Gearboxes GVI & Lubrication,,,,29/04/2024 10:10,29/04/2024 12:00,1.833333333,Planned Maint.,Valve,Closed,,,SPM_Offshore,DPR 2645,2024-04 (Apr),P2 - Medium,,April,2024
29/04/2024 10:10,WO-SPM_100155,SPM-AE-BY-02,CALM Buoy - CO760,SPM – Weekly Central Pipe Swivel Greasing and GVI,,,,29/04/2024 10:10,29/04/2024 12:00,1.833333333,Planned Maint.,Swivel System,Closed,,,SPM_Offshore,DPR 2645,2024-04 (Apr),P2 - Medium,,April,2024
29/04/2024 10:10,WO-SPM_100156,SPM-AE-BY-02,CALM Buoy - CO760,SPM – Weekly Main Bearing Greasing,,,,29/04/2024 10:10,29/04/2024 12:00,1.833333333,Planned Maint.,Lubrication System,Closed,,,SPM_Offshore,DPR 2645,2024-04 (Apr),P2 - Medium,,April,2024
29/04/2024 10:10,WO-SPM_100157,SPM-AE-BY-02,CALM Buoy - CO760,SPM – Weekly Solar Panels GVI and cleaning,,,,29/04/2024 10:10,29/04/2024 12:00,1.833333333,Planned Maint.,NavAids & Power,Closed,,,SPM_Offshore,DPR 2645,2024-04 (Apr),P2 - Medium,,April,2024
29/04/2024 10:10,WO-SPM_100160,SPM-AE-BY-02,CALM Buoy - CO760,SPM - Biannual Buoy Above Water GVI,,,,29/04/2024 10:10,29/04/2024 12:00,1.833333333,Planned Maint.,Buoy Body,Closed,,,SPM_Offshore,DPR 2645,2024-04 (Apr),P2 - Medium,,April,2024
29/04/2024 10:10,WO-SPM_100158,SPM-AE-BY-02,CALM Buoy - CO760,SPM - Quarterly SPM Location,,,,29/04/2024 10:10,29/04/2024 12:00,1.833333333,Planned Maint.,Buoy Body,Closed,,,SPM_Offshore,DPR 2645,2024-04 (Apr),P2 - Medium,,April,2024
29/04/2024 10:10,WO-SPM_100154,SPM-AE-BY-02,CALM Buoy - CO760,SPM – Weekly Buoy Freeboard/Draft GVI,,,,29/04/2024 10:10,29/04/2024 12:00,1.833333333,Planned Maint.,Buoy Body,Closed,,,SPM_Offshore,DPR 2645,2024-04 (Apr),P2 - Medium,,April,2024
29/04/2024 09:00,WO-SPM-CBM_100018,ABB/SPM_Onshore,Onshore ABB_SPM System for Planned Maintenance,Weekly Servitude Walk/Pipeline Inspection,,,,29/04/2024 09:00,29/04/2024 12:00,3,Planned Maint.,Piping,Closed,,,ABB_SPM_Onshore,,2024-04 (Apr),P2 - Medium,,April,2024
29/04/2024 08:32,WO-SPM_100169,SPM-FT-PV-01,SPM PLEM,SPM – Monthly PLEM Valves operation,,,,29/04/2024 08:32,29/04/2024 09:06,0.566666667,Planned Maint.,Valve,Closed,,,SPM_Offshore,DPR 2645,2024-04 (Apr),P2 - Medium,,April,2024
29/04/2024 07:41,WO-SPM_100161,SPM-FT-HS-01,SPM Hose String Assembly (Floating/Submarine),SPM - Monthly Cleaning of Floating Hoses & Underwater Hoses (Chinese Lantern),,,,29/04/2024 07:41,29/04/2024 08:21,0.666666667,Planned Maint.,Submarine Hose,Closed,,,SPM_Offshore,DPR 2645,2024-04 (Apr),P2 - Medium,,April,2024
29/04/2024 07:11,WO-SPM_100164,SPM-ME-CH-01,SPM Mooring Chain,SPM - Yearly Mooring Legs & Buoy Chain Hawser GVI,,,,29/04/2024 07:11,29/04/2024 07:32,0.35,Planned Maint.,Mooring System,Closed,,,SPM_Offshore,DPR 2645,2024-04 (Apr),P2 - Medium,,April,2024
29/04/2024 07:11,WO-SPM_100159,SPM-AE-BY-02,CALM Buoy - CO760,SPM - Biannual Buoy Underwater GVI,,,,29/04/2024 07:11,29/04/2024 07:32,0.35,Planned Maint.,Buoy Body,Closed,,,SPM_Offshore,DPR 2645,2024-04 (Apr),P2 - Medium,,April,2024
28/04/2024 11:00,WO-SPM_200047,SPM-AE-BY-02,CALM Buoy - CO760,SPM – Recover Hawser onto SW10 Deck.,,,,28/04/2024 11:00,28/04/2024 11:40,0.666666667,Planned Corrective Maint.,Mooring System,Closed,,,SPM_Offshore,DPR 2644,2024-04 (Apr),P2 - Medium,,April,2024
28/04/2024 08:30,WO-JET_200025,JET-V-201A,"2"" Gate Valve","During the discharge operation by MT KINGSTON, the drain valve V-201A was observed to be passing ATK into the sump, indicating a failure to achieve a complete seal.   
The bottom flange leading to the pipe that directs to the sump was effectively sealed off using a 2-inch blind flange.",28/04/2024,,,28/04/2024 08:30,28/04/2024 09:30,1,Breakdown,Valve,Closed - Was Backlog,Leak,Isolate,Oil_Jetty,,2024-04 (Apr),P1 - High,,April,2024
27/04/2024 12:19,WO-CBM_100133,ABB,CMB System for Planned Maint.,ABB - Weekly Bush Wear checks,,,,27/04/2024 12:19,27/04/2024 12:45,0.433333333,Planned Maint.,Buoy Body,Closed,,,ABB_Offshore,DPR 2643,2024-04 (Apr),P2 - Medium,,April,2024
27/04/2024 12:19,WO-CBM_100131,ABB,CMB System for Planned Maint.,ABB - Weekly Buoy Hooks GVI & Lubrication,,,,27/04/2024 12:19,27/04/2024 12:45,0.433333333,Planned Maint.,Buoy Body,Closed,,,ABB_Offshore,DPR 2643,2024-04 (Apr),P2 - Medium,,April,2024
27/04/2024 12:19,WO-CBM_100137,ABB,CMB System for Planned Maint., ABB – Pre-Berthing checks,,27/04/2024,,27/04/2024 12:19,27/04/2024 12:45,0.433333333,Inspection,Mooring System,Closed,,,ABB_Offshore,DPR 2643,2024-04 (Apr),P1 - High,,April,2024
27/04/2024 06:33,WO-SPM_100172,SPM-AE-BY-02,CALM Buoy - CO760,SPM – Top side Pre-Berthing checks for possible SPM Tanker.,,27/04/2024,,27/04/2024 06:33,27/04/2024 07:20,0.783333333,Inspection,Mooring System,Closed,,,SPM_Offshore,DPR 2643,2024-04 (Apr),P1 - High,,April,2024
26/04/2024 11:30,WO-W_SHOP_100034,COMP-01,Air Compressor - KOTECH,Weekly Inspection,,,,26/04/2024 11:30,26/04/2024 12:00,0.5,Planned Maint.,Engine,Closed,,,W_Shop,,2024-04 (Apr),P2 - Medium,,April,2024
24/04/2024 10:30,WO-W_SHOP_100036,GPMS-W-SHOP,GPMS Maintenance Workshop & Warehouse,"Triannual Hose Rotation
-Relocated Hawser to Platform",,,,24/04/2024 10:30,25/04/2024 15:12,28.7,Planned Maint.,Hose,Closed,,,W_Shop,,2024-04 (Apr),P2 - Medium,,April,2024
24/04/2024 08:30,WO-CBM_100134,ABB,CMB System for Planned Maint.,ABB - Monthly Buoy Location,,,,24/04/2024 08:30,24/04/2024 08:51,0.35,Planned Maint.,Buoy Body,Closed,,,ABB_Offshore,DPR 2640,2024-04 (Apr),P2 - Medium,,April,2024
24/04/2024 08:30,WO-CBM_100132,ABB,CMB System for Planned Maint.,ABB - Weekly Buoys Freeboard/Draft GVI,,,,24/04/2024 08:30,24/04/2024 08:51,0.35,Planned Maint.,Buoy Body,Closed,,,ABB_Offshore,DPR 2640,2024-04 (Apr),P2 - Medium,,April,2024
24/04/2024 08:30,WO-CBM_100136,ABB,CMB System for Planned Maint.,ABB-Pre-Berthing Checks.,,24/04/2024,,24/04/2024 08:30,24/04/2024 08:51,0.35,Inspection,Mooring System,Closed,,,ABB_Offshore,DPR 2640,2024-04 (Apr),P1 - High,,April,2024
23/04/2024 08:29,WO-CBM_200029,ABB,CMB System for Planned Maint.,ABB – MGR on Buoy Mooring chains,,,,22/04/2024 07:41,23/04/2024 09:51,26.16666667,Planned Corrective Maint.,Anchoring System,Closed,Aquatic Exposure,Removed,ABB_Offshore,"DPR 2688,39",2024-04 (Apr),P2 - Medium,,April,2024
23/04/2024 08:10,WO-W_SHOP_100035,Genset-01,Generator- Megapower,Weekly Inspection,,,,23/04/2024 08:10,23/04/2024 08:40,0.5,Planned Maint.,Engine,Closed,,,W_Shop,,2024-04 (Apr),P2 - Medium,,April,2024
22/04/2024 11:30,WO-SPM_100149,SPM-AE-BY-02,CALM Buoy - CO760,SPM – Weekly Central Pipe Swivel Greasing and GVI,,,,22/04/2024 11:30,22/04/2024 14:32,3.033333333,Planned Maint.,Swivel System,Closed,,,SPM_Offshore,DPR 2638,2024-04 (Apr),P2 - Medium,,April,2024
22/04/2024 11:30,WO-SPM_100150,SPM-AE-BY-02,CALM Buoy - CO760,SPM – Weekly Main Bearing Greasing,,,,22/04/2024 11:30,22/04/2024 14:32,3.033333333,Planned Maint.,Lubrication System,Closed,,,SPM_Offshore,DPR 2628,2024-04 (Apr),P2 - Medium,,April,2024
22/04/2024 11:30,WO-SPM_100151,SPM-AE-BY-02,CALM Buoy - CO760,SPM – Weekly Solar Panels GVI and cleaning,,,,22/04/2024 11:30,22/04/2024 14:30,3,Planned Maint.,NavAids & Power,Closed,,,SPM_Offshore,DPR 2638,2024-04 (Apr),P2 - Medium,,April,2024
22/04/2024 11:30,WO-SPM_100153,SPM-AE-BY-02,CALM Buoy - CO760,"SPM - Bi-Weekly Turntable Rotation & Locking Pins, Guides and Brakes",,,,22/04/2024 11:30,22/04/2024 14:32,3.033333333,Planned Maint.,Buoy Body,Closed,,,SPM_Offshore,DPR 2638,2024-04 (Apr),P2 - Medium,,April,2024
22/04/2024 11:30,WO-SPM_100148,SPM-AE-BY-02,CALM Buoy - CO760,SPM – Weekly Buoy Freeboard/Draft GVI,,,,22/04/2024 11:30,22/04/2024 14:32,3.033333333,Planned Maint.,Buoy Body,Closed,,,SPM_Offshore,DPR 2638,2024-04 (Apr),P2 - Medium,,April,2024
22/04/2024 11:30,WO-SPM_100152,SPM-AE-BY-02,CALM Buoy - CO760,SPM - Bi-weekly Lifting Equipment GVI & Lubrication - not available on buoy,,,,22/04/2024 07:30,22/04/2024 07:30,0,Planned Maint.,Hoisting & Lifting,Cancelled,,,SPM_Offshore,DPR 2638,2024-04 (Apr),P2 - Medium,,April,2024
22/04/2024 11:30,WO-SPM_100095,SPM-AE-BY-02,CALM Buoy - CO760,SPM - Preberth checks,22/04/2024,22/04/2024,,22/04/2024 11:30,22/04/2024 14:54,3.4,Inspection,Buoy Body,Closed,,,SPM_Offshore,DPR 2638,2024-04 (Apr),P1 - High,,April,2024
22/04/2024 10:10,WO-SPM_200043,SPM-AE-BY-02,CALM Buoy - CO760, SPM – MGR on PLEM,21/04/2024,,,21/04/2024 08:38,29/04/2024 09:48,193.1666667,Planned Corrective Maint.,PLEM Piping and Structure,Closed,Aquatic Exposure,Removed,SPM_Offshore,"2637,44,45",2024-04 (Apr),P2 - Medium,,April,2024
21/04/2024 08:00,WO-JET_200024,JET-10-PL-WHT-200,"10"" Products Pipeline","Leakage detected on the pipeline, specifically observed at the 11 o'clock position, during the discharge operation of MT ALITHINI II ATK. 
Installation of a new clamp to secure the area and prevent further leakage",21/04/2024,,,21/04/2024 08:00,21/04/2024 08:30,0.5,Unplanned Corrective Maint.,Piping,Closed,Leak,Clamped,Oil_Jetty,,2024-04 (Apr),P1 - High,,April,2024
21/04/2024 01:00,WO-JET_200023,JET-10-PL-WHT-200,"10"" Products Pipeline","Recurring leakage detected at a clamp installed on the 10-inch pipeline during MT ATK discharge
Retightened clamp to stop leak.",21/04/2024,,,21/04/2024 01:00,21/04/2024 01:15,0.25,Unplanned Corrective Maint.,Piping,Closed,Leak,Retightened,Oil_Jetty,,2024-04 (Apr),P1 - High,,April,2024
20/04/2024 22:15,WO-JET_200022,JET-V-201A,"2"" Gate Valve",Observed oil drips from valve V-201A from the bonnet during pressure testing of the arm for discharge operations. The bonnet studs/nuts were retightened.,20/04/2024,,,20/04/2024 22:15,20/04/2024 22:30,0.25,Unplanned Corrective Maint.,Valve,Closed,Leak,Retightened,Oil_Jetty,,2024-04 (Apr),P1 - High,,April,2024
20/04/2024 07:45,WO-CBM_200035,ABB-ME-BY-02,ABB  Bravo Buoy,ABB- Change out worn-out UKP bushes on the Bravo buoy.,20/04/2024,,,20/04/2024 07:45,20/04/2024 08:50,1.083333333,Planned Corrective Maint.,Buoy Body,Closed,Worn,Replaced,ABB_Offshore,DPR 2636 / ABB Report 292,2024-04 (Apr),P1 - High,ABB Report,April,2024
20/04/2024 07:45,WO-CBM_200034,ABB-ME-BY-05,ABB Alpha Buoy,ABB- Changed out worn-out UKP bushes on the Alpha buoy.,20/04/2024,,,20/04/2024 07:45,20/04/2024 08:50,1.083333333,Planned Corrective Maint.,Buoy Body,Closed,Worn,Replaced,ABB_Offshore,DPR 2636 / ABB Report 293,2024-04 (Apr),P1 - High,ABB Report,April,2024
20/04/2024 07:45,WO-CBM_100130,ABB,CMB System for Planned Maint.,"ABB – Pre-Berthing checks c/w
- UKP Bush checks.
 - UKP bush & hook lubrication.",20/04/2024,20/04/2024,,20/04/2024 07:45,20/04/2024 08:50,1.083333333,Inspection,Mooring System,Closed,,,ABB_Offshore,DPR 2636,2024-04 (Apr),P1 - High,,April,2024
19/04/2024 11:40,WO-CBM_100127,ABB,CMB System for Planned Maint.,"ABB - Monthly Hose Pick Up Equipment & End Fittings 
GVI",,,,19/04/2024 11:40,19/04/2024 12:20,0.666666667,Planned Maint.,Hoisting & Lifting,Closed,,,ABB_Offshore,DPR 2634 / ABB Report 291,2024-04 (Apr),P2 - Medium,ABB Report,April,2024
19/04/2024 11:00,WO-JET_100015,Oil-Jetty,Oil Jetty System for Planned Maintenance,Bi-weekly Servitude Walk/Pipeline Inspection,,,,19/04/2024 11:00,19/04/2024 12:50,1.833333333,Planned Maint.,Piping,Closed,,,Oil_Jetty,,2024-04 (Apr),P2 - Medium,,April,2024
19/04/2024 09:00,WO-SPM-CBM_100017,ABB/SPM_Onshore,Onshore ABB_SPM System for Planned Maintenance,Weekly Servitude Walk/Pipeline Inspection,,,,19/04/2024 09:00,19/04/2024 11:00,2,Planned Maint.,Piping,Closed,,,ABB_SPM_Onshore,,2024-04 (Apr),P2 - Medium,,April,2024
18/04/2024 13:23,WO-JET_200021,JET-V-401A,"2"" Gate Valve","Faulty drain valve, V-401A - stuck in the closed position, preventing drainage operations.",17/04/2024,,,03/06/2024 10:00,03/06/2024 11:00,1,Planned Corrective Maint.,Valve,Closed,Faulty,Replaced,Oil_Jetty,,2024-06 (Jun),P2 - Medium,,June,2024
18/04/2024 10:00,WO-W_SHOP_200008,GPMS-W-SHOP,GPMS Maintenance Workshop & Warehouse,"Fabrication of 2nos x 10"" dia. pipe brackets & 2nos 8"" dia. pipes brackets.
Fabrication of 2nos 2""dia. blind flanges and an 8''dia. blind flange.",,,,18/04/2024 10:00,23/04/2024 16:00,126,Planned Improvement,Piping Support,Closed,,Fabricate,W_Shop,,2024-04 (Apr),P3 - Low,,April,2024
18/04/2024 07:09,WO-CBM_200033,MATHEEW BUOY,Buoy for SW10/Atlantis,Matthew Mooring- Removal of Fishing net on first section of mooring chain.,18/04/2024,,,18/04/2024 07:09,18/04/2024 10:24,3.25,Planned Corrective Maint.,Anchoring System,Closed,Aquatic Exposure,Removed,ABB_Offshore,,2024-04 (Apr),P2 - Medium,,April,2024
17/04/2024 11:45,WO-JET_200018,JET-18-PL-CRD-300,"18"" HFO Pipeline",Replacement of cracked/holed (leak point) 1/2-inch pipe vent on P1-5 pressure gauge with a 1/2-inch plug on the 18-inch pipeline.,17/04/2024,,,17/04/2024 11:45,17/04/2024 12:15,0.5,Planned Corrective Maint.,Piping,Closed,"Break (Cracked, Broken, Holed)",Replaced,Oil_Jetty,,2024-04 (Apr),P2 - Medium,,April,2024
17/04/2024 10:30,WO-JET_100014,Oil-Jetty,Oil Jetty System for Planned Maintenance,Monthly Sump and Sump Pipeline Inspection,,,,17/04/2024 10:30,17/04/2024 11:00,0.5,Planned Maint.,Piping,Closed,,,Oil_Jetty,,2024-04 (Apr),P2 - Medium,,April,2024
17/04/2024 06:41,WO-CBM_100126,ABB,CMB System for Planned Maint.,"ABB - Monthly Mooring buoy Pins, Swivel & Touchdown area on Chain",,,,17/04/2024 06:41,17/04/2024 09:06,2.416666667,Planned Maint.,Anchoring System,Closed,,,ABB_Offshore,DPR 2633,2024-04 (Apr),P2 - Medium,,April,2024
17/04/2024 06:41,WO-CBM_100135,ABB,CMB System for Planned Maint.,"ABB - Quarterly Buoys Connection Pins, Links",,,,17/04/2024 06:41,17/04/2024 09:06,2.416666667,Planned Maint.,Buoy Body,Closed,,,ABB_Offshore,DPR 2633,2024-04 (Apr),P2 - Medium,,April,2024
17/04/2024 06:41,WO-CBM_100124,ABB,CMB System for Planned Maint.,ABB - Monthly Buoy Body GVI and Cleaning,,,,17/04/2024 06:41,17/04/2024 11:00,4.316666667,Planned Maint.,Buoy Body,Closed,,,ABB_Offshore,DPR 2633,2024-04 (Apr),P2 - Medium,,April,2024
17/04/2024 06:00,WO-JET_100010-1,Oil-Jetty,Oil Jetty System for Planned Maintenance,Monthly Valve Inspection,,,,17/04/2024 06:00,17/04/2024 06:00,0,Planned Maint.,Valve,Cancelled,,,Oil_Jetty,,2024-04 (Apr),P2 - Medium,,April,2024
16/04/2024 12:56,WO-CBM_100125,ABB,CMB System for Planned Maint.,ABB - Quarterly Anodes GVI,,,,16/04/2024 12:56,16/04/2024 13:34,0.633333333,Planned Maint.,Cathodic Protection,Closed,,,ABB_Offshore,DPR 2632,2024-04 (Apr),P2 - Medium,,April,2024
16/04/2024 07:43,WO-CBM_100123,ABB,CMB System for Planned Maint.,ABB - Weekly Bush Wear checks,,,,16/04/2024 07:43,16/04/2024 08:18,0.583333333,Planned Maint.,Buoy Body,Closed,,,ABB_Offshore,DPR 2632,2024-04 (Apr),P2 - Medium,,April,2024
16/04/2024 07:43,WO-CBM_100122,ABB,CMB System for Planned Maint.,ABB - Weekly Buoys Freeboard/Draft GV,,,,16/04/2024 07:43,16/04/2024 08:18,0.583333333,Planned Maint.,Buoy Body,Closed,,,ABB_Offshore,DPR 2632,2024-04 (Apr),P2 - Medium,,April,2024
16/04/2024 07:43,WO-CBM_100121,ABB,CMB System for Planned Maint.,ABB - Weekly Buoy Hooks GVI & Lubrication,,,,16/04/2024 07:43,16/04/2024 08:18,0.583333333,Planned Maint.,Buoy Body,Closed,,,ABB_Offshore,DPR 2632,2024-04 (Apr),P2 - Medium,,April,2024
16/04/2024 07:43,WO-CBM_100129,ABB,CMB System for Planned Maint.," ABB – Pre-Berthing checks c/w
- UKP Bush checks.
- UKP bush & hook lubrication.",,16/04/2024,,16/04/2024 07:43,16/04/2024 08:18,0.583333333,Inspection,Mooring System,Closed,,,ABB_Offshore,DPR 2632,2024-04 (Apr),P1 - High,,April,2024
15/04/2024 14:03,WO-CBM_100128,MATHEEW BUOY,Buoy for SW10/Atlantis,ABB - Quarterly MATTHEW Buoy Body (Subsea) GVI,,,,15/04/2024 02:03,15/04/2024 02:26,0.383333333,Planned Maint.,Buoy Body,Closed,,,ABB_Offshore,DPR 2631,2024-04 (Apr),P2 - Medium,,April,2024
15/04/2024 14:00,WO-JET_200020,JET-V-201A,"2"" Gate Valve","2-inch gate valve stuck in closed position - Removed, serviced, and re-installed the valve",15/04/2024,,,15/04/2024 14:00,17/04/2024 11:45,45.75,Planned Corrective Maint.,Valve,Closed,"Stuck (Seized, Frozen, Jammed)",Serviced,Oil_Jetty,,2024-04 (Apr),P2 - Medium,,April,2024
15/04/2024 09:00,WO-W_SHOP_100033,COMP-01,Air Compressor - KOTECH,Weekly Inspection,,,,15/04/2024 09:00,15/04/2024 09:30,0.5,Planned Maint.,Engine,Closed,,,W_Shop,,2024-04 (Apr),P2 - Medium,,April,2024
15/04/2024 09:00,WO-JET_200019,JET-8-PL-WHT-200,"8"" Products Pipeline",Corroded drain valve on Spool piece - Removal and Reinstallation of 8-inch Spool Piece with Weld Repair,15/04/2024,,,15/04/2024 09:00,17/04/2024 11:00,50,Planned Corrective Maint.,Piping,Closed,Corroded,Welding Repairs,Oil_Jetty,,2024-04 (Apr),P2 - Medium,,April,2024
15/04/2024 08:20,WO-W_SHOP_100032,Genset-01,Generator- Megapower,Weekly Inspection,,,,15/04/2024 08:20,15/04/2024 08:40,0.333333333,Planned Maint.,Engine,Closed,,,W_Shop,,2024-04 (Apr),P2 - Medium,,April,2024
15/04/2024 08:19,WO-SPM_100146,SPM-AE-BY-02,CALM Buoy - CO760,SPM - Quarterly MBC GVI,,,,15/04/2024 08:19,15/04/2024 09:44,1.416666667,Planned Maint.,MBC,Closed,,,SPM_Offshore,DPR 2631,2024-04 (Apr),P2 - Medium,,April,2024
15/04/2024 07:03,WO-SPM_100147,SPM-AE-BY-02,CALM Buoy - CO760,"SPM - Monthly Inspection of Mooring Bridle/Bridle Platform, Hawser & other Acc. GVI",,,,15/04/2024 07:03,15/04/2024 08:10,1.116666667,Planned Maint.,Mooring System,Closed,,,SPM_Offshore,DPR 2631,2024-04 (Apr),P2 - Medium,,April,2024
15/04/2024 07:03,WO-SPM_100142,SPM-AE-BY-02,CALM Buoy - CO760,SPM – Weekly Central Pipe Swivel Greasing and GVI,,,,15/04/2024 07:03,15/04/2024 08:10,1.116666667,Planned Maint.,Swivel System,Closed,,,SPM_Offshore,DPR 2631,2024-04 (Apr),P2 - Medium,,April,2024
15/04/2024 07:03,WO-SPM_100143,SPM-AE-BY-02,CALM Buoy - CO760,SPM – Weekly Main Bearing Greasing,,,,15/04/2024 07:03,15/04/2024 08:10,1.116666667,Planned Maint.,Lubrication System,Closed,,,SPM_Offshore,DPR 2631,2024-04 (Apr),P2 - Medium,,April,2024
15/04/2024 07:03,WO-SPM_100144,SPM-AE-BY-02,CALM Buoy - CO760,SPM – Weekly Solar Panels GVI and cleaning,,,,15/04/2024 07:03,15/04/2024 08:10,1.116666667,Planned Maint.,NavAids & Power,Closed,,,SPM_Offshore,DPR 2631,2024-04 (Apr),P2 - Medium,,April,2024
15/04/2024 07:03,WO-SPM_100145,SPM-AE-BY-02,CALM Buoy - CO760,SPM - Monthly Soundings,,,,15/04/2024 07:03,15/04/2024 08:10,1.116666667,Planned Maint.,Buoy Body,Closed,,,SPM_Offshore,DPR 2631,2024-04 (Apr),P2 - Medium,,April,2024
15/04/2024 07:03,WO-SPM_100141,SPM-AE-BY-02,CALM Buoy - CO760,SPM – Weekly Buoy Freeboard/Draft GVI,,,,15/04/2024 07:03,15/04/2024 08:10,1.116666667,Planned Maint.,Buoy Body,Closed,,,SPM_Offshore,DPR 2631,2024-04 (Apr),P2 - Medium,,April,2024
14/04/2024 10:50,WO-CBM_200032,ABB-ME-SC-01,ABB Sierra chain & pickup line,ABB - Change out of chains for Samson hang-off rope at Sierra Mooring.,,,,14/04/2024 10:50,14/04/2024 11:21,0.516666667,Planned Corrective Maint.,Anchoring System,Closed,Worn,Replaced,ABB_Offshore,DPR 2630,2024-04 (Apr),P2 - Medium,,April,2024
13/04/2024 07:56,WO-CBM_100120,ABB,CMB System for Planned Maint.,"ABB – Pre-Berthing checks c/w
- UKP Bush checks.
- UKP bush & hook lubrication.",,13/04/2024,,13/04/2024 07:56,13/04/2024 08:16,0.333333333,Inspection,Mooring System,Closed,,,ABB_Offshore,DPR 2629,2024-04 (Apr),P1 - High,,April,2024
12/04/2024 13:00,WO-SPM_200014,SPM-AE-BY-02,CALM Buoy - CO760,Cleaning of SPM Buoy with HPWJ.,,,,12/04/2024 13:00,25/04/2024 11:20,310.3333333,Planned Corrective Maint.,Buoy Body,Closed,,Cleaned,SPM_Offshore,"DPR 2628,40,41",2024-04 (Apr),P2 - Medium,,April,2024
12/04/2024 09:00,WO-SPM-CBM_100016,ABB/SPM_Onshore,Onshore ABB_SPM System for Planned Maintenance,Weekly Servitude Walk/Pipeline Inspection,,,,12/04/2024 09:00,12/04/2024 12:30,3.5,Planned Maint.,Piping,Closed,,,ABB_SPM_Onshore,,2024-04 (Apr),P2 - Medium,,April,2024
11/04/2024 00:04,WO-JET-200017,JET-18-PL-CRD-300,"18"" HFO Pipeline","Leakage was observed from the pressure gauge PI-5 (on the 18-inch pipeline) through the 1/2-inch pipe vent during the discharge of HFO by MT FORTUNE. The leakage was stopped by closing the 3/4-inch valve. The vessel's discharge was halted at 0206 AM and resumed at 0606 AM. The cleaning of the jetty platform, along with the containment and removal of the product in the sea, was completed by the joint teams from GPHA and GPMS",11/04/2024,,,11/04/2024 00:04,11/04/2024 06:06,6.033333333,Breakdown,Piping,Closed,Leak,Isolate,Oil_Jetty,,2024-04 (Apr),P1 - High,,April,2024
10/04/2024 08:04,WO-CBM_200031,ABB-ME-BY-04,ABB Charlie Buoy,Change-out Charlie Buoy worn-out UKP Bush,,,,10/04/2024 08:04,10/04/2024 08:37,0.55,Planned Corrective Maint.,Buoy Body,Closed,Worn,Replaced,ABB_Offshore,DPR 2626 / ABB Report 290,2024-04 (Apr),P1 - High,ABB Report,April,2024
10/04/2024 08:02,WO-CBM_100116,ABB,CMB System for Planned Maint.,ABB - Weekly Buoy Hooks GVI & Lubrication,,,,10/04/2024 08:02,10/04/2024 08:37,0.583333333,Planned Maint.,Lubrication System,Closed,,,ABB_Offshore,DPR 2626,2024-04 (Apr),P2 - Medium,,April,2024
10/04/2024 08:02,WO-CBM_100118,ABB,CMB System for Planned Maint.,ABB - Weekly Bush Wear checks,,,,10/04/2024 08:02,10/04/2024 08:37,0.583333333,Planned Maint.,Buoy Body,Closed,,,ABB_Offshore,DPR 2626,2024-04 (Apr),P2 - Medium,,April,2024
10/04/2024 08:02,WO-CBM_100117,ABB,CMB System for Planned Maint.,ABB - Weekly Buoys Freeboard/Draft GVI,,,,10/04/2024 08:02,10/04/2024 08:37,0.583333333,Planned Maint.,Buoy Body,Closed,,,ABB_Offshore,DPR 2626,2024-04 (Apr),P2 - Medium,,April,2024
10/04/2024 08:02,WO-CBM_100119,ABB,CMB System for Planned Maint.,Pre-berthing Checks,,10/04/2024,,10/04/2024 08:02,10/04/2024 08:37,0.583333333,Inspection,Mooring System,Closed,,,ABB_Offshore,DPR 2626,2024-04 (Apr),P1 - High,,April,2024
09/04/2024 14:25,WO-SPM_100139,SPM-AE-BY-02,CALM Buoy - CO760,"SPM - Bi-Weekly Turntable Rotation & Locking Pins, Guides and Brakes",,,,09/04/2024 14:25,09/04/2024 15:26,1.016666667,Planned Maint.,Buoy Body,Closed,,,SPM_Offshore,DPR 2625,2024-04 (Apr),P2 - Medium,,April,2024
09/04/2024 08:30,WO-W_SHOP_100031,Genset-01,Generator- Megapower,Weekly Inspection,,,,09/04/2024 08:30,09/04/2024 09:00,0.5,Planned Maint.,Engine,Closed,,,W_Shop,,2024-04 (Apr),P2 - Medium,,April,2024
09/04/2024 07:05,WO-SPM_100118,SPM-FT-BY-02,CALM Buoy - CO760 Cargo transfer System,SPM - Monthly Hose Pick Up Equipment GVI,,,,09/04/2024 07:05,09/04/2024 08:20,1.25,Planned Maint.,Hoisting & Lifting,Closed,,,SPM_Offshore,DPR 2625 / SPM2 Report 241,2024-04 (Apr),P2 - Medium,SPM Report,April,2024
09/04/2024 07:05,WO-SPM_100137,SPM-FT-HS-01,SPM Hose String Assembly (Floating/Submarine),SPM - Quarterly Hose End Fittings (torque studs & nuts on hose flanges & spool pieces),,,,09/04/2024 07:05,09/04/2024 08:20,1.25,Planned Maint.,Hose,Closed,,,SPM_Offshore,DPR 2625 / SPM2 Report 242,2024-04 (Apr),P2 - Medium,,April,2024
08/04/2024 09:40,WO-W_SHOP_100030,COMP-01,Air Compressor - KOTECH,Weekly Inspection,,,,08/04/2024 09:40,08/04/2024 10:10,0.5,Planned Maint.,Engine,Closed,,,W_Shop,,2024-04 (Apr),P2 - Medium,,April,2024
08/04/2024 09:11,WO-SPM_100136,SPM-FT-HS-01,SPM Hose String Assembly (Floating/Submarine),SPM - Monthly GVI of Floating Hoses & Underwater Hoses (Chinese Lantern),,,,08/04/2024 09:11,22/04/2024 15:26,342.25,Planned Maint.,Submarine Hose,Closed,,,SPM_Offshore,DPR 2624,2024-04 (Apr),P2 - Medium,,April,2024
08/04/2024 09:11,WO-SPM_100134,SPM-AE-BY-02,CALM Buoy - CO760,SPM – Weekly Main Bearing Greasing,,,,08/04/2024 09:11,08/04/2024 09:26,0.25,Planned Maint.,Lubrication System,Closed,,,SPM_Offshore,DPR 2624,2024-04 (Apr),P2 - Medium,,April,2024
08/04/2024 09:11,WO-SPM_100133,SPM-AE-BY-02,CALM Buoy - CO760,SPM – Weekly Central Pipe Swivel Greasing and GVI,,,,08/04/2024 09:11,08/04/2024 09:26,0.25,Planned Maint.,Lubrication System,Closed,,,SPM_Offshore,DPR 2624,2024-04 (Apr),P2 - Medium,,April,2024
08/04/2024 09:11,WO-SPM_100135,SPM-AE-BY-02,CALM Buoy - CO760,SPM – Weekly Solar Panels GVI and cleaning,,,,08/04/2024 09:11,08/04/2024 09:26,0.25,Planned Maint.,NavAids & Power,Closed,,,SPM_Offshore,DPR 2624,2024-04 (Apr),P2 - Medium,,April,2024
08/04/2024 09:11,WO-SPM_100132,SPM-AE-BY-02,CALM Buoy - CO760,SPM – Weekly Buoy Freeboard/Draft GVI,,,,08/04/2024 09:11,08/04/2024 09:26,0.25,Planned Maint.,Buoy Body,Closed,,,SPM_Offshore,DPR 2624,2024-04 (Apr),P2 - Medium,,April,2024
08/04/2024 09:11,WO-SPM_100138,SPM-AE-BY-02,CALM Buoy - CO760,SPM - Bi-weekly Lifting Equipment GVI & Lubrication,,,,08/04/2024 09:11,08/04/2024 09:26,0.25,Planned Maint.,Lubrication System,Cancelled,,,SPM_Offshore,DPR 2624,2024-04 (Apr),P2 - Medium,,April,2024
08/04/2024 09:03,WO-CBM_200026,ABB-PLEM-01,ABB Pipeline End Manifold Assembly,MGR on PLEM,,,,07/04/2024 10:53,30/04/2024 12:37,553.7333333,Planned Corrective Maint.,PLEM Piping and Structure,Closed,Aquatic Exposure,Removed,ABB_Offshore,"DPR 2623,26,29,33,40,43,46",2024-04 (Apr),P2 - Medium,,April,2024
07/04/2024 07:49,WO-CBM_100115,ABB,CMB System for Planned Maint.," ABB – Pre-Berthing checks c/w 
 - UKP Bush checks.
 - UKP bush & hook lubrication",,07/04/2024,,07/04/2024 07:49,07/04/2024 08:15,0.433333333,Inspection,Mooring System,Closed,,,ABB_Offshore,DPR 2623,2024-04 (Apr),P1 - High,,April,2024
05/04/2024 13:15,WO-SPM_200026,SPM-ME-CH-01,SPM Mooring Chain," MGR on SPM Mooring Chains: #4, #6,",05/04/2024,,,05/04/2024 07:17,28/04/2024 08:46,553.4833333,Planned Corrective Maint.,Anchoring System,Closed,Aquatic Exposure,Removed,SPM_Offshore,"DPR 2621,27,28,30,31,35,36,37,41,42,44",2024-04 (Apr),P2 - Medium,,April,2024
05/04/2024 10:48,WO-SPM_200044,SPM-AE-BY-02,CALM Buoy - CO760,MGR from Buoy body,05/04/2024,,,05/04/2024 08:05,20/04/2024 14:14,366.15,Planned Corrective Maint.,Buoy Body,Closed,Aquatic Exposure,Removed,SPM_Offshore,"DPR 2621,22,24,25,27,28,30,31,36",2024-04 (Apr),P2 - Medium,,April,2024
05/04/2024 10:30,WO-W_SHOP_200007,GPMS-W-SHOP,GPMS Maintenance Workshop & Warehouse,Fabrication of pig launcher tool hanger,,,,05/04/2024 10:30,08/04/2024 14:15,75.75,Planned Improvement,Tools,Closed,,Fabricate,W_Shop,,2024-04 (Apr),P3 - Low,,April,2024
04/04/2024 10:00,WO-SPM-CBM_100014,ABB/SPM_Onshore,Onshore ABB_SPM System for Planned Maintenance,Monthly Cathodic protection potential measurement,,,,04/04/2024 10:00,04/04/2024 12:45,2.75,Planned Maint.,Cathodic Protection,Closed,,,ABB_SPM_Onshore,,2024-04 (Apr),P2 - Medium,,April,2024
03/04/2024 13:30,WO-SPM-CBM_100015,ABB/SPM_Onshore,Onshore ABB_SPM System for Planned Maintenance,Weekly Servitude Walk/Pipeline Inspection,,,,03/04/2024 13:30,03/04/2024 15:00,1.5,Planned Maint.,Piping,Closed,,,ABB_SPM_Onshore,,2024-04 (Apr),P2 - Medium,,April,2024
03/04/2024 10:00,WO-W_SHOP_200006,GPMS-W-SHOP,GPMS Maintenance Workshop & Warehouse,18-inch Spool pieces maintenance,,,,03/04/2024 10:00,05/04/2024 15:00,53,Planned Corrective Maint.,Piping,Closed,Corrosion,Coated,W_Shop,,2024-04 (Apr),P2 - Medium,,April,2024
03/04/2024 07:55,WO-CBM_100104,ABB,CMB System for Planned Maint.,ABB - Weekly Buoy Hooks GVI & Lubrication,,,,03/04/2024 07:55,03/04/2024 08:24,0.483333333,Planned Maint.,Lubrication System,Closed,,,ABB_Offshore,DPR 2619,2024-04 (Apr),P2 - Medium,,April,2024
03/04/2024 07:55,WO-CBM_100106,ABB,CMB System for Planned Maint.,ABB - Weekly Bush Wear checks,,,,03/04/2024 07:55,03/04/2024 08:24,0.483333333,Planned Maint.,Buoy Body,Closed,,,ABB_Offshore,DPR 2619,2024-04 (Apr),P2 - Medium,,April,2024
03/04/2024 07:55,WO-CBM_100105,ABB,CMB System for Planned Maint.,ABB - Weekly Buoys Freeboard/Draft GVI,,,,03/04/2024 07:55,03/04/2024 08:24,0.483333333,Planned Maint.,Buoy Body,Closed,,,ABB_Offshore,DPR 2619,2024-04 (Apr),P2 - Medium,,April,2024
03/04/2024 07:55,WO-CBM_100114,ABB,CMB System for Planned Maint.,ABB - Pre-berthing checks,,03/04/2024,,03/04/2024 07:55,03/04/2024 08:24,0.483333333,Inspection,Mooring System,Closed,,,ABB_Offshore,DPR 2619,2024-04 (Apr),P1 - High,,April,2024
03/04/2024 06:23,WO-CBM_100113,ABB-FT-V-1803,ABB PLEM Valve,ABB – Monthly PLEM Valve operation,,,,03/04/2024 06:23,03/04/2024 07:02,0.65,Planned Maint.,Valve,Closed,,,ABB_Offshore,DPR 2619,2024-04 (Apr),P2 - Medium,,April,2024
03/04/2024 06:23,WO-CBM_100112,ABB-FT-V-1803,ABB PLEM Valve,ABB – Bi-annual PLEM Marker buoy GVI,,,,03/04/2024 06:23,03/04/2024 07:02,0.65,Planned Maint.,PLEM Piping and Structure,Closed,,,ABB_Offshore,DPR 2619,2024-04 (Apr),P2 - Medium,,April,2024
03/04/2024 06:23,WO-CBM_100111,ABB-CP-01,ABB Cathodic Protection System - Offshore,ABB – Quarterly CP reading on Subsea Hoses,,,,03/04/2024 06:23,03/04/2024 07:02,0.65,Planned Maint.,Cathodic Protection,Closed,,,ABB_Offshore,DPR 2619,2024-04 (Apr),P2 - Medium,,April,2024
03/04/2024 06:23,WO-CBM_100108,ABB-FT-HS-01,ABB Submarine Hose Assembly,ABB – Monthly Subsea Hoses,,,,03/04/2024 06:23,03/04/2024 07:02,0.65,Planned Maint.,Submarine Hose,Closed,,,ABB_Offshore,DPR 2619,2024-04 (Apr),P2 - Medium,,April,2024
03/04/2024 06:23,WO-CBM_100110,ABB,CMB System for Planned Maint.,ABB – Quarterly MBC GVI,,,,03/04/2024 06:23,03/04/2024 07:02,0.65,Planned Maint.,Buoy Body,Closed,,,ABB_Offshore,DPR 2619,2024-04 (Apr),P2 - Medium,,April,2024
02/04/2024 09:40,WO-W_SHOP_100028,COMP-01,Air Compressor - KOTECH,Weekly Inspection,,,,02/04/2024 09:40,02/04/2024 09:46,0.1,Planned Maint.,Engine,Closed,,,W_Shop,,2024-04 (Apr),P2 - Medium,,April,2024
02/04/2024 09:30,WO-CBM_100107,ABB-FT-HS-01,ABB Submarine Hose Assembly,ABB – Monthly GVI above water Hoses,,,,02/04/2024 09:30,02/04/2024 09:50,0.333333333,Planned Maint.,Floating Hose,Closed,,,ABB_Offshore,DPR 2618 / ABB Report 289,2024-04 (Apr),P2 - Medium,ABB Report,April,2024
02/04/2024 09:16,WO-W_SHOP_100029,Genset-01,Generator- Megapower,Weekly Inspection,,,,02/04/2024 09:16,02/04/2024 09:34,0.3,Planned Maint.,Engine,Closed,,,W_Shop,,2024-04 (Apr),P2 - Medium,,April,2024
02/04/2024 07:25,WO-CBM_100109,ABB-FT-PL-18,"ABB Offshore/Onshore Pipeline - 18""",ABB – Bi-annual PLEM to shore pipeline inspection,,,,02/04/2024 07:25,04/04/2024 14:43,55.3,Planned Maint.,PLEM Piping and Structure,Closed,,,ABB_Offshore,"DPR 2618,20 / ABB Report 288",2024-04 (Apr),P2 - Medium,ABB Report,April,2024
01/04/2024 19:00,WO-SPM_100129,SPM-AE-BY-02,CALM Buoy - CO760,SPM - Monthly Navigation Aids,,,,01/04/2024 19:00,01/04/2024 19:45,0.75,Planned Maint.,NavAids & Power,Closed,,,SPM_Offshore,DPR 2617,2024-04 (Apr),P2 - Medium,,April,2024
01/04/2024 13:00,WO-SPM_100117,SPM-FT-BY-02,CALM Buoy - CO760 Cargo transfer System,"SPM - Monthly Cleaning of Floating Hoses & 
Underwater Hoses (Chinese Lantern)",,,,01/04/2024 13:00,06/04/2024 10:00,117,Planned Maint.,Floating Hose,Closed,,,SPM_Offshore,"DPR 2617,22",2024-04 (Apr),P2 - Medium,,April,2024
01/04/2024 10:59,WO-SPM_100125,SPM-CP-01,SPM Cathodic Protection System - Offshore,SPM – Biannual Buoy Cathodic Protection,,,,01/04/2024 10:59,01/04/2024 12:11,1.2,Planned Maint.,Cathodic Protection,Closed,,,SPM_Offshore,DPR 2617 / SPM Report 240,2024-04 (Apr),P2 - Medium,SPM Report,April,2024
01/04/2024 10:59,WO-SPM_100124,SPM-CP-01,SPM Cathodic Protection System - Offshore,SPM – Quarterly Anodes GVI,,,,01/04/2024 10:59,01/04/2024 12:11,1.2,Planned Maint.,Cathodic Protection,Closed,,,SPM_Offshore,DPR 2617,2024-04 (Apr),P2 - Medium,,April,2024
01/04/2024 10:24,WO-SPM_100123,SPM-FT-PV-01,SPM PLEM,SPM – Monthly PLEM Valves operation,,,,01/04/2024 10:24,01/04/2024 10:47,0.383333333,Planned Maint.,PLEM Piping and Structure,Closed,,,SPM_Offshore,DPR 2617,2024-04 (Apr),P2 - Medium,,April,2024
01/04/2024 09:44,WO-SPM_100126,SPM-CP-01,SPM Cathodic Protection System - Offshore,SPM - Biannual PLEM Cathodic Protection,,,,01/04/2024 09:44,01/04/2024 10:14,0.5,Planned Maint.,Cathodic Protection,Closed,,,SPM_Offshore,DPR 2617,2024-04 (Apr),P2 - Medium,,April,2024
01/04/2024 08:36,WO-SPM_100127,SPM-CP-01,SPM Cathodic Protection System - Offshore,SPM - Biannual Hose Flanges Cathodic Protection,,,,01/04/2024 08:36,01/04/2024 09:32,0.933333333,Planned Maint.,Cathodic Protection,Closed,,,SPM_Offshore,DPR 2617,2024-04 (Apr),P2 - Medium,,April,2024
01/04/2024 07:00,WO-SPM_100128,SPM-AE-BY-02,CALM Buoy - CO760,SPM – Quarterly Safety Equipment GVI,,,,01/04/2024 07:00,01/04/2024 08:20,1.333333333,Planned Maint.,Environmental Protection Equipment,Closed,,,SPM_Offshore,DPR 2617,2024-04 (Apr),P2 - Medium,,April,2024
01/04/2024 07:00,WO-SPM_100122,SPM-AE-BY-02,CALM Buoy - CO760,SPM – Monthly Expansion Joint GVI,,,,01/04/2024 07:00,01/04/2024 08:20,1.333333333,Planned Maint.,Piping Support,Closed,,,SPM_Offshore,DPR 2617,2024-04 (Apr),P2 - Medium,,April,2024
01/04/2024 07:00,WO-SPM_100121,SPM-AE-BY-02,CALM Buoy - CO760,SPM – Monthly Top Side Valve Operations,,,,01/04/2024 07:00,01/04/2024 08:20,1.333333333,Planned Maint.,Valve,Closed,,,SPM_Offshore,DPR 2617,2024-04 (Apr),P2 - Medium,,April,2024
01/04/2024 07:00,WO-SPM_100120,SPM-AE-BY-02,CALM Buoy - CO760,SPM – Monthly Fluid Swivel GVI,,,,01/04/2024 07:00,01/04/2024 08:20,1.333333333,Planned Maint.,Swivel System,Closed,,,SPM_Offshore,DPR 2617,2024-04 (Apr),P2 - Medium,,April,2024
01/04/2024 07:00,WO-SPM_100119,SPM-AE-BY-02,CALM Buoy - CO760,SPM – Monthly Torque Arm GVI,,,,01/04/2024 07:00,01/04/2024 08:20,1.333333333,Planned Maint.,Swivel System,Closed,,,SPM_Offshore,DPR 2617,2024-04 (Apr),P2 - Medium,,April,2024
01/04/2024 07:00,WO-SPM_100114,SPM-AE-BY-02,CALM Buoy - CO760,SPM – Weekly Central Pipe Swivel Greasing and GVI,,,,01/04/2024 07:00,01/04/2024 08:20,1.333333333,Planned Maint.,Swivel System,Closed,,,SPM_Offshore,DPR 2617,2024-04 (Apr),P2 - Medium,,April,2024
01/04/2024 07:00,WO-SPM_100115,SPM-AE-BY-02,CALM Buoy - CO760,SPM – Weekly Main Bearing Greasing,,,,01/04/2024 07:00,01/04/2024 08:20,1.333333333,Planned Maint.,Lubrication System,Closed,,,SPM_Offshore,DPR 2617,2024-04 (Apr),P2 - Medium,,April,2024
01/04/2024 07:00,WO-SPM_100131,SPM-AE-BY-02,CALM Buoy - CO760,SPM – Quarterly Batteries Enclosure Inspection,,,,01/04/2024 07:00,01/04/2024 08:20,1.333333333,Planned Maint.,NavAids & Power,Closed,,,SPM_Offshore,DPR 2617,2024-04 (Apr),P2 - Medium,,April,2024
01/04/2024 07:00,WO-SPM_100130,SPM-AE-BY-02,CALM Buoy - CO760,SPM – Quarterly Batteries Inspection,,,,01/04/2024 07:00,01/04/2024 08:20,1.333333333,Planned Maint.,NavAids & Power,Closed,,,SPM_Offshore,DPR 2617,2024-04 (Apr),P2 - Medium,,April,2024
01/04/2024 07:00,WO-SPM_100116,SPM-AE-BY-02,CALM Buoy - CO760,SPM – Weekly Solar Panels GVI and cleaning,,,,01/04/2024 07:00,01/04/2024 08:20,1.333333333,Planned Maint.,NavAids & Power,Closed,,,SPM_Offshore,DPR 2617,2024-04 (Apr),P2 - Medium,,April,2024
01/04/2024 07:00,WO-SPM_100113,SPM-AE-BY-02,CALM Buoy - CO760,SPM – Weekly Buoy Freeboard/Draft GVI,,,,01/04/2024 07:00,01/04/2024 08:20,1.333333333,Planned Maint.,Buoy Body,Closed,,,SPM_Offshore,DPR 2617,2024-04 (Apr),P2 - Medium,,April,2024
01/04/2024 06:00,WO-JET_100015-1,Oil-Jetty,Oil Jetty System for Planned Maintenance,Bi-weekly Servitude Walk/Pipeline Inspection,,,,01/04/2024 06:00,01/04/2024 06:00,0,Planned Maint.,Piping,Cancelled,,,Oil_Jetty,,2024-04 (Apr),P2 - Medium,,April,2024
31/03/2024 13:44,WO-CBM_200030,ABB-PLEM-01,ABB Pipeline End Manifold Assembly, MGR on PLEM,,,,31/03/2024 13:44,31/03/2024 14:20,0.6,Planned Corrective Maint.,PLEM Piping and Structure,Closed,Aquatic Exposure,Removed,ABB_Offshore,DPR 2616,2024-03 (Mar),P2 - Medium,,March,2024
31/03/2024 09:15,WO-CBM_100103,ABB,CMB System for Planned Maint.,"ABB – Pre-Berthing checks c/w 
- UKP Bush checks.
- UKP bush & hook lubrication.",,31/03/2024,,31/03/2024 09:15,31/03/2024 09:37,0.366666667,Inspection,Mooring System,Closed,,,ABB_Offshore,DPR 2616,2024-03 (Mar),P1 - High,,March,2024
27/03/2024 13:45,WO-W_SHOP_100026,COMP-01,Air Compressor - KOTECH,Monthly Inspection,,,,27/03/2024 13:45,27/03/2024 14:15,0.5,Planned Maint.,Engine,Closed,,,W_Shop,,2024-03 (Mar),P2 - Medium,,March,2024
27/03/2024 13:00,WO-W_SHOP_100027,Genset-01,Generator- Megapower,Monthly Inspection,,,,27/03/2024 13:00,27/03/2024 13:30,0.5,Planned Maint.,Engine,Closed,,,W_Shop,,2024-03 (Mar),P2 - Medium,,March,2024
27/03/2024 07:05,WO-CBM_100100,ABB,CMB System for Planned Maint.,ABB - Quarterly Coating,,,,27/03/2024 07:05,28/03/2024 15:00,31.91666667,Planned Maint.,Buoy Body,Closed,,,ABB_Offshore,DPR 2612,2024-03 (Mar),P2 - Medium,,March,2024
26/03/2024 09:27,WO-CBM_200028,ABB-FT-HS-01,ABB Submarine Hose Assembly,ABB- Snubbing Chain Change out on Subsea Hose assembly.,,,,26/03/2024 09:27,26/03/2024 11:44,2.283333333,Planned Corrective Maint.,Submarine Hose,Closed,Corroded,Replaced,ABB_Offshore,DPR 2611 / ABB Report 287,2024-03 (Mar),P2 - Medium,ABB Report,March,2024
26/03/2024 08:50,WO-CBM_200027,ABB-ME-BY-05,ABB Alpha Buoy,Change out Alpha Buoy(ABB05) UKP Bushes,,,,26/03/2024 08:50,26/03/2024 09:00,0.166666667,Planned Corrective Maint.,Buoy Body,Closed,Worn,Replaced,ABB_Offshore,DPR 2611 / ABB Report 286,2024-03 (Mar),P1 - High,ABB Report,March,2024
26/03/2024 08:30,WO-JET_100013,Oil-Jetty,Oil Jetty System for Planned Maintenance,Bi-weekly Servitude Walk/Pipeline Inspection,,,,26/03/2024 08:30,27/03/2024 13:40,29.16666667,Planned Maint.,Piping,Closed,,,Oil_Jetty,,2024-03 (Mar),P2 - Medium,,March,2024
26/03/2024 08:10,WO-CBM_100097,ABB,CMB System for Planned Maint.,ABB - Weekly Buoy Hooks GVI & Lubrication,,,,26/03/2024 08:10,26/03/2024 08:50,0.666666667,Planned Maint.,Lubrication System,Closed,,,ABB_Offshore,DPR 2611,2024-03 (Mar),P2 - Medium,,March,2024
26/03/2024 08:10,WO-CBM_100099,ABB,CMB System for Planned Maint.,ABB - Weekly Bush Wear checks,,,,26/03/2024 08:10,26/03/2024 08:50,0.666666667,Planned Maint.,Buoy Body,Closed,,,ABB_Offshore,DPR 2611,2024-03 (Mar),P2 - Medium,,March,2024
26/03/2024 08:10,WO-CBM_100098,ABB,CMB System for Planned Maint.,ABB - Weekly Buoys Freeboard/Draft GVI,,,,26/03/2024 08:10,26/03/2024 08:50,0.666666667,Planned Maint.,Buoy Body,Closed,,,ABB_Offshore,DPR 2611,2024-03 (Mar),P2 - Medium,,March,2024
26/03/2024 08:10,WO-CBM_100102,ABB,CMB System for Planned Maint.,ABB – Pre-Berthing checks,,26/03/2024,,26/03/2024 08:10,26/03/2024 09:00,0.833333333,Inspection,Mooring System,Closed,,,ABB_Offshore,DPR 2611,2024-03 (Mar),P1 - High,,March,2024
25/03/2024 09:02,WO-JET_100012,Oil-Jetty,Oil Jetty System for Planned Maintenance,"Marking Out Oil Jetty Pipelines (6-inch, 10-inch, and 14-inch) for Change-Out Project - completed 10-inch pipeline marking.",,29/03/2024,,20/03/2024 10:30,29/03/2024 14:00,219.5,Inspection,Piping,Closed - Was Backlog,,,Oil_Jetty,,2024-03 (Mar),P2 - Medium,,March,2024
25/03/2024 07:00,WO-SPM_100108,SPM-AE-BY-02,CALM Buoy - CO760,SPM – Weekly Central Swivel Greasing and GVI,,,,25/03/2024 07:00,25/03/2024 08:18,1.3,Planned Maint.,Swivel System,Closed,,,SPM_Offshore,DPR 2610,2024-03 (Mar),P2 - Medium,,March,2024
25/03/2024 07:00,WO-SPM_100109,SPM-AE-BY-02,CALM Buoy - CO760,SPM – Weekly Main Bearing Greasing,,,,25/03/2024 07:00,25/03/2024 08:18,1.3,Planned Maint.,Lubrication System,Closed,,,SPM_Offshore,DPR 2610,2024-03 (Mar),P2 - Medium,,March,2024
25/03/2024 07:00,WO-SPM_100110,SPM-AE-BY-02,CALM Buoy - CO760, SPM – Weekly Solar Panels GVI and cleaning,,,,25/03/2024 07:00,25/03/2024 08:18,1.3,Planned Maint.,NavAids & Power,Closed,,,SPM_Offshore,DPR 2610,2024-03 (Mar),P2 - Medium,,March,2024
25/03/2024 07:00,WO-SPM_100112,SPM-AE-BY-02,CALM Buoy - CO760,"SPM - Bi-Weekly Turntable Rotation & Locking Pins, Guides and Brakes",,,,25/03/2024 07:00,25/03/2024 08:18,1.3,Planned Maint.,Buoy Body,Closed,,,SPM_Offshore,DPR 2610,2024-03 (Mar),P2 - Medium,,March,2024
25/03/2024 07:00,WO-SPM_100107,SPM-AE-BY-02,CALM Buoy - CO760,SPM – Weekly Buoy Freeboard/Draft GVI,,,,25/03/2024 07:00,25/03/2024 08:18,1.3,Planned Maint.,Buoy Body,Closed,,,SPM_Offshore,DPR 2610,2024-03 (Mar),P2 - Medium,,March,2024
25/03/2024 07:00,WO-SPM_100111,SPM-AE-BY-02,CALM Buoy - CO760,SPM - Bi-weekly Lifting Equipment GVI & Lubrication - not available on buoy,,,,25/03/2024 07:00,25/03/2024 07:00,0,Planned Maint.,Hoisting & Lifting,Cancelled,,,SPM_Offshore,DPR 2610,2024-03 (Mar),P2 - Medium,,March,2024
25/03/2024 06:00,WO-SPM-CBM_100012-1,ABB/SPM_Onshore,Onshore ABB_SPM System for Planned Maintenance,Weekly Servitude Walk,,,,25/03/2024 06:00,25/03/2024 06:00,0,Planned Maint.,Piping,Cancelled,,,ABB_SPM_Onshore,,2024-03 (Mar),P2 - Medium,,March,2024
23/03/2024 06:17,WO-CBM_100101,ABB,CMB System for Planned Maint.,"Pre-Berthing Checks
-UKP Bush checks.
 - UKP bush & hook lubrication.",,23/03/2024,,23/03/2024 06:17,23/03/2024 07:50,1.55,Inspection,Mooring System,Closed,,,ABB_Offshore,DPR 2608,2024-03 (Mar),P1 - High,,March,2024
21/03/2024 13:30,WO-W_SHOP_100023,GPMS-W-SHOP,GPMS Maintenance Workshop & Warehouse,Bi-annual Lifting Equipment Inspection,,,,21/03/2024 13:30,25/03/2024 17:20,99.83333333,Planned Maint.,Hoisting & Lifting,Closed,,,W_Shop,,2024-03 (Mar),P2 - Medium,,March,2024
19/03/2024 10:07,WO-CBM_100093,ABB,CMB System for Planned Maint.,ABB - Monthly Buoy Location,,,,19/03/2024 10:07,19/03/2024 10:37,0.5,Planned Maint.,Buoy Body,Closed,,,ABB_Offshore,DPR 2604,2024-03 (Mar),P2 - Medium,,March,2024
19/03/2024 10:07,WO-CBM_100092,ABB,CMB System for Planned Maint.,ABB - Weekly Bush Wear checks,,,,19/03/2024 10:07,19/03/2024 10:37,0.5,Planned Maint.,Buoy Body,Closed,,,ABB_Offshore,DPR 2604,2024-03 (Mar),P2 - Medium,,March,2024
19/03/2024 10:07,WO-CBM_100090,ABB,CMB System for Planned Maint.,ABB - Weekly Buoy Hooks GVI & Lubrication,,,,19/03/2024 10:07,19/03/2024 10:37,0.5,Planned Maint.,Buoy Body,Closed,,,ABB_Offshore,DPR 2604,2024-03 (Mar),P2 - Medium,,March,2024
19/03/2024 10:07,WO-CBM_100091,ABB,CMB System for Planned Maint.,ABB - Weekly Buoys Freeboard/Draft GVI,,,,19/03/2024 10:07,19/03/2024 10:37,0.5,Planned Maint.,Buoy Body,Closed,,,ABB_Offshore,DPR 2604,2024-03 (Mar),P2 - Medium,,March,2024
19/03/2024 10:07,WO-CBM_100096,ABB,CMB System for Planned Maint.,ABB – Pre-Berthing checks,,19/03/2024,,19/03/2024 10:07,19/03/2024 10:37,0.5,Inspection,Mooring System,Closed,,,ABB_Offshore,DPR 2604,2024-03 (Mar),P1 - High,,March,2024
18/03/2024 12:00,WO-SPM_100104,SPM-AE-BY-02,CALM Buoy - CO760,SPM – Weekly Central Swivel Greasing and GVI,,,,18/03/2024 12:00,18/03/2024 13:00,1,Planned Maint.,Swivel System,Closed,,,SPM_Offshore,DPR 2603,2024-03 (Mar),P2 - Medium,,March,2024
18/03/2024 12:00,WO-SPM_100105,SPM-AE-BY-02,CALM Buoy - CO760,SPM – Weekly Main Bearing Greasing,,,,18/03/2024 12:00,18/03/2024 13:00,1,Planned Maint.,Lubrication System,Closed,,,SPM_Offshore,DPR 2603,2024-03 (Mar),P2 - Medium,,March,2024
18/03/2024 12:00,WO-SPM_100106,SPM-AE-BY-02,CALM Buoy - CO760,SPM – Weekly Solar Panels GVI and cleaning,,,,18/03/2024 12:00,18/03/2024 13:00,1,Planned Maint.,NavAids & Power,Closed,,,SPM_Offshore,DPR 2603,2024-03 (Mar),P2 - Medium,,March,2024
18/03/2024 12:00,WO-SPM_100103,SPM-AE-BY-02,CALM Buoy - CO760,SPM – Weekly Buoy Freeboard/Draft GVI,,,,18/03/2024 12:00,18/03/2024 13:00,1,Planned Maint.,Buoy Body,Closed,,,SPM_Offshore,DPR 2603,2024-03 (Mar),P2 - Medium,,March,2024
18/03/2024 10:30,WO-SPM_CBM_100013,ABB/SPM_Onshore,Onshore ABB_SPM System for Planned Maintenance,Weekly Servitude Walk/Pipeline Inspection,,,,18/03/2024 10:30,18/03/2024 12:05,1.583333333,Planned Maint.,Piping,Closed,,,ABB_SPM_Onshore,,2024-03 (Mar),P2 - Medium,,March,2024
18/03/2024 09:41,WO-W_SHOP_100025,Genset-01,Generator- Megapower,Weekly Inspection,,,,18/03/2024 09:41,18/03/2024 10:10,0.483333333,Planned Maint.,Engine,Closed,,,W_Shop,,2024-03 (Mar),P2 - Medium,,March,2024
18/03/2024 08:50,WO-W_SHOP_100024,COMP-01,Air Compressor - KOTECH,Weekly Inspection,,,,18/03/2024 08:50,18/03/2024 09:20,0.5,Planned Maint.,Engine,Closed,,,W_Shop,,2024-03 (Mar),P2 - Medium,,March,2024
18/03/2024 06:00,WO-SPM-CBM_100009-1,ABB/SPM_Onshore,Onshore ABB_SPM System for Planned Maintenance,Monthly Cathodic protection potential measurement,,,,18/03/2024 06:00,18/03/2024 06:00,0,Planned Maint.,Cathodic Protection,Cancelled,,,ABB_SPM_Onshore,,2024-03 (Mar),P2 - Medium,,March,2024
17/03/2024 07:45,WO-CBM_100095,ABB,CMB System for Planned Maint.,"ABB - Pre-Berthing checks
- UKP Bush checks.
- UKP bush & hook lubrication.",,17/03/2024,,17/03/2024 07:45,17/03/2024 08:06,0.35,Inspection,Mooring System,Closed,,,ABB_Offshore,DPR 2602,2024-03 (Mar),P1 - High,,March,2024
16/03/2024 08:00,WO-JET_200015,Oil-Jetty,Oil Jetty System for Planned Maintenance,"Application of cold bonding to three distinct leakage points on the (2nos) 10-inch pipeline and (1no) 8-inch link pipeline, executed by I-Neema.",12/02/2024,,,16/03/2024 08:00,16/03/2024 18:00,10,Planned Corrective Maint.,Piping,Closed - Was Backlog,Leak,Cold Bonding,Oil_Jetty,,2024-03 (Mar),P2 - Medium,,March,2024
15/03/2024 13:00,WO-JET_200016,JET-10-PL-WHT-200,"10"" Products Pipeline","Leakages were observed in the 10-inch pipeline at two distinct points in proximity to each other. One leakage was identified on an expansion joint located at the 6 o'clock position, exhibiting a frequency of one drop per minute. This location is situated before the main entrance gate of the Jetty.

Replaced 10-inch pipeline expansion joint with a fabricated spool piece.
Fabrication of spool piece by TOR. GPMS supplied two 10-inch 300lb welded neck flange.",12/02/2024,,,15/03/2024 13:00,15/03/2024 18:30,5.5,Planned Corrective Maint.,Piping,Closed - Was Backlog,Leak,Replaced,Oil_Jetty,,2024-03 (Mar),P2 - Medium,,March,2024
14/03/2024 11:00,WO-W_SHOP_200005,GPMS-W-SHOP,GPMS Maintenance Workshop & Warehouse,"Relocate 18-inch, 12m spool piece from GOA valve station to workshop.",,,,14/03/2024 11:00,14/03/2024 14:00,3,Planned Corrective Maint.,Piping,Closed,,Removed,W_Shop,,2024-03 (Mar),P3 - Low,,March,2024
14/03/2024 06:25,WO-CBM_100094,ABB,CMB System for Planned Maint.,Pre-Berthing Checks.,14/03/2024,14/03/2024,,14/03/2024 06:25,14/03/2024 08:35,2.166666667,Inspection,Mooring System,Closed,,,ABB_Offshore,DPR 2599,2024-03 (Mar),P1 - High,,March,2024
13/03/2024 13:00,WO-SPM_100102,SPM-AE-BY-01,CALM Buoy - SO17190,Visual Inspection and greasing of main roller bearing of SPM1 at Tema Port,,13/03/2024,,13/03/2024 13:00,13/03/2024 14:00,1,Inspection,Buoy Body,Closed,,,SPM_Offshore,,2024-03 (Mar),P2 - Medium,,March,2024
13/03/2024 10:50,WO-SPM_100097,SPM-AE-BY-02,CALM Buoy - CO760,SPM – Weekly Central Swivel Greasing and GVI,,,,13/03/2024 10:50,13/03/2024 10:55,0.083333333,Planned Maint.,Swivel System,Closed,,,SPM_Offshore,DPR 2598,2024-03 (Mar),P2 - Medium,,March,2024
13/03/2024 10:50,WO-SPM_100098,SPM-AE-BY-02,CALM Buoy - CO760, SPM – Weekly Main Bearing Greasing,,,,13/03/2024 10:50,13/03/2024 10:55,0.083333333,Planned Maint.,Lubrication System,Closed,,,SPM_Offshore,DPR 2598,2024-03 (Mar),P2 - Medium,,March,2024
13/03/2024 10:50,WO-SPM_100099,SPM-AE-BY-02,CALM Buoy - CO760,SPM – Weekly Solar Panels GVI and cleaning,,,,13/03/2024 10:50,13/03/2024 10:55,0.083333333,Planned Maint.,NavAids & Power,Closed,,,SPM_Offshore,DPR 2598,2024-03 (Mar),P2 - Medium,,March,2024
13/03/2024 10:50,WO-SPM_100100,SPM-AE-BY-02,CALM Buoy - CO760,SPM - Monthly Soundings,,,,13/03/2024 10:50,13/03/2024 10:55,0.083333333,Planned Maint.,Buoy Body,Closed,,,SPM_Offshore,DPR 2598,2024-03 (Mar),P2 - Medium,,March,2024
13/03/2024 10:30,WO-JET_100010,Oil-Jetty,Oil Jetty System for Planned Maintenance,Monthly Valve Inspection,,,,13/03/2024 10:30,13/03/2024 11:15,0.75,Planned Maint.,Valve,Closed,,,Oil_Jetty,,2024-03 (Mar),P2 - Medium,,March,2024
13/03/2024 10:30,WO-JET_100011,Oil-Jetty,Oil Jetty System for Planned Maintenance,Monthly Sump and Sump Pipeline Inspection,,,,13/03/2024 10:30,13/03/2024 11:15,0.75,Planned Maint.,Piping,Closed,,,Oil_Jetty,,2024-03 (Mar),P2 - Medium,,March,2024
12/03/2024 10:06,WO-CBM_200020,ABB,CMB System for Planned Maint., ABB – Install new Samson hang offline on Sierra chain.,,,,12/03/2024 10:06,12/03/2024 10:55,0.816666667,Planned Corrective Maint.,Anchoring System,Closed,,Replaced,ABB_Offshore,DPR 2597,2024-03 (Mar),P2 - Medium,,March,2024
12/03/2024 08:55,WO-SPM_100101,SPM-AE-BY-02,CALM Buoy - CO760,"SPM - Bi-Weekly Turntable Rotation & Locking Pins, Guides and Brakes",,,,12/03/2024 08:55,12/03/2024 09:45,0.833333333,Planned Maint.,Buoy Body,Closed,,,SPM_Offshore,DPR 2597,2024-03 (Mar),P2 - Medium,,March,2024
12/03/2024 08:30,WO-SPM_100096,SPM-AE-BY-02,CALM Buoy - CO760, SPM – Weekly Buoy Freeboard/Draft GVI,,,,12/03/2024 08:30,12/03/2024 08:43,0.216666667,Planned Maint.,Buoy Body,Closed,,,SPM_Offshore,DPR 2597,2024-03 (Mar),P2 - Medium,,March,2024
11/03/2024 10:30,WO-SPM-CBM_100012,ABB/SPM_Onshore,Onshore ABB_SPM System for Planned Maintenance,Weekly Servitude Walk,,,,11/03/2024 10:30,11/03/2024 12:05,1.583333333,Planned Maint.,Piping,Closed,,,ABB_SPM_Onshore,,2024-03 (Mar),P2 - Medium,,March,2024
11/03/2024 09:41,WO-W_SHOP_100021,Genset-01,Generator- Megapower,Weekly Inspection,,,,11/03/2024 09:41,11/03/2024 10:10,0.483333333,Planned Maint.,Engine,Closed,,,W_Shop,,2024-03 (Mar),P2 - Medium,,March,2024
11/03/2024 08:50,WO-W_SHOP_100022,COMP-01,Air Compressor - KOTECH,Weekly Inspection,,,,11/03/2024 08:50,11/03/2024 09:20,0.5,Planned Maint.,Engine,Closed,,,W_Shop,,2024-03 (Mar),P2 - Medium,,March,2024
11/03/2024 06:42,WO-CBM_100087,ABB,CMB System for Planned Maint.,ABB - Weekly Bush Wear checks,,,,11/03/2024 06:42,11/03/2024 07:36,0.9,Planned Maint.,Lubrication System,Closed,,,ABB_Offshore,DPR 2596,2024-03 (Mar),P2 - Medium,,March,2024
11/03/2024 06:42,WO-CBM_100086,ABB,CMB System for Planned Maint.,ABB - Weekly Buoys Freeboard/Draft GVI,,,,11/03/2024 06:42,11/03/2024 07:36,0.9,Planned Maint.,Buoy Body,Closed,,,ABB_Offshore,DPR 2596,2024-03 (Mar),P2 - Medium,,March,2024
11/03/2024 06:42,WO-CBM_100085,ABB,CMB System for Planned Maint.,ABB - Weekly Buoy Hooks GVI & Lubrication,,,,11/03/2024 06:42,11/03/2024 07:36,0.9,Planned Maint.,Buoy Body,Closed,,,ABB_Offshore,DPR 2596,2024-03 (Mar),P2 - Medium,,March,2024
11/03/2024 06:42,WO-CBM_100089,ABB,CMB System for Planned Maint.,Pre-berthing Checks,,11/03/2024,,11/03/2024 06:42,11/03/2024 08:34,1.866666667,Inspection,Mooring System,Closed,,,ABB_Offshore,DPR 2596,2024-03 (Mar),P1 - High,,March,2024
07/03/2024 15:03,WO-CBM_100080,ABB,CMB System for Planned Maint.,"ABB - Monthly Mooring buoy Pins, Swivel & Touchdown 
area on Chain GVI",,,,07/03/2024 15:03,07/03/2024 15:39,0.6,Planned Maint.,Anchoring System,Closed,,,ABB_Offshore,DPR 2592,2024-03 (Mar),P2 - Medium,,March,2024
07/03/2024 12:28,WO-CBM_100079,ABB,CMB System for Planned Maint.,ABB - Monthly Buoy Body GVI and Cleaning,,,,07/03/2024 12:28,07/03/2024 14:53,2.416666667,Planned Maint.,Buoy Body,Closed,,,ABB_Offshore,DPR 2592,2024-03 (Mar),P2 - Medium,,March,2024
07/03/2024 12:28,WO-CBM_100088,ABB,CMB System for Planned Maint.,Pre-Berthing Checks - ABB04 (Charlie Position) Bush Replacement,,07/03/2024,,07/03/2024 12:28,07/03/2024 14:53,2.416666667,Inspection,Buoy Body,Closed,Worn,Replaced,ABB_Offshore,DPR 2592,2024-03 (Mar),P1 - High,,March,2024
07/03/2024 09:30,WO-JET_100008,Oil-Jetty,Oil Jetty System for Planned Maintenance,Bi-weekly Servitude Walk/Pipeline Inspection,,,,07/03/2024 09:30,07/03/2024 12:15,2.75,Planned Maint.,Piping,Closed,,,Oil_Jetty,,2024-03 (Mar),P2 - Medium,,March,2024
06/03/2024 13:08,WO-SPM_100093,SPM-AE-BY-02,CALM Buoy - CO760,SPM - Yearly Anchors & Piles,,,,06/03/2024 13:08,12/03/2024 08:43,139.5833333,Planned Maint.,Anchoring System,Closed,,,SPM_Offshore,"DPR 2591,92,93,94,95,97/ SPM Report 234/235/236/237/238/239",2024-03 (Mar),P2 - Medium,SPM Report,March,2024
06/03/2024 09:00,WO-JET_200016-1,Oil-Jetty,Oil Jetty System for Planned Maintenance,Jetty Pipelines Expansion Joints Survey,,07/03/2024,,07/03/2024 09:00,07/03/2024 11:00,2,Inspection,Piping,Closed,,,Oil_Jetty,,2024-03 (Mar),P3 - Low,,March,2024
06/03/2024 08:10,WO-SPM_100092,SPM-AE-BY-02,CALM Buoy - CO760,"SPM - Monthly Inspection of Mooring Bridle/Bridle 
Platform, Hawser & other Acc. GVI",,,,06/03/2024 08:10,06/03/2024 11:45,3.583333333,Planned Maint.,Mooring System,Closed,,,SPM_Offshore,DPR 2591,2024-03 (Mar),P2 - Medium,,March,2024
06/03/2024 08:10,WO-SPM_100090,SPM-AE-BY-02,CALM Buoy - CO760,SPM – Weekly Main Bearing Greasing,,,,06/03/2024 08:10,06/03/2024 11:45,3.583333333,Planned Maint.,Lubrication System,Closed,,,SPM_Offshore,DPR 2591,2024-03 (Mar),P2 - Medium,,March,2024
06/03/2024 08:10,WO-SPM_100089,SPM-AE-BY-02,CALM Buoy - CO760,SPM – Weekly Central Swivel Greasing and GVI,,,,06/03/2024 08:10,06/03/2024 11:45,3.583333333,Planned Maint.,Lubrication System,Closed,,,SPM_Offshore,DPR 2591,2024-03 (Mar),P2 - Medium,,March,2024
06/03/2024 08:10,WO-SPM_100094,SPM-AE-BY-02,CALM Buoy - CO760,SPM – Weekly Solar Panels GVI and cleaning,,,,06/03/2024 08:10,06/03/2024 11:45,3.583333333,Planned Maint.,NavAids & Power,Closed,,,SPM_Offshore,DPR 2591,2024-03 (Mar),P2 - Medium,,March,2024
06/03/2024 08:10,WO-SPM_100071,SPM-AE-BY-02,CALM Buoy - CO760,SPM - Quarterly Touch Up Painting,,,,06/03/2024 08:10,06/03/2024 11:45,3.583333333,Planned Maint.,Buoy Body,Closed,,,SPM_Offshore,DPR 2591,2024-03 (Mar),P2 - Medium,,March,2024
06/03/2024 06:00,WO-SPM_100076,SPM-AE-BY-02,CALM Buoy - CO760,SPM - Bi-weekly Lifting Equipment GVI & Lubrication - not on system,,,,06/03/2024 06:00,06/03/2024 06:00,0,Planned Maint.,Lubrication System,Cancelled,,,SPM_Offshore,,2024-03 (Mar),P2 - Medium,,March,2024
06/03/2024 06:00,WO-JET_100009,JET-10-PL-WHT-200,"10"" Products Pipeline","Install clamp on leak point on the 10-inch pipeline near jetty first gate.
The decision was made to rather perform cold bonding repair.",,,,06/03/2024 06:00,06/03/2024 06:00,0,Planned Corrective Maint.,Piping,Closed,Leak,Inspected,Oil_Jetty,,2024-03 (Mar),P2 - Medium,,March,2024
06/03/2024 06:00,WO-JET_200013,JET-8-PL-WHT-200,"8"" Products Pipeline","Replace existing clamp with a new 8-inch clamp at link pipeline leak point.

The leak reoccurred on Friday 22/02/2024. GPMS maintenance team were at the Jetty with I-NEEMA GH LTD to inspect the clamped area on the 8"" pipeline at the Jetty platform.  

The decision was made to rather perform cold bonding.",23/02/2024,,,06/03/2024 10:00,06/03/2024 12:00,2,Planned Corrective Maint.,Piping,Closed,Leak,Inspected,Oil_Jetty,,2024-03 (Mar),P2 - Medium,,March,2024
05/03/2024 13:00,WO-SPM_100088,SPM-AE-BY-02,CALM Buoy - CO760,SPM – Weekly Buoy Freeboard/Draft GVI,,,,05/03/2024 13:00,05/03/2024 13:30,0.5,Planned Maint.,Buoy Body,Closed,,,SPM_Offshore,DPR 2590,2024-03 (Mar),P2 - Medium,,March,2024
05/03/2024 10:45,WO-SPM-CBM_100011,ABB/SPM_Onshore,Onshore ABB_SPM System for Planned Maintenance,Weekly Servitude Walk/Pipeline Inspection,,,,05/03/2024 10:45,05/03/2024 12:30,1.75,Planned Maint.,Piping,Closed,,,ABB_SPM_Onshore,,2024-03 (Mar),P2 - Medium,,March,2024
05/03/2024 07:30,WO-SPM_100091,SPM-FT-BY-02,CALM Buoy - CO760 Cargo transfer System,SPM - Monthly Hose Pick Up Equipment GVI,,,,05/03/2024 07:30,05/03/2024 08:30,1,Planned Maint.,Hoisting & Lifting,Closed,,,SPM_Offshore,DPR 2590,2024-03 (Mar),P2 - Medium,,March,2024
04/03/2024 09:36,WO-CBM_100076,ABB,CMB System for Planned Maint.,ABB - Weekly Buoy Hooks GVI & Lubrication,,,,04/03/2024 09:36,04/03/2024 10:24,0.8,Planned Maint.,Lubrication System,Closed,,,ABB_Offshore,DPR 2589,2024-03 (Mar),P2 - Medium,,March,2024
04/03/2024 09:36,WO-CBM_100078,ABB,CMB System for Planned Maint.,ABB - Weekly Bush Wear checks,,,,04/03/2024 09:36,04/03/2024 10:24,0.8,Planned Maint.,Buoy Body,Closed,,,ABB_Offshore,DPR 2589,2024-03 (Mar),P2 - Medium,,March,2024
04/03/2024 09:36,WO-CBM_100077,ABB,CMB System for Planned Maint.,ABB - Weekly Buoys Freeboard/Draft GVI,,,,04/03/2024 09:36,04/03/2024 10:24,0.8,Planned Maint.,Buoy Body,Closed,,,ABB_Offshore,DPR 2589,2024-03 (Mar),P2 - Medium,,March,2024
04/03/2024 09:30,WO-W_SHOP_100019,COMP-01,Air Compressor - KOTECH,Weekly Inspection,,,,04/03/2024 09:30,04/03/2024 10:00,0.5,Planned Maint.,Engine,Closed,,,W_Shop,,2024-03 (Mar),P2 - Medium,,March,2024
04/03/2024 09:10,WO-W_SHOP_100020,Genset-01,Generator- Megapower,Weekly Inspection,,,,04/03/2024 09:10,04/03/2024 09:40,0.5,Planned Maint.,Engine,Closed,,,W_Shop,,2024-03 (Mar),P2 - Medium,,March,2024
04/03/2024 08:16,WO-CBM_100081,ABB-FT-HS-01,ABB Submarine Hose Assembly,"ABB - Monthly Hose Pick Up Equipment & End Fittings 
GVI",,,,04/03/2024 08:16,04/03/2024 08:50,0.566666667,Planned Maint.,Hose,Closed,,,ABB_Offshore,DPR 2589,2024-03 (Mar),P2 - Medium,,March,2024
04/03/2024 08:16,WO-CBM_100084,ABB,CMB System for Planned Maint.,Pre-Berthing Checks.,,04/03/2024,,04/03/2024 08:16,04/03/2024 10:24,2.133333333,Inspection,Mooring System,Closed,,,ABB_Offshore,DPR 2589,2024-03 (Mar),P1 - High,,March,2024
02/03/2024 06:42,WO-CBM_100082,ABB,CMB System for Planned Maint.,"ABB – Pre-Berthing Checks c/w 
- UKP Bush Checks.
- Hook & Bush Lubrication.",03/03/2024,02/03/2024,,02/03/2024 06:42,02/03/2024 08:40,1.966666667,Inspection,Buoy Body,Closed,,,ABB_Offshore,DPR 2587,2024-03 (Mar),P1 - High,,March,2024
01/03/2024 08:19,WO-SPM_200025,SPM-ME-CH-01,SPM Mooring Chain,MGR from SPM Mooring Chains: # 4,01/03/2024,,,01/03/2024 10:00,30/03/2024 07:32,693.5333333,Planned Corrective Maint.,Anchoring System,Closed,Aquatic Exposure,Removed,SPM_Offshore,"DPR 2586,98,2600,01,03,05,06,07,09,10,12,13,15",2024-03 (Mar),P2 - Medium,,March,2024
01/03/2024 08:00,WO-CBM_100070,ABB-FT-HS-01,ABB Submarine Hose Assembly,ABB – Monthly GVI above water Hoses,,,,01/03/2024 08:00,01/03/2024 08:30,0.5,Planned Maint.,Floating Hose,Closed,,,ABB_Offshore,DPR 2586,2024-03 (Mar),P2 - Medium,,March,2024
29/02/2024 09:50,WO-SPM_100080,SPM-AE-BY-02,CALM Buoy - CO760,SPM – Monthly Fluid Swivel GVI,,,,29/02/2024 09:50,29/02/2024 10:37,0.783333333,Planned Maint.,Swivel System,Closed,,,SPM_Offshore,DPR 2585,2024-02 (Feb),P2 - Medium,,February,2024
29/02/2024 09:50,WO-SPM_100079,SPM-AE-BY-02,CALM Buoy - CO760,SPM – Monthly Torque Arm GVI,,,,29/02/2024 09:50,29/02/2024 10:37,0.783333333,Planned Maint.,Swivel System,Closed,,,SPM_Offshore,DPR 2585,2024-02 (Feb),P2 - Medium,,February,2024
29/02/2024 09:50,WO-SPM_100073,SPM-AE-BY-02,CALM Buoy - CO760,SPM – Weekly Central Swivel Greasing and GVI,,,,29/02/2024 09:50,29/02/2024 10:37,0.783333333,Planned Maint.,Swivel System,Closed,,,SPM_Offshore,DPR 2585,2024-02 (Feb),P2 - Medium,,February,2024
29/02/2024 09:50,WO-SPM_100085,SPM-AE-BY-02,CALM Buoy - CO760,SPM – Weekly Solar Panels GVI and cleaning,,,,29/02/2024 09:50,29/02/2024 10:37,0.783333333,Planned Maint.,NavAids & Power,Closed,,,SPM_Offshore,DPR 2585,2024-02 (Feb),P2 - Medium,,February,2024
29/02/2024 09:50,WO-SPM_100082,SPM-AE-BY-02,CALM Buoy - CO760,SPM – Monthly Expansion Joint GVI,,,,29/02/2024 09:50,29/02/2024 10:37,0.783333333,Planned Maint.,Buoy Body,Closed,,,SPM_Offshore,DPR 2585,2024-02 (Feb),P2 - Medium,,February,2024
29/02/2024 09:50,WO-SPM_100074,SPM-AE-BY-02,CALM Buoy - CO760,SPM – Weekly Main Bearing Greasing,,,,29/02/2024 09:50,29/02/2024 10:37,0.783333333,Planned Maint.,Buoy Body,Closed,,,SPM_Offshore,DPR  2585,2024-02 (Feb),P2 - Medium,,February,2024
29/02/2024 08:35,WO-CBM_200017,ABB-PLEM-BY-01,PLEM Marker Buoy Assy, Replace Samson hang offline on ABB PLEM buoy,29/02/2024,,,29/02/2024 08:35,29/02/2024 09:43,1.133333333,Planned Corrective Maint.,Buoy Body,Closed,,Replaced,ABB_Offshore,DPR 2585,2024-02 (Feb),P2 - Medium,,February,2024
29/02/2024 08:22,WO-SPM_200039,SPM-FT-HS-01,SPM Hose String Assembly (Floating/Submarine),MGR on SPM West hose floatation collars,29/02/2024,,,29/02/2024 10:48,29/02/2024 14:29,3.683333333,Planned Corrective Maint.,Submarine Hose,Closed,Aquatic Exposure,Removed,SPM_Offshore, DPR 2585,2024-02 (Feb),P2 - Medium,,February,2024
28/02/2024 12:00,WO-JET_200014,Oil-Jetty,Oil Jetty System for Planned Maintenance,Repair clogged Oil Jetty Sampling Tray,,,,28/02/2024 12:00,28/02/2024 12:45,0.75,Planned Corrective Maint.,Piping,Closed,Blockage,,Oil_Jetty,,2024-02 (Feb),P2 - Medium,,February,2024
28/02/2024 10:00,WO1153,JET-14-PL-WHT-400,"14"" Products Pipeline","Upon inspection, noticeable moisture was detected around the clamped section of the 14"" pipeline at the interconnection joint, where a previous leak had been addressed.",22/02/2024,30/03/2024,,,,,Inspection,Piping,Backlog,Leak,,Oil_Jetty,,2024-02 (Feb),P2 - Medium,,February,2024
28/02/2024 09:30,WO-JET_100006,Oil-Jetty,Oil Jetty System for Planned Maintenance,Bi-weekly Servitude Walk/Pipeline Inspection,,,,28/02/2024 09:30,28/02/2024 13:00,3.5,Planned Maint.,Piping,Closed,,,Oil_Jetty,,2024-02 (Feb),P2 - Medium,,February,2024
28/02/2024 06:41,WO-CBM_100071,ABB-FT-HS-01,ABB Submarine Hose Assembly,ABB – Monthly Subsea Hoses,,,,28/02/2024 06:41,28/02/2024 07:11,0.5,Planned Maint.,Submarine Hose,Closed,,,ABB_Offshore,DPR 2584,2024-02 (Feb),P2 - Medium,,February,2024
28/02/2024 06:41,WO-CBM_200015,ABB-FT-HS-01,ABB Submarine Hose Assembly,MGR & GVI Cargo,28/02/2024,,,28/02/2024 06:41,28/02/2024 07:11,0.5,Planned Corrective Maint.,Submarine Hose,Closed,Aquatic Exposure,Removed,ABB_Offshore,DPR 2584,2024-02 (Feb),P2 - Medium,,February,2024
28/02/2024 06:41,WO-CBM_100083,ABB,CMB System for Planned Maint.," Pre-Berthing checks

-UKP bush checks.
- Hook & pins lubrication.",28/02/2024,28/02/2024,,28/02/2024 06:41,28/02/2024 08:38,1.95,Inspection,Mooring System,Closed,,,ABB_Offshore,DPR 2584,2024-02 (Feb),P1 - High,,February,2024
27/02/2024 17:10,WO-JET_200012,JET-10-PL-WHT-200,"10"" Products Pipeline","Leakage observed on the 10"" pipeline at the VALCO wharf at the 6 O'clock position.

The section of the pipeline was clamped.",27/02/2024,,,27/02/2024 17:10,27/02/2024 18:20,1.166666667,Unplanned Corrective Maint.,Piping,Closed,Leak,Clamped,Oil_Jetty,,2024-02 (Feb),P1 - High,,February,2024
27/02/2024 09:30,WO-SPM_100087,SPM-FT-HS-01,SPM Hose String Assembly (Floating/Submarine),Monthly Hoses GVI,,,,27/02/2024 09:30,01/03/2024 09:45,72.25,Planned Maint.,Submarine Hose,Closed,,,SPM_Offshore,DPR 2583 & 2586,2024-03 (Mar),P2 - Medium,,February,2024
27/02/2024 09:30,WO-SPM_100075,SPM-FT-HS-01,SPM Hose String Assembly (Floating/Submarine),SPM - Monthly Cleaning of Floating Hoses & Underwater Hoses (Chinese Lantern),,,,27/02/2024 09:30,05/03/2024 12:00,170.5,Planned Maint.,Submarine Hose,Closed,,,SPM_Offshore,"DPR 2583, 2587 & 2589",2024-03 (Mar),P2 - Medium,,February,2024
27/02/2024 09:30,WO-SPM_100083,SPM-AE-BY-02,CALM Buoy - CO760,SPM – Monthly PLEM Valves operation,,,,27/02/2024 09:30,27/02/2024 09:59,0.483333333,Planned Maint.,PLEM Piping and Structure,Closed,,,SPM_Offshore,DPR 2583,2024-02 (Feb),P2 - Medium,,February,2024
27/02/2024 08:10,WO-SPM_100081,SPM-AE-BY-02,CALM Buoy - CO760,SPM – Monthly Top Side Valve Operations,,,,27/02/2024 08:10,27/02/2024 09:20,1.166666667,Planned Maint.,Valve,Closed,,,SPM_Offshore,DPR 2583,2024-02 (Feb),P2 - Medium,,February,2024
27/02/2024 08:10,WO-SPM_100077,SPM-AE-BY-02,CALM Buoy - CO760,"SPM - Bi-Weekly Turntable Rotation & Locking Pins, Guides and Brakes",,,,27/02/2024 08:10,27/02/2024 09:20,1.166666667,Planned Maint.,Buoy Body,Closed,,,SPM_Offshore,DPR 2583,2024-02 (Feb),P2 - Medium,,February,2024
27/02/2024 08:10,WO-SPM_100072,SPM-AE-BY-02,CALM Buoy - CO760,SPM – Weekly Buoy Freeboard/Draft GVI,,,,27/02/2024 08:10,27/02/2024 09:20,1.166666667,Planned Maint.,Buoy Body,Closed,,,SPM_Offshore,DPR 2583,2024-02 (Feb),P2 - Medium,,February,2024
26/02/2024 11:00,WO-SPM-CBM_100010,ABB/SPM_Onshore,Onshore ABB_SPM System for Planned Maintenance,Weekly Servitude Walk,,,,26/02/2024 11:00,26/02/2024 13:00,2,Planned Maint.,Piping,Closed,,,ABB_SPM_Onshore,,2024-02 (Feb),P2 - Medium,,February,2024
26/02/2024 09:30,WO-W_SHOP 100017,COMP-01,Air Compressor - KOTECH,Monthly Inspection,,,,26/02/2024 09:30,26/02/2024 10:00,0.5,Planned Maint.,Engine,Closed,,,W_Shop,,2024-02 (Feb),P2 - Medium,,February,2024
26/02/2024 09:30,WO-W_SHOP 100018,GPMS-W-SHOP,GPMS Maintenance Workshop & Warehouse,"Fabricate 2x 8"" dia. pipe brackets & 4x 10"" dia. pipe brackets.",,,,26/02/2024 09:30,18/03/2024 10:00,504.5,Planned Improvement,Piping Support,Closed,,Fabricate,W_Shop,,2024-03 (Mar),P3 - Low,,February,2024
26/02/2024 08:30,WO-W_SHOP_100016,Genset-01,Generator- Megapower,Monthly Inspection,,,,26/02/2024 08:30,26/02/2024 09:00,0.5,Planned Maint.,Engine,Closed,,,W_Shop,,2024-02 (Feb),P2 - Medium,,February,2024
26/02/2024 06:41,WO-CBM_100072,ABB-FT-V-1803,ABB PLEM Valve,ABB – Monthly PLEM Valve operation,,,,26/02/2024 06:41,26/02/2024 08:56,2.25,Planned Maint.,Valve,Closed,,,ABB_Offshore,DPR 2582,2024-02 (Feb),P2 - Medium,,February,2024
26/02/2024 06:41,WO-CBM_100067,ABB,CMB System for Planned Maint.,ABB - Weekly Buoy Hooks GVI & Lubrication,,,,26/02/2024 06:41,26/02/2024 08:56,2.25,Planned Maint.,Lubrication System,Closed,,,ABB_Offshore,DPR 2582,2024-02 (Feb),P2 - Medium,,February,2024
26/02/2024 06:41,WO-CBM_100069,ABB,CMB System for Planned Maint.,"ABB - Weekly Bush Wear checks
Pre-Berthing Checks",,,,26/02/2024 06:41,26/02/2024 08:56,2.25,Planned Maint.,Buoy Body,Closed,,,ABB_Offshore,DPR 2582,2024-02 (Feb),P2 - Medium,,February,2024
26/02/2024 06:41,WO-CBM_100068,ABB,CMB System for Planned Maint.,ABB - Weekly Buoys Freeboard/Draft GVI,,,,26/02/2024 06:41,26/02/2024 08:56,2.25,Planned Maint.,Buoy Body,Closed,,,ABB_Offshore,DPR 2582,2024-02 (Feb),P2 - Medium,,February,2024
25/02/2024 09:48,WO-SPM_100078,SPM-AE-BY-02,CALM Buoy - CO760,SPM - Quarterly Chain Angles Measurement,,,,25/02/2024 09:48,25/02/2024 10:12,0.4,Planned Maint.,Anchoring System,Closed,,,SPM_Offshore,DPR 2581 / SPM Report 233,2024-02 (Feb),P2 - Medium,SPM Report,February,2024
24/02/2024 10:35,WO-SPM_200041,SPM-AE-BY-02,CALM Buoy - CO760,Fishing net removal from SPM body and skirt.,24/02/2024,,,24/02/2024 10:35,24/02/2024 10:40,0.083333333,Planned Corrective Maint.,Buoy Body,Closed,Marine Fouling / Foreign Object,Removed,SPM_Offshore,DPR 2580,2024-02 (Feb),P2 - Medium,,February,2024
24/02/2024 08:00,WO-SPM_200042,SPM-AE-BY-02,CALM Buoy - CO760,Install 3 winker lights on SPM Floating hose,24/02/2024,,,24/02/2024 08:00,24/02/2024 10:30,2.5,Planned Corrective Maint.,Floating Hose,Closed,Faulty,Replaced,SPM_Offshore,DPR 2580,2024-02 (Feb),P2 - Medium,,February,2024
24/02/2024 07:30,WO-SPM_100084,SPM-AE-BY-02,CALM Buoy - CO760,SPM - Monthly Navigation Aids,,,,24/02/2024 07:30,24/02/2024 08:30,1,Planned Maint.,NavAids & Power,Closed,,,SPM_Offshore,DPR 2580,2024-02 (Feb),P2 - Medium,,February,2024
23/02/2024 11:19,WO-SPM_100068,SPM-AE-BY-02,CALM Buoy - CO760,SPM – Weekly Central Swivel Greasing and GVI,,,,23/02/2024 11:19,23/02/2024 12:00,0.683333333,Planned Maint.,Swivel System,Closed,,,SPM_Offshore,DPR 2579,2024-02 (Feb),P2 - Medium,,February,2024
23/02/2024 11:19,WO-SPM_100069,SPM-AE-BY-02,CALM Buoy - CO760,SPM – Weekly Main Bearing Greasing,,,,23/02/2024 11:19,23/02/2024 12:00,0.683333333,Planned Maint.,Lubrication System,Closed,,,SPM_Offshore,DPR 2579,2024-02 (Feb),P2 - Medium,,February,2024
23/02/2024 11:19,WO-SPM_100070,SPM-AE-BY-02,CALM Buoy - CO760,SPM – Weekly Solar Panels GVI and cleaning,,,,23/02/2024 11:19,23/02/2024 12:00,0.683333333,Planned Maint.,NavAids & Power,Closed,,,SPM_Offshore,DPR 2579,2024-02 (Feb),P2 - Medium,,February,2024
23/02/2024 11:19,WO-SPM_100067,SPM-AE-BY-02,CALM Buoy - CO760,SPM – Weekly Buoy Freeboard/Draft GVI,,,,23/02/2024 11:19,23/02/2024 12:00,0.683333333,Planned Maint.,Buoy Body,Closed,,,SPM_Offshore,DPR 2579,2024-02 (Feb),P2 - Medium,,February,2024
22/02/2024 15:15,WO-JET_200011,JET-8-PL-WHT-200,"8"" Products Pipeline","Leakage reoccurred at the previously clamped section of the 8-inch link pipeline, which connects the 14-inch and the 10-inch pipelines. 

The clamp was removed, the padding beneath it was adjusted for better sealing, and then the clamp was retightened to ensure a secure fit",22/02/2024,,,22/02/2024 15:15,22/02/2024 16:30,1.25,Breakdown,Piping,Closed,Leak,Clamped,Oil_Jetty,,2024-02 (Feb),P1 - High,,February,2024
22/02/2024 09:20,WO-JET_200010,JET-10-PL-WHT-200,"10"" Products Pipeline","The TOR Security team observed a leakage on the 10-inch pipeline beneath the VALCO Bridge on the main road to Newtown, which was attributed to the failure of an Ineema cold bonding patch that had exceeded its service life. The compromised patch has been removed, the affected surface has been prepared, and the section has been securely clamped",22/02/2024,,,22/02/2024 09:20,22/02/2024 10:42,1.366666667,Breakdown,Piping,Closed,Leak,Clamped,Oil_Jetty,,2024-02 (Feb),P1 - High,,February,2024
22/02/2024 07:55,WO-CBM_100074,ABB,CMB System for Planned Maint.,"Anchor Holding Points.
Done during ABB - 1st Quarter Laycan detailed Inspection of Anchoring Systems",,,,22/02/2024 07:55,22/02/2024 11:36,3.683333333,Planned Maint.,Anchoring System,Closed,,,ABB_Offshore,DPR 2578,2024-02 (Feb),P2 - Medium,,February,2024
22/02/2024 07:55,WO-CBM_100073,ABB,CMB System for Planned Maint.,"ABB-Connecting Links with Anchors GVI.
Done during ABB - 1st Quarter Laycan Inspection of Anchoring Systems.",,,,22/02/2024 07:55,22/02/2024 11:36,3.683333333,Planned Maint.,Anchoring System,Closed,,,ABB_Offshore,DPR 2578,2024-02 (Feb),P2 - Medium,ABB Report,February,2024
21/02/2024 13:10,WO-CBM_200014,ABB-ME-BY-05,ABB Alpha Buoy,Replace wooden block under ABB05(Alpha Position) mooring buoy hook,21/02/2024,,,21/02/2024 13:10,21/02/2024 13:30,0.333333333,Planned Corrective Maint.,Buoy Body,Closed,Depleted,Replaced,ABB_Offshore,DPR 2577,2024-02 (Feb),P2 - Medium,,February,2024
21/02/2024 12:43,WO-CBM_100051,ABB,CMB System for Planned Maint.,ABB - 4-Monthly Anchor Chains & Swivel GVI and Cleaning,,,,21/02/2024 12:43,21/02/2024 13:01,0.3,Planned Maint.,Anchoring System,Closed,,,ABB_Offshore,,2024-02 (Feb),P2 - Medium,,February,2024
21/02/2024 09:30,WO-W_SHOP_100015,GPMS-W-SHOP,GPMS Maintenance Workshop & Warehouse,"Inspection, Testing and Maintenance of OSR Equipment 
Repaired one power pack faulty hydraulic pump",,,,21/02/2024 09:30,22/02/2024 15:24,29.9,Planned Maint.,Environmental Protection Equipment,Closed,Faulty,Repaired,W_Shop,,2024-02 (Feb),P2 - Medium,,February,2024
21/02/2024 09:07,WO-CBM_100059,ABB,CMB System for Planned Maint.,"ABB - 1st Quarter Laycan detailed Inspection of Anchoring Systems ABB - Cargo
Hose GVI",,,,21/02/2024 09:07,22/02/2024 11:36,26.48333333,Planned Maint.,Anchoring System,Closed,,,ABB_Offshore,DPR 2578 / ABB Reports 282 & 283,2024-02 (Feb),P2 - Medium,ABB Report,February,2024
21/02/2024 08:30,WO-JET_200009,Oil-Jetty,Oil Jetty System for Planned Maintenance,"Leakage observed on the 8"" inch link between the 10"" and 14"" pipeline at the 6'oclock position.

Leaking  point on the 8"" pipeline close to V-203 was clamped by maintenance team ",21/02/2024,,,21/02/2024 08:30,21/02/2024 10:30,2,Unplanned Corrective Maint.,Piping,Closed,Leak,Clamped,Oil_Jetty,,2024-02 (Feb),P1 - High,,February,2024
21/02/2024 06:43,WO-CBM_100064,ABB,CMB System for Planned Maint.,ABB - Weekly Bush Wear checks,,,,21/02/2024 06:43,21/02/2024 08:56,2.216666667,Planned Maint.,Buoy Body,Closed,,,ABB_Offshore,DPR 2577,2024-02 (Feb),P2 - Medium,,February,2024
21/02/2024 06:43,WO-CBM_100063,ABB,CMB System for Planned Maint.,ABB - Weekly Buoys Freeboard/Draft GVI,,,,21/02/2024 06:43,21/02/2024 08:56,2.216666667,Planned Maint.,Buoy Body,Closed,,,ABB_Offshore,DPR 2577,2024-02 (Feb),P2 - Medium,,February,2024
21/02/2024 06:43,WO-CBM_100062,ABB,CMB System for Planned Maint.,ABB - Weekly Buoy Hooks GVI  & Lubrication,,,,21/02/2024 06:43,21/02/2024 08:56,2.216666667,Planned Maint.,Buoy Body,Closed,,,ABB_Offshore,DPR 2577,2024-02 (Feb),P2 - Medium,,February,2024
21/02/2024 06:43,WO-CBM_100066,ABB,CMB System for Planned Maint.,Pre-berthing Checks,21/02/2024,21/02/2024,,21/02/2024 06:43,21/02/2024 08:56,2.216666667,Inspection,Mooring System,Closed,,,ABB_Offshore,DPR 2577,2024-02 (Feb),P1 - High,,February,2024
20/02/2024 14:00,WO-W_SHOP_100014,COMP-01,Air Compressor - KOTECH,Weekly Inspection,,,,20/02/2024 14:00,20/02/2024 14:30,0.5,Planned Maint.,Engine,Closed,,,W_Shop,,2024-02 (Feb),P2 - Medium,,February,2024
20/02/2024 10:15,WO-SPM-CBM_100009,ABB/SPM_Onshore,Onshore ABB_SPM System for Planned Maintenance,Monthly Cathodic protection potential measurement,,,,20/02/2024 10:15,20/02/2024 13:05,2.833333333,Planned Maint.,Cathodic Protection,Closed,,,ABB_SPM_Onshore,,2024-02 (Feb),P2 - Medium,,February,2024
20/02/2024 09:30,WO-SPM-CBM_100008,ABB/SPM_Onshore,Onshore ABB_SPM System for Planned Maintenance,Weekly Servitude Walk/Pipeline Inspection,,,,20/02/2024 09:30,20/02/2024 12:10,2.666666667,Planned Maint.,Piping,Closed,,,ABB_SPM_Onshore,,2024-02 (Feb),P2 - Medium,,February,2024
20/02/2024 09:02,WO-SPM_200038,ABB-ME-BY-03,ABB Delta Buoy,MGR from Mooring buoy ABB 03 flat bottom,10/02/2024,,,10/02/2024 07:48,20/02/2024 10:48,243,Planned Corrective Maint.,Buoy Body,Closed,Aquatic Exposure,Removed,ABB_Offshore,"DPR 2566,76",2024-02 (Feb),P2 - Medium,,February,2024
20/02/2024 08:20,WO-JET_100007,Oil-Jetty,Oil Jetty System for Planned Maintenance, Coating of pipelines and valves at the Platform Area,,,,29/02/2024 10:30,04/06/2024 12:00,2305.5,Planned Maint.,Piping,Closed,,,Oil_Jetty,,2024-06 (Jun),P2 - Medium,,February,2024
20/02/2024 08:04,WO-W_SHOP_100013,Genset-01,Generator- Megapower,Weekly Inspection,,,,20/02/2024 08:04,20/02/2024 08:40,0.6,Planned Maint.,Engine,Closed,,,W_Shop,,2024-02 (Feb),P2 - Medium,,February,2024
17/02/2024 13:59,WO-CBM_100065,ABB,CMB System for Planned Maint.,"Pre-Berthing checks - 
UKP Bush checks.
UKP Bush & Hook lubrication.",,17/02/2024,,17/02/2024 13:59,17/02/2024 16:58,2.983333333,Inspection,Mooring System,Closed,,,ABB_Offshore,DPR 2573,2024-02 (Feb),P1 - High,,February,2024
15/02/2024 10:30,WO-JET_100005,Oil-Jetty,Oil Jetty System for Planned Maintenance,Quarterly Valve GVI and Lubrication,,,,15/02/2024 10:30,15/02/2024 12:00,1.5,Planned Maint.,Valve,Closed,,,Oil_Jetty,,2024-02 (Feb),P2 - Medium,,February,2024
15/02/2024 10:30,WO-JET_200008,Oil-Jetty,Oil Jetty System for Planned Maintenance,"Hot bolting of MLA spool piece and valve flanges on MLA100, 200, 300 and 400 - replaced and aligned studs/nuts. Wrapping of studs/nuts of valves on the platform",,,,15/02/2024 10:30,13/03/2024 11:15,648.75,Planned Corrective Maint.,Valve,Closed - Was Backlog,Corrosion,Replaced,Oil_Jetty,,2024-03 (Mar),P3 - Low,,February,2024
15/02/2024 08:10,WO-SPM_100066,SPM-AE-BY-02,CALM Buoy - CO760,SPM- Weekly Solar panel GVI & cleaning,,,,15/02/2024 08:10,15/02/2024 09:40,1.5,Planned Maint.,NavAids & Power,Closed,,,SPM_Offshore,DPR 2571,2024-02 (Feb),P2 - Medium,,February,2024
15/02/2024 08:10,WO-SPM_100065,SPM-AE-BY-02,CALM Buoy - CO760,"SPM - Bi-Weekly Turntable Rotation & Locking Pins, Guides and Brakes",,,,15/02/2024 08:10,15/02/2024 09:40,1.5,Planned Maint.,Buoy Body,Closed,,,SPM_Offshore,DPR 2571,2024-02 (Feb),P2 - Medium,,February,2024
15/02/2024 06:00,WO-SPM_100064,SPM-FT-BY-02,CALM Buoy - CO760 Cargo transfer System,SPM - Bi-weekly Lifting Equipment GVI & Lubrication,,,,15/02/2024 06:00,15/02/2024 06:00,0,Planned Maint.,Hoisting & Lifting,Cancelled,,,SPM_Offshore,,2024-02 (Feb),P2 - Medium,,February,2024
14/02/2024 08:07,WO-CBM_100058,ABB,CMB System for Planned Maint.,ABB - Weekly Bush Wear checks,,,,14/02/2024 08:07,14/02/2024 08:46,0.65,Planned Maint.,Buoy Body,Closed,,,ABB_Offshore,DPR 2570,2024-02 (Feb),P2 - Medium,,February,2024
14/02/2024 08:07,WO-CBM_100057,ABB,CMB System for Planned Maint.,ABB - Weekly Buoys Freeboard/Draft GVI,,,,14/02/2024 08:07,14/02/2024 08:46,0.65,Planned Maint.,Buoy Body,Closed,,,ABB_Offshore,DPR 2570,2024-02 (Feb),P2 - Medium,,February,2024
14/02/2024 08:07,WO-CBM_100056,ABB,CMB System for Planned Maint.,ABB - Weekly Buoy Hooks GVI  & Lubrication,,,,14/02/2024 08:07,14/02/2024 08:46,0.65,Planned Maint.,Buoy Body,Closed,,,ABB_Offshore,DPR 2570,2024-02 (Feb),P2 - Medium,,February,2024
14/02/2024 08:07,WO-CBM_100055,ABB,CMB System for Planned Maint.,ABB - Monthly Bouy Location,,,,14/02/2024 08:07,14/02/2024 08:46,0.65,Planned Maint.,Buoy Body,Closed,,,ABB_Offshore,DPR 2570,2024-02 (Feb),P2 - Medium,,February,2024
14/02/2024 08:07,WO-CBM_100061,ABB,CMB System for Planned Maint.,Pre-berthing Checks,14/02/2024,14/02/2024,,14/02/2024 08:07,14/02/2024 08:46,0.65,Inspection,Mooring System,Closed,,,ABB_Offshore,DPR 2570,2024-02 (Feb),P1 - High,,February,2024
13/02/2024 09:41,WO-SPM_200028,SPM-AE-BY-02,CALM Buoy - CO760,MGR from SPM Chains: # 4,11/05/2024,,,11/05/2024 11:42,25/05/2024 15:53,340.1833333,Planned Corrective Maint.,Anchoring System,Closed,Aquatic Exposure,Removed,SPM_Offshore,"DPR 2657,59,67,71",2024-05 (May),P2 - Medium,,May,2024
13/02/2024 08:00,WO-SPM_100062,SPM-AE-BY-02,CALM Buoy - CO760,SPM – Weekly Central Swivel Greasing and GVI,,,,13/02/2024 08:00,13/02/2024 09:30,1.5,Planned Maint.,Swivel System,Closed,,,SPM_Offshore,DPR 2569,2024-02 (Feb),P2 - Medium,,February,2024
13/02/2024 08:00,WO-SPM_100063,SPM-AE-BY-02,CALM Buoy - CO760,SPM – Weekly Main Bearing Greasing,,,,13/02/2024 08:00,13/02/2024 09:30,1.5,Planned Maint.,Lubrication System,Closed,,,SPM_Offshore,DPR 2569,2024-02 (Feb),P2 - Medium,,February,2024
13/02/2024 08:00,WO-SPM_100061,SPM-AE-BY-02,CALM Buoy - CO760,SPM – Weekly Buoy Freeboard/Draft GVI,,,,13/02/2024 08:00,13/02/2024 09:30,1.5,Planned Maint.,Buoy Body,Closed,,,SPM_Offshore,DPR 2569,2024-02 (Feb),P2 - Medium,,February,2024
13/02/2024 08:00,WO-SPM_100060,SPM-AE-BY-02,CALM Buoy - CO760,SPM - Monthly Soundings,,,,13/02/2024 08:00,13/02/2024 09:30,1.5,Planned Maint.,Buoy Body,Closed,,,SPM_Offshore,DPR 2569,2024-02 (Feb),P2 - Medium,,February,2024
12/02/2024 13:30,WO-W_SHOP_100012,COMP-01,Air Compressor - KOTECH,Weekly Inspection,,,,12/02/2024 13:30,12/02/2024 14:04,0.566666667,Planned Maint.,Engine,Closed,,,W_Shop,,2024-02 (Feb),P2 - Medium,,February,2024
12/02/2024 13:30,WO-W_SHOP_100011,Genset-01,Generator- Megapower,Weekly Inspection,,,,12/02/2024 13:30,12/02/2024 14:08,0.633333333,Planned Maint.,Engine,Closed,,,W_Shop,,2024-02 (Feb),P2 - Medium,,February,2024
12/02/2024 11:40,WO-SPM_200027,SPM-FT-HS-01,SPM Hose String Assembly (Floating/Submarine),Remove fishing net on floating hose & skirt,12/02/2024,,,12/02/2024 11:40,12/02/2024 12:00,0.333333333,Planned Corrective Maint.,Floating Hose,Closed,Marine Fouling / Foreign Object,Removed,SPM_Offshore,DPR 2568,2024-02 (Feb),P2 - Medium,,February,2024
12/02/2024 09:50,WO-SPM_100086,SPM-AE-BY-01,CALM Buoy - SO17190,SPM-Install UV protective cover on Expansion piece UV protective cover was too long in height thus plans are in place to cut it symmetrically,,,,05/07/2024 10:00,05/07/2024 11:30,1.5,Planned Maint.,Buoy Body,Closed,,,SPM_Offshore,,2024-07 (Jul),P2 - Medium,,July,2024
12/02/2024 09:23,WO-CBM_100075,MATHEEW BUOY,Buoy for SW10/Atlantis,GVI Samson & Matthew mooring,,,,12/02/2024 09:23,12/02/2024 10:12,0.816666667,Planned Maint.,Buoy Body,Closed,,,ABB_Offshore,DPR 2568,2024-02 (Feb),P2 - Medium,,February,2024
12/02/2024 09:23,WO-CBM_200019,ABB,CMB System for Planned Maint.,Change shackle on Samson mooring.,12/02/2024,,,12/02/2024 09:23,12/02/2024 10:12,0.816666667,Planned Corrective Maint.,Mooring System,Closed,,Replaced,ABB_Offshore,DPR 2568,2024-02 (Feb),P2 - Medium,,February,2024
12/02/2024 09:23,WO-CBM_200018,ABB,CMB System for Planned Maint.,Secure Cecil buoy shackle nappy pins.,12/02/2024,,,12/02/2024 09:23,12/02/2024 10:12,0.816666667,Planned Corrective Maint.,Buoy Body,Closed,,Replaced,ABB_Offshore,DPR 2568,2024-02 (Feb),P1 - High,,February,2024
12/02/2024 09:15,WO-SPM-CBM_100007,ABB/SPM_Onshore,Onshore ABB_SPM System for Planned Maintenance,Weekly Servitude Walk,,,,12/02/2024 09:15,12/02/2024 11:03,1.8,Planned Maint.,Piping,Closed,,,ABB_SPM_Onshore,,2024-02 (Feb),P2 - Medium,,February,2024
12/02/2024 08:20,WO-CBM_200012,ABB,CMB System for Planned Maint.,Replace shackle on Sierra chain hang offline,12/02/2024,,,12/02/2024 08:20,12/02/2024 09:06,0.766666667,Planned Corrective Maint.,Anchoring System,Closed,Faulty,Replaced,ABB_Offshore,DPR 2568,2024-02 (Feb),P2 - Medium,,February,2024
12/02/2024 06:00,WO-JET_100006-1,Oil-Jetty,Oil Jetty System for Planned Maintenance,Bi-weekly Servitude Walk/Pipeline Inspection,,,,12/02/2024 06:00,12/02/2024 06:00,0,Planned Maint.,Piping,Cancelled,,,Oil_Jetty,,2024-02 (Feb),P2 - Medium,,February,2024
10/02/2024 10:42,WO-CBM_200011,ABB-FT-V-1803,ABB PLEM Valve,MGR from PLEM & Valve 1803,10/02/2024,,,10/02/2024 10:42,10/02/2024 11:56,1.233333333,Planned Corrective Maint.,PLEM Piping and Structure,Closed,Aquatic Exposure,Removed,ABB_Offshore,DPR 2566,2024-02 (Feb),P2 - Medium,,February,2024
10/02/2024 09:16,WO-CBM_200010,ABB-ME-BY-04,ABB Charlie Buoy,MGR from Mooring buoy ABB04 flat bottom & chain,10/02/2024,,,10/02/2024 09:16,10/02/2024 10:26,1.166666667,Planned Corrective Maint.,Buoy Body,Closed,Aquatic Exposure,Removed,ABB_Offshore,DPR 2566,2024-02 (Feb),P2 - Medium,,February,2024
10/02/2024 07:48,WO-CBM_200009,ABB-ME-BY-03,ABB Delta Buoy,ABB – MGR from Mooring buoy ABB03 flat bottom & chain,10/02/2024,,,10/02/2024 07:48,10/02/2024 09:00,1.2,Planned Corrective Maint.,Buoy Body,Closed,Aquatic Exposure,Removed,ABB_Offshore,DPR 2566,2024-02 (Feb),P2 - Medium,,February,2024
09/02/2024 14:06,WO-SPM_200030,SPM-FT-PV-01,SPM PLEM,"MGR on PLEM, PLEM Structure & Valve 1803
MGR on SPM PLEM Anodes & Valve 3604 A & B",15/02/2024,,,09/02/2024 10:31,15/02/2024 14:45,148.2333333,Planned Corrective Maint.,PLEM Piping and Structure,Closed,Aquatic Exposure,Removed,SPM_Offshore,"DPR 2565,71",2024-02 (Feb),P2 - Medium,,February,2024
09/02/2024 10:31,WO-CBM_200008,ABB-FT-V-1803,ABB PLEM Valve,"MGR on PLEM, PLEM Structure & Valve 1803",09/02/2024,,,09/02/2024 10:31,09/02/2024 11:34,1.05,Planned Corrective Maint.,PLEM Piping and Structure,Closed,Aquatic Exposure,Removed,ABB_Offshore,DPR 2565,2024-02 (Feb),P2 - Medium,,February,2024
09/02/2024 09:38,WO-CBM_100052,ABB,CMB System for Planned Maint.,"ABB - Monthly Mooring buoy Pins, Swivel & Touchdown area on Chain",,,,09/02/2024 09:38,09/02/2024 10:13,0.583333333,Planned Maint.,Anchoring System,Closed,,,ABB_Offshore,DPR 2565,2024-02 (Feb),P2 - Medium,,February,2024
09/02/2024 08:20,WO-CBM_200013,ABB-ME-BY-05,ABB Alpha Buoy, ABB05 (Alpha Position) UKP Bush Replacement,,,,09/02/2024 08:20,09/02/2024 09:00,0.666666667,Planned Corrective Maint.,Buoy Body,Closed,Worn,Replaced,ABB_Offshore,DPR 2565 / ABB Report 281,2024-02 (Feb),P1 - High,ABB Report,February,2024
09/02/2024 08:15,WO-CBM_100048,ABB,CMB System for Planned Maint.,ABB - Weekly Buoys Freeboard/Draft GVI,,,,09/02/2024 08:15,09/02/2024 09:25,1.166666667,Planned Maint.,Buoy Body,Closed,,,ABB_Offshore,DPR 2565,2024-02 (Feb),P2 - Medium,,February,2024
09/02/2024 08:15,WO-CBM_100060,ABB,CMB System for Planned Maint.,"Pre-Berthing checks c/w. Hand wash/scrub mooring buoy decks, prep for coating repairs.",09/02/2024,09/02/2024,,09/02/2024 08:15,09/02/2024 09:25,1.166666667,Inspection,Mooring System,Closed,,,ABB_Offshore,DPR 2565,2024-02 (Feb),P1 - High,,February,2024
07/02/2024 13:04,WO-SPM_200024,SPM-FT-HS-01,SPM Hose String Assembly (Floating/Submarine),SPM – MGR on Subsea Hoses,07/02/2024,,,07/02/2024 13:04,07/02/2024 14:00,0.933333333,Planned Corrective Maint.,Submarine Hose,Closed,Aquatic Exposure,Removed,SPM_Offshore,DPR 2563,2024-02 (Feb),P2 - Medium,,February,2024
07/02/2024 09:36,WO-SPM_200023,SPM-ME-CH-01,SPM Mooring Chain,"SPM – MGR on Mooring Chains: # 1. # 2, # 3 # 5, # 4, # 6
SPM Chain tails: #1, # 2, # 6",07/02/2024,,,07/02/2024 09:36,27/02/2024 11:32,481.9333333,Planned Corrective Maint.,Anchoring System,Closed,Aquatic Exposure,Removed,SPM_Offshore,"DPR 2563,71,73,74,75,76,78,80,81,83",2024-02 (Feb),P2 - Medium,,February,2024
07/02/2024 09:00,WO-W_SHOP_200003,GPMS-W-SHOP,GPMS Maintenance Workshop & Warehouse,Surface preparation of SPM spool piece at the workshop,07/02/2024,,,07/02/2024 09:00,07/02/2024 12:00,3,Planned Corrective Maint.,Piping,Closed,Corrosion,Cleaned,W_Shop,,2024-02 (Feb),P2 - Medium,,February,2024
07/02/2024 08:00,WO-SPM_100058,SPM-ME-BD-01,SPM Mooring Bridle,"SPM - Monthly Inspection of Mooring Bridle/Bridle Platform, Hawser & other Acc.
GVI",,,,07/02/2024 08:00,07/02/2024 09:20,1.333333333,Planned Maint.,Mooring System,Closed,,,SPM_Offshore,DPR 2563,2024-02 (Feb),P2 - Medium,,February,2024
07/02/2024 08:00,WO-SPM_100057,SPM-AE-BY-02,CALM Buoy - CO760,SPM – Weekly Main Bearing Greasing,,,,07/02/2024 08:00,07/02/2024 09:20,1.333333333,Planned Maint.,Lubrication System,Closed,,,SPM_Offshore,DPR 2563,2024-02 (Feb),P2 - Medium,,February,2024
07/02/2024 08:00,WO-SPM_100056,SPM-AE-BY-02,CALM Buoy - CO760,SPM – Weekly Central Swivel Greasing and GVI,,,,07/02/2024 08:00,07/02/2024 09:20,1.333333333,Planned Maint.,Lubrication System,Closed,,,SPM_Offshore,DPR 2563,2024-02 (Feb),P2 - Medium,,February,2024
07/02/2024 08:00,WO-SPM_100059,SPM-AE-BY-02,CALM Buoy - CO760,SPM – Weekly Solar Panels GVI and cleaning,,,,07/02/2024 08:00,07/02/2024 09:20,1.333333333,Planned Maint.,NavAids & Power,Closed,,,SPM_Offshore,DPR 2563,2024-02 (Feb),P2 - Medium,,February,2024
06/02/2024 09:30,WO-SPM-CBM_100006,ABB/SPM_Onshore,Onshore ABB_SPM System for Planned Maintenance,Weekly Servitude Walk//Pipeline Inspection,,,,06/02/2024 09:30,06/02/2024 12:00,2.5,Planned Maint.,Piping,Closed,,,ABB_SPM_Onshore,,2024-02 (Feb),P2 - Medium,,February,2024
06/02/2024 08:50,WO-CBM_100049,ABB,CMB System for Planned Maint.,ABB - Weekly Bush Wear checks -Replace bush on ABB05(Alpha Position),,,,06/02/2024 08:50,06/02/2024 09:15,0.416666667,Planned Maint.,Buoy Body,Closed,,,ABB_Offshore,DPR 2562/2565,2024-02 (Feb),P2 - Medium,,February,2024
06/02/2024 07:53,WO-CBM_100047,ABB,CMB System for Planned Maint.,ABB - Weekly Buoy Hooks GVI & Lubrication,,,,06/02/2024 07:53,06/02/2024 08:50,0.95,Planned Maint.,Buoy Body,Closed,,,ABB_Offshore,DPR 2562,2024-02 (Feb),P2 - Medium,,February,2024
06/02/2024 06:47,WO-CBM_100053,ABB-FT-HS-01,ABB Submarine Hose Assembly,ABB - Monthly Hose Pick Up Equipment & End Fittings GVI,,,,06/02/2024 06:47,06/02/2024 07:19,0.533333333,Planned Maint.,Hoisting & Lifting,Closed,,,ABB_Offshore,DPR 2562,2024-02 (Feb),P2 - Medium,,February,2024
06/02/2024 06:47,WO-CBM_100050,ABB,CMB System for Planned Maint.,ABB - Monthly Buoy Body GVI and Cleaning,,,,06/02/2024 06:47,06/02/2024 08:50,2.05,Planned Maint.,Buoy Body,Closed,,,ABB_Offshore,DPR 2562,2024-02 (Feb),P2 - Medium,,February,2024
06/02/2024 06:47,WO-CBM_100054,ABB,CMB System for Planned Maint.,Pre-berthing Checks,06/02/2024,06/02/2024,,06/02/2024 06:47,06/02/2024 08:50,2.05,Inspection,Mooring System,Closed,,,ABB_Offshore,DPR 2562,2024-02 (Feb),P1 - High,,February,2024
05/02/2024 11:30,WO-JET_100004,Oil-Jetty,Oil Jetty System for Planned Maintenance,"Bi-Annually GVI/CVI on external of pipelines - Coating Survey, Mechanical
damage, corrosion etc.",,,,05/02/2024 11:30,05/02/2024 13:00,1.5,Planned Maint.,Piping,Closed,,,Oil_Jetty,,2024-02 (Feb),P2 - Medium,,February,2024
05/02/2024 09:15,WO-W_SHOP_100009,COMP-01,Air Compressor - KOTECH,Weekly Inspection,,,,05/02/2024 09:15,05/02/2024 09:45,0.5,Planned Maint.,Engine,Closed,,,W_Shop,,2024-02 (Feb),P2 - Medium,,February,2024
05/02/2024 08:30,WO-W_SHOP_100010,Genset-01,Generator- Megapower,Weekly Inspection,,,,05/02/2024 08:30,05/02/2024 09:00,0.5,Planned Maint.,Engine,Closed,,,W_Shop,,2024-02 (Feb),P2 - Medium,,February,2024
05/02/2024 08:00,WO-W_SHOP_200004,GPMS-W-SHOP,GPMS Maintenance Workshop & Warehouse,"General Housekeeping. Re-positioning of shelve from workshop to warehouse. Cleaning and re-arrangement of items at warehouse, workshop and containers.",08/02/2024,,,05/02/2024 08:00,08/02/2024 17:00,81,Planned Corrective Maint.,Piping,Closed,Marine Fouling / Foreign Object,Cleaned,W_Shop,,2024-02 (Feb),P2 - Medium,,February,2024
05/02/2024 07:54,WO-SPM_100055,SPM-FT-HS-01,SPM Hose String Assembly (Floating/Submarine),SPM - Bi-Annually Hose Flanges GVI,,,,05/02/2024 07:54,05/02/2024 08:58,1.066666667,Planned Maint.,Floating Hose,Closed,,,SPM_Offshore,DPR 2561,2024-02 (Feb),P2 - Medium,,February,2024
05/02/2024 07:00,WO-SPM_100054,SPM-FT-BY-02,CALM Buoy - CO760 Cargo transfer System,SPM - Monthly Hose Pick Up Equipment GVI,,,,05/02/2024 07:00,05/02/2024 07:20,0.333333333,Planned Maint.,Hoisting & Lifting,Closed,,,SPM_Offshore,DPR 2561,2024-02 (Feb),P2 - Medium,,February,2024
05/02/2024 06:30,WO-SPM_100052,SPM-AE-BY-02,CALM Buoy - CO760,SPM – Weekly Buoy Freeboard/Draft GVI,,,,05/02/2024 06:30,05/02/2024 06:55,0.416666667,Planned Maint.,Buoy Body,Closed,,,SPM_Offshore,DPR 2561,2024-02 (Feb),P2 - Medium,,February,2024
04/02/2024 16:26,WO-CBM_200002,ABB-ME-BY-05,ABB Alpha Buoy,"MGR from ABB 05(Alpha Position) – Flatbottom, anodes, shackles & swivel.",,,,03/02/2024 07:53,03/02/2024 10:22,2.483333333,Planned Corrective Maint.,Buoy Body,Closed,Aquatic Exposure,Removed,ABB_Offshore,DPR 2559,2024-02 (Feb),P2 - Medium,,February,2024
03/02/2024 07:53,WO-CBM_200007,ABB-ME-BY-02,ABB  Bravo Buoy,"ABB – MGR from ABB02 (Bravo Position) Flatbottom, anodes, shackles & swivel.",03/02/2024,,,03/02/2024 07:53,03/02/2024 10:22,2.483333333,Planned Corrective Maint.,Buoy Body,Closed,Aquatic Exposure,Removed,ABB_Offshore,"DPR 2559,2695,2705",2024-02 (Feb),P2 - Medium,,February,2024
02/02/2024 12:00,WO-W_SHOP_200002,GPMS-W-SHOP,GPMS Maintenance Workshop & Warehouse,Repaired Tachometer installed on control panel of air compressor ,05/02/2024,,,02/02/2024 12:00,05/02/2024 15:00,75,Planned Corrective Maint.,Engine,Closed,Faulty,Repaired,W_Shop,,2024-02 (Feb),P2 - Medium,,February,2024
02/02/2024 10:30,WO-W_SHOP_100006,COMP-01,Air Compressor - KOTECH,Monthly Inspection,,,,02/02/2024 10:30,02/02/2024 11:00,0.5,Planned Maint.,Engine,Closed,,,W_Shop,,2024-02 (Feb),P2 - Medium,,February,2024
02/02/2024 07:00,WO-CBM_200022,ABB-ME-BY-05,ABB Alpha Buoy,"End to End TD chains on ABB05. ABB Report 280 - ABB 05(Alpha Position Touch Down Chain End to End)The mooring chain touch down shot was lifted to SW 10 deck and split on both H links, the shot of chain was then End to Ended and returned to seabed. Once this was completed a pull test was conducted by SW 10 and the mooring buoy ABB 05(Alpha Position) was completely submerged. ",31/10/2023,,,02/02/2024 07:12,02/02/2024 12:12,5,Planned Corrective Maint.,Anchoring System,Closed - Was Backlog,Worn,Swapped,ABB_Offshore,DPR 2558 / ABB Report 280,2024-02 (Feb),P2 - Medium,ABB Report,February,2024
01/02/2024 17:30,WO-SPM-CBM_100005,ABB/SPM_Onshore,Onshore ABB_SPM System for Planned Maintenance,Quarterly Valves GVI and Lubrication,,,,01/02/2024 17:30,01/02/2024 20:30,3,Planned Maint.,Valve,Closed,,,ABB_SPM_Onshore,,2024-02 (Feb),P2 - Medium,,February,2024
31/01/2024 21:55,WO-SPM_100045,SPM-AE-BY-02,CALM Buoy - CO760,SPM – Weekly Central Swivel Greasing and GVI,,,,31/01/2024 21:55,31/01/2024 23:00,1.083333333,Planned Maint.,Swivel System,Closed,,,SPM_Offshore,DPR 2556,2024-01 (Jan),P2 - Medium,,January,2024
31/01/2024 21:55,WO-SPM_100046,SPM-AE-BY-02,CALM Buoy - CO760,SPM – Weekly Main Bearing Greasing,,,,31/01/2024 21:55,31/01/2024 23:00,1.083333333,Planned Maint.,Lubrication System,Closed,,,SPM_Offshore,DPR 2556,2024-01 (Jan),P2 - Medium,,January,2024
31/01/2024 20:45,WO-CBM_100043,ABB,CMB System for Planned Maint.,ABB - 4-Monthly Stinger box GVI and Cleaning,,,,31/01/2024 20:45,31/01/2024 21:49,1.066666667,Planned Maint.,Valve,Closed,,,ABB_Offshore,DPR 2556,2024-01 (Jan),P2 - Medium,,January,2024
31/01/2024 18:30,WO-W_SHOP_200000,COMP-01,Air Compressor - KOTECH,"Engine goes off - Faulty fuel pump solenoid.

New fuel pump solenoid installed. Fault still persist. Specialist engaged to come to site to diagnose fault. Replaced burnt fuses. ",01/01/2024,,,31/01/2024 18:30,31/01/2024 19:00,0.5,Unplanned Corrective Maint.,Engine,Closed - Was Backlog,Faulty,Replaced,W_Shop,,2024-01 (Jan),P2 - Medium,,January,2024
31/01/2024 17:35,WO-CBM_100039,ABB,CMB System for Planned Maint.,ABB - Weekly Bush Wear checks,,,,31/01/2024 17:35,31/01/2024 18:17,0.7,Planned Maint.,Buoy Body,Closed,,,ABB_Offshore,DPR 2556,2024-01 (Jan),P2 - Medium,,January,2024
31/01/2024 17:35,WO-CBM_100038,ABB,CMB System for Planned Maint.,ABB - Weekly Buoys Freeboard/Draft GVI,,,,31/01/2024 17:35,31/01/2024 18:17,0.7,Planned Maint.,Buoy Body,Closed,,,ABB_Offshore,DPR 2556,2024-01 (Jan),P2 - Medium,,January,2024
31/01/2024 17:35,WO-CBM_100037,ABB,CMB System for Planned Maint.,ABB - Weekly Buoy Hooks GVI & Lubrication,,,,31/01/2024 17:35,31/01/2024 18:17,0.7,Planned Maint.,Buoy Body,Closed,,,ABB_Offshore,DPR 2556,2024-01 (Jan),P2 - Medium,,January,2024
31/01/2024 17:35,WO-CBM_100046,ABB,CMB System for Planned Maint.,Pre-berthing Checks,31/01/2024,31/01/2024,,31/01/2024 17:35,31/01/2024 18:17,0.7,Inspection,Mooring System,Closed,,,ABB_Offshore,DPR 2556,2024-01 (Jan),P1 - High,,January,2024
31/01/2024 16:30,WO-CBM_200006,ABB-CP-01,ABB Cathodic Protection System - Offshore,The Subtech dive team mobilized from on board the Samson to do Pre-Berthing. Checks on Cargo hose and found Hose # D6007 1s flange anode damaged and depleted. Replaced Flange Anode on 1st Flange Hose # D6007,31/01/2024,,,31/01/2024 16:30,31/01/2024 17:33,1.05,Planned Corrective Maint.,Cathodic Protection,Closed,Depleted,Replaced,ABB_Offshore,DPR 2556 / ABB Report 279,2024-01 (Jan),P2 - Medium,ABB Report,January,2024
31/01/2024 16:30,WO-CBM_200005,ABB-ME-BY-02,ABB  Bravo Buoy,Fishing net removal on ABB 02 (Bravo Position),31/01/2024,,,31/01/2024 16:30,31/01/2024 17:33,1.05,Planned Corrective Maint.,Buoy Body,Closed,Aquatic Exposure,Removed,ABB_Offshore,DPR 2556,2024-01 (Jan),P2 - Medium,,January,2024
31/01/2024 14:42,WO-CBM_100042,ABB-FT-V-1803,ABB PLEM Valve,ABB – Monthly PLEM Valve operation,,,,31/01/2024 14:42,31/01/2024 15:19,0.616666667,Planned Maint.,Valve,Closed,,,ABB_Offshore,DPR 2556,2024-01 (Jan),P2 - Medium,,January,2024
31/01/2024 14:42,WO-CBM_100040,ABB-FT-HS-01,ABB Submarine Hose Assembly,ABB – Monthly GVI above water Hoses,,,,31/01/2024 14:42,31/01/2024 15:19,0.616666667,Planned Maint.,Floating Hose,Closed,,,ABB_Offshore,DPR 2556,2024-01 (Jan),P2 - Medium,,January,2024
31/01/2024 14:42,WO-CBM_100041,ABB-FT-HS-01,ABB Submarine Hose Assembly,ABB – Monthly Subsea Hoses,,,,31/01/2024 14:42,31/01/2024 15:19,0.616666667,Planned Maint.,Submarine Hose,Closed,,,ABB_Offshore,DPR 2556,2024-01 (Jan),P2 - Medium,,January,2024
30/01/2024 17:30,WO-SPM_100050,SPM-FT-BY-02,CALM Buoy - CO760 Cargo transfer System,SPM – Monthly Expansion Joint GVI,,,,30/01/2024 17:30,30/01/2024 20:30,3,Planned Maint.,Piping,Closed,,,SPM_Offshore,DPR 2555,2024-01 (Jan),P2 - Medium,,January,2024
30/01/2024 17:30,WO-SPM_100049,SPM-FT-BY-02,CALM Buoy - CO760 Cargo transfer System,SPM – Monthly Top Side Valve Operations,,,,30/01/2024 17:30,30/01/2024 20:30,3,Planned Maint.,Valve,Closed,,,SPM_Offshore,DPR 2555,2024-01 (Jan),P2 - Medium,,January,2024
30/01/2024 17:30,WO-SPM_100048,SPM-FT-BY-02,CALM Buoy - CO760 Cargo transfer System,SPM – Monthly Fluid Swivel GVI,,,,30/01/2024 17:30,30/01/2024 20:30,3,Planned Maint.,Swivel System,Closed,,,SPM_Offshore,DPR 2555,2024-01 (Jan),P2 - Medium,,January,2024
30/01/2024 17:30,WO-SPM_100047,SPM-FT-BY-02,CALM Buoy - CO760 Cargo transfer System,SPM – Monthly Torque Arm GVI,,,,30/01/2024 17:30,30/01/2024 20:30,3,Planned Maint.,Swivel System,Closed,,,SPM_Offshore,DPR 2555,2024-01 (Jan),P2 - Medium,,January,2024
30/01/2024 17:30,WO-SPM_100042,SPM-AE-BY-02,CALM Buoy - CO760,SPM – Weekly Solar Panels GVI and cleaning,,,,30/01/2024 17:30,30/01/2024 20:30,3,Planned Maint.,Buoy Body,Closed,,,SPM_Offshore,DPR 2555,2024-01 (Jan),P2 - Medium,,January,2024
30/01/2024 17:00,WO-W_SHOP_200001,COMP-01,Air Compressor - KOTECH,Installation of 4 plumb chicago coupling,30/01/2024,,,30/01/2024 17:00,30/01/2024 19:00,2,Planned Corrective Maint.,Engine,Closed,Faulty,Reset,W_Shop,,2024-01 (Jan),P2 - Medium,,January,2024
30/01/2024 16:20,WO-SPM_200018,SPM-AE-BY-02,CALM Buoy - CO760,SPM – HPWJ Buoy body and Turntable,30/01/2024,,,30/01/2024 16:20,30/01/2024 17:30,1.166666667,Planned Corrective Maint.,Buoy Body,Closed,,Cleaned,SPM_Offshore,DPR 2555,2024-01 (Jan),P2 - Medium,,January,2024
30/01/2024 09:25,WO-SPM_100041,SPM-FT-HS-01,SPM Hose String Assembly (Floating/Submarine),"SPM - Monthly Cleaning of Floating Hoses & Underwater hoses (Chinese lantern)SPM
- Monthly GVI of Floating Hoses & Underwater hoses (Chinese lantern)",,,,30/01/2024 13:25,05/02/2024 11:19,141.9,Planned Maint.,Submarine Hose,Closed,,,SPM_Offshore,"DPR 2555,25572560,2561",2024-02 (Feb),P2 - Medium,,January,2024
29/01/2024 21:10,WO-SPM_200021,SPM-FT-HS-01,SPM Hose String Assembly (Floating/Submarine),"MGR on Subsea East hose
MGR on Subsea hose West Side
MGR on SPM anodes",29/01/2024,,,29/01/2024 09:10,29/01/2024 14:31,5.35,Planned Corrective Maint.,Submarine Hose,Closed,Aquatic Exposure,Removed,SPM_Offshore,DPR 2554,2024-01 (Jan),P2 - Medium,,January,2024
29/01/2024 21:00,WO-W_SHOP_100007,Genset-01,Generator- Megapower,Monthly Inspection,,,,29/01/2024 21:00,29/01/2024 21:30,0.5,Planned Maint.,Engine,Closed,,,W_Shop,,2024-01 (Jan),P2 - Medium,,January,2024
29/01/2024 17:00,WO-SPM-CBM_100004,ABB/SPM_Onshore,Onshore ABB_SPM System for Planned Maintenance,Weekly Servitude Walk/Pipeline Inspection,,,,29/01/2024 17:00,29/01/2024 20:10,3.166666667,Planned Maint.,Piping,Closed,,,ABB_SPM_Onshore,,2024-01 (Jan),P2 - Medium,,January,2024
29/01/2024 17:00,WO-JET_100003,Oil-Jetty,Oil Jetty System for Planned Maintenance,Bi-weekly Servitude Walk/Pipeline Inspection,,,,29/01/2024 17:00,29/01/2024 20:10,3.166666667,Planned Maint.,Piping,Closed,,,Oil_Jetty,,2024-01 (Jan),P2 - Medium,,January,2024
29/01/2024 08:00,WO-SPM_100038,SPM-AE-BY-02,CALM Buoy - CO760,SPM - Quarterly SPM Location,,,,29/01/2024 08:00,29/01/2024 08:15,0.25,Planned Maint.,Buoy Body,Closed,,,SPM_Offshore,,2024-01 (Jan),P2 - Medium,,January,2024
29/01/2024 07:40,WO-SPM_100039,SPM-AE-BY-02,CALM Buoy - CO760,SPM - Yearly Hatches GVI,,,,29/01/2024 07:40,29/01/2024 08:00,0.333333333,Planned Maint.,Buoy Body,Closed,,,SPM_Offshore,DPR 2554,2024-01 (Jan),P2 - Medium,,January,2024
29/01/2024 07:30,WO-SPM_100044,SPM-AE-BY-02,CALM Buoy - CO760,SPM – Weekly Buoy Freeboard/Draft GVI,,,,29/01/2024 07:30,29/01/2024 08:30,1,Planned Maint.,Buoy Body,Closed,,,SPM_Offshore,DPR 2554,2024-01 (Jan),P2 - Medium,,January,2024
29/01/2024 07:30,WO-SPM_100040,SPM-AE-BY-02,CALM Buoy - CO760,SPM - 4-Monthly Fendering GVI - Not on system,,,,29/01/2024 07:30,29/01/2024 07:30,0,Planned Maint.,Buoy Body,Cancelled,,,SPM_Offshore,,2024-01 (Jan),P2 - Medium,,January,2024
29/01/2024 06:00,WO-SPM_100043,SPM-AE-BY-02,CALM Buoy - CO760,"SPM - Bi-weekly Lifting Equipment GVI & Lubrication - No Davit or lifting
Equipment onboard SPM.",,,,29/01/2024 06:00,29/01/2024 06:00,0,Planned Maint.,Lubrication System,Cancelled,,,SPM_Offshore,,2024-01 (Jan),P2 - Medium,,January,2024
28/01/2024 18:59,WO-CBM_100045,ABB,CMB System for Planned Maint.,Pre-berthing Checks,,28/01/2024,,28/01/2024 18:59,28/01/2024 21:43,2.733333333,Inspection,Mooring System,Closed,,,ABB_Offshore,DPR 2553,2024-01 (Jan),P1 - High,,January,2024
28/01/2024 16:57,WO-CBM_100029,ABB,CMB System for Planned Maint.,"ABB - Quarterly Buoys Connection Pins, Links",,,,28/01/2024 16:57,28/01/2024 17:39,0.7,Planned Maint.,Buoy Body,Closed,,,ABB_Offshore,DPR 2553,2024-01 (Jan),P2 - Medium,,January,2024
27/01/2024 16:10,WO-SPM_100036,SPM-AE-BY-02,CALM Buoy - CO760,"SPM - Bi-Weekly Turntable Rotation & Locking Pins, Guides and Brakes",,,,27/01/2024 16:10,27/01/2024 17:15,1.083333333,Planned Maint.,Buoy Body,Closed,,,SPM_Offshore,DPR 2552,2024-01 (Jan),P2 - Medium,,January,2024
26/01/2024 19:00,WO-W_SHOP_100005,Genset-01,Generator- Megapower,Weekly Inspection,,,,26/01/2024 19:00,26/01/2024 19:30,0.5,Planned Maint.,Engine,Closed,,,W_Shop,,2024-01 (Jan),P2 - Medium,,January,2024
26/01/2024 16:50,WO-CBM_100032,ABB-CP-01,ABB Cathodic Protection System - Offshore,ABB - Anodes GVI,,,,26/01/2024 16:50,26/01/2024 17:15,0.416666667,Planned Maint.,Cathodic Protection,Closed,,,ABB_Offshore,DPR 2551,2024-01 (Jan),P2 - Medium,,January,2024
26/01/2024 16:08,WO-CBM_100044,ABB,CMB System for Planned Maint.,Pre-berthing Checks,,26/01/2024,,26/01/2024 16:08,26/01/2024 16:46,0.633333333,Inspection,Mooring System,Closed,,,ABB_Offshore,DPR 2551,2024-01 (Jan),P1 - High,,January,2024
25/01/2024 18:02,WO-SPM-CBM_100003,ABB/SPM_Onshore,Onshore ABB_SPM System for Planned Maintenance,Monthly Cathodic protection potential measurement,,,,25/01/2024 18:02,25/01/2024 20:10,2.133333333,Planned Maint.,Cathodic Protection,Closed,,,ABB_SPM_Onshore,,2024-01 (Jan),P2 - Medium,,January,2024
25/01/2024 05:18,WO-JET_200006,JET-V-201A,"2"" Gate Valve","Observed leakage from the swapped drain valve on MLA200 during MT RATHBONE ATK discharge. Vessel discharge was stopped @ 2118hrs  24/01/24.
Removed the malfunctioning V-401A valve and replaced it with V-201A. Subsequently, V-201A underwent servicing to ensure optimal functionality before being reinstalled onto MLA400. Awaiting for a new valve replacement. Faulty Valve V-201A was replaced with a new one.",09/01/2024,,,24/01/2024 21:18,25/01/2024 08:48,11.5,Breakdown,Valve,Closed - Was Backlog,Leak,Replaced,Oil_Jetty,,2024-01 (Jan),P1 - High,,January,2024
24/01/2024 18:20,WO-JET_100002,Oil-Jetty,Oil Jetty System for Planned Maintenance,Monthly Sump and Sump Pipeline Inspection,,,,24/01/2024 18:20,24/01/2024 20:27,2.116666667,Planned Maint.,Piping,Closed,,,Oil_Jetty,,2024-01 (Jan),P2 - Medium,,January,2024
24/01/2024 18:20,WO-JET_200007,JET-V-307,"18"" Gate Valve","Install Missing valve stem cover - 4"" PVC End Cap",,,,24/01/2024 18:20,24/01/2024 20:27,2.116666667,Planned Corrective Maint.,Valve,Closed,Missing,Replaced,Oil_Jetty,,2024-01 (Jan),P3 - Low,,January,2024
24/01/2024 17:22,WO-SPM_200017,SPM-AE-BY-02,CALM Buoy - CO760,MGR from SPM chain # 6,24/01/2024,,,24/01/2024 17:22,24/01/2024 22:27,5.083333333,Planned Corrective Maint.,Anchoring System,Closed,Aquatic Exposure,Removed,SPM_Offshore,DPR 2549,2024-01 (Jan),P2 - Medium,,January,2024
24/01/2024 16:30,WO-W_SHOP_100004,COMP-01,Air Compressor - KOTECH,Weekly Inspection,,,,24/01/2024 16:30,24/01/2024 17:00,0.5,Planned Maint.,Engine,Closed,,,W_Shop,,2024-01 (Jan),P2 - Medium,,January,2024
24/01/2024 16:00,WO-SPM_100033,SPM-AE-BY-02,CALM Buoy - CO760,SPM – Weekly Buoy Freeboard/Draft GVI,,,,24/01/2024 16:00,24/01/2024 16:10,0.166666667,Planned Maint.,Buoy Body,Closed,,,SPM_Offshore,,2024-01 (Jan),P2 - Medium,,January,2024
24/01/2024 16:00,WO-SPM_100035,SPM-AE-BY-02,CALM Buoy - CO760,SPM – Weekly Main Bearing Greasing,,,,24/01/2024 16:00,24/01/2024 17:00,1,Planned Maint.,Lubrication System,Closed,,,SPM_Offshore,DPR 2549,2024-01 (Jan),P2 - Medium,,January,2024
24/01/2024 16:00,WO-SPM_100034,SPM-AE-BY-02,CALM Buoy - CO760,SPM – Weekly Central Swivel Greasing and GVI,,,,24/01/2024 16:00,24/01/2024 17:00,1,Planned Maint.,Lubrication System,Closed,,,SPM_Offshore,DPR 2549,2024-01 (Jan),P2 - Medium,,January,2024
24/01/2024 16:00,WO-SPM_100037,SPM-AE-BY-02,CALM Buoy - CO760,SPM – Weekly Solar Panels GVI and cleaning,,,,24/01/2024 16:00,24/01/2024 17:00,1,Planned Maint.,NavAids & Power,Closed,,,SPM_Offshore,DPR 2549,2024-01 (Jan),P2 - Medium,,January,2024
24/01/2024 01:00,WO-CBM_100033,ABB,CMB System for Planned Maint.,ABB - Yearly UT Measurement of Buoys,,,,24/01/2024 06:00,24/01/2024 06:00,0,Predictive Maint,Buoy Body,Cancelled,,,ABB_Offshore,,2024-01 (Jan),P2 - Medium,,January,2024
23/01/2024 17:30,WO-SPM-CBM_100002,ABB/SPM_Onshore,Onshore ABB_SPM System for Planned Maintenance,Weekly Servitude Walk/Pipeline Inspection,,,,23/01/2024 17:30,23/01/2024 19:20,1.833333333,Planned Maint.,Piping,Closed,,,ABB_SPM_Onshore,,2024-01 (Jan),P2 - Medium,,January,2024
23/01/2024 16:05,WO-CBM_100034,ABB,CMB System for Planned Maint.,ABB - Weekly Bush Wear checks,,,,23/01/2024 16:05,23/01/2024 16:49,0.733333333,Planned Maint.,Buoy Body,Closed,,,ABB_Offshore,DPR 2548,2024-01 (Jan),P2 - Medium,,January,2024
23/01/2024 16:05,WO-CBM_100031,ABB,CMB System for Planned Maint.,ABB - Weekly Buoys Freeboard/Draft GVI,,,,23/01/2024 16:05,23/01/2024 16:49,0.733333333,Planned Maint.,Buoy Body,Closed,,,ABB_Offshore,DPR 2548,2024-01 (Jan),P2 - Medium,,January,2024
23/01/2024 16:05,WO-CBM_100030,ABB,CMB System for Planned Maint.,ABB - Weekly Buoy Hooks GVI  & Lubrication,,,,23/01/2024 16:05,23/01/2024 16:49,0.733333333,Planned Maint.,Buoy Body,Closed,,,ABB_Offshore,DPR 2548,2024-01 (Jan),P2 - Medium,,January,2024
23/01/2024 16:05,WO-CBM_100036,ABB,CMB System for Planned Maint.,"Pre-Berthing checks c/w 
- UKP Bush checks",,23/01/2024,,23/01/2024 16:05,23/01/2024 16:49,0.733333333,Inspection,Mooring System,Closed,,,ABB_Offshore,DPR 2548,2024-01 (Jan),P1 - High,,January,2024
22/01/2024 16:29,WO-SPM_200016,SPM-AE-BY-02,CALM Buoy - CO760,MGR on SPM chain # 3 & #6,22/01/2024,,,22/01/2024 16:29,22/01/2024 23:27,6.966666667,Planned Corrective Maint.,Anchoring System,Closed,Aquatic Exposure,Removed,SPM_Offshore,DPR 2547,2024-01 (Jan),P2 - Medium,,January,2024
22/01/2024 09:00,WO-W_SHOP_100008,GPMS-W-SHOP,GPMS Maintenance Workshop & Warehouse,Coating of the tanker basket,,,,22/01/2024 09:00,23/02/2024 15:00,774,Planned Improvement,Tools,Closed,,Coated,W_Shop,,2024-02 (Feb),P3 - Low,,January,2024
21/01/2024 22:46,WO-CBM_200004,ABB-CP-01,ABB Cathodic Protection System - Offshore,Replaced damaged and depleted Flange Anode on ABB Cargo Hose D6007 1st Flange anode with a new one.,,,,21/01/2024 22:46,21/01/2024 23:12,0.433333333,Planned Corrective Maint.,Cathodic Protection,Closed,Depleted,Replaced,ABB_Offshore,ABB Report 278 / DPR 2545,2024-01 (Jan),P2 - Medium,ABB Report,January,2024
21/01/2024 16:35,WO-SPM-200015,SPM-AE-BY-02,CALM Buoy - CO760,MGR from SPM Chain # 3.,21/01/2024,,,21/01/2024 16:35,21/01/2024 20:15,3.666666667,Planned Corrective Maint.,Anchoring System,Closed,Aquatic Exposure,Removed,SPM_Offshore,DPR 2546,2024-01 (Jan),P2 - Medium,,January,2024
20/01/2024 18:44,WO-CBM_100035,ABB,CMB System for Planned Maint.,"Pre-Berthing checks
- Hook lubrication 
- UKP Bush checks",,20/01/2024,,20/01/2024 18:44,20/01/2024 21:35,2.85,Inspection,Mooring System,Closed,,,ABB_Offshore,DPR 2545,2024-01 (Jan),P1 - High,,January,2024
20/01/2024 16:50,WO-SPM-200014,SPM-AE-BY-02,CALM Buoy - CO760,Remove fishing net from SPM skirt.,20/01/2024,,,20/01/2024 16:50,20/01/2024 17:00,0.166666667,Planned Corrective Maint.,Buoy Body,Closed,Marine Fouling / Foreign Object,Removed,SPM_Offshore,DPR 2545,2024-01 (Jan),P2 - Medium,,January,2024
19/01/2024 18:25,WO-JET_200005,JET-V-401A,"2"" Gate Valve",Faulty Valve V-401A was replaced with a new one.,09/01/2024,,,19/01/2024 18:25,19/01/2024 20:15,1.833333333,Planned Corrective Maint.,Valve,Closed - Was Backlog,Faulty,Replaced,Oil_Jetty,,2024-01 (Jan),P1 - High,,January,2024
19/01/2024 18:25,WO-JET_200004,JET-14-PL-WHT-400,"14"" Products Pipeline","Observed wetness MLA 400 sampling pipeline near valve V-403.

Repaired leak on sampling line - cold bonding",09/01/2024,,,19/01/2024 18:25,19/01/2024 20:15,1.833333333,Unplanned Corrective Maint.,Piping,Closed - Was Backlog,,,Oil_Jetty,,2024-01 (Jan),P2 - Medium,,January,2024
19/01/2024 16:54, WO-SPM_200013,SPM-AE-BY-02,CALM Buoy - CO760,"MGR from SPM Chains #2. #3# 4, #5 & #6",,,,10/01/2024 07:18,24/01/2024 14:27,343.15,Planned Corrective Maint.,Anchoring System,Closed,Aquatic Exposure,Removed,SPM_Offshore,"DPR 2535,38,40,41,44,46,47,49",2024-01 (Jan),P2 - Medium,,January,2024
19/01/2024 16:00,WO-SPM_100030,SPM-AE-BY-02,CALM Buoy - CO760,SPM – Weekly Main Bearing Greasing,,,,19/01/2024 16:00,19/01/2024 16:43,0.716666667,Planned Maint.,Lubrication System,Closed,,,SPM_Offshore,DPR 2544,2024-01 (Jan),P2 - Medium,,January,2024
19/01/2024 16:00,WO-SPM_100029,SPM-AE-BY-02,CALM Buoy - CO760,SPM – Weekly Central Swivel Greasing and GVI,,,,19/01/2024 16:00,19/01/2024 16:43,0.716666667,Planned Maint.,Lubrication System,Closed,,,SPM_Offshore,DPR 2544,2024-01 (Jan),P2 - Medium,,January,2024
18/01/2024 18:00,WO-JET_100001,Oil-Jetty,Oil Jetty System for Planned Maintenance,Monthly Valve Inspection,,,,18/01/2024 18:00,18/01/2024 20:00,2,Planned Maint.,Valve,Closed,,,Oil_Jetty,,2024-01 (Jan),P2 - Medium,,January,2024
18/01/2024 17:15,WO-W_SHOP_100003,Genset-01,Generator- Megapower,Weekly Inspection,,,,18/01/2024 17:15,18/01/2024 17:40,0.416666667,Planned Maint.,Engine,Closed,,,W_Shop,,2024-01 (Jan),P2 - Medium,,January,2024
17/01/2024 21:30,WO-W_SHOP_100002,COMP-01,Air Compressor - KOTECH,Weekly Inspection,,,,17/01/2024 21:30,17/01/2024 22:00,0.5,Planned Maint.,Engine,Closed,,,W_Shop,,2024-01 (Jan),P2 - Medium,,January,2024
17/01/2024 18:30,WO-CBM_100023,ABB,CMB System for Planned Maint.,ABB - Weekly Buoy Hooks GVI and Lubrication,,,,17/01/2024 18:30,17/01/2024 19:00,0.5,Planned Maint.,Mooring System,Closed,,,ABB_Offshore,DPR 2542,2024-01 (Jan),P2 - Medium,,January,2024
17/01/2024 18:30,WO-CBM_100025,ABB,CMB System for Planned Maint.,ABB - Weekly Bush Wear checks,,,,17/01/2024 18:30,17/01/2024 19:00,0.5,Planned Maint.,Mooring System,Closed,,,ABB_Offshore,DPR 2542,2024-01 (Jan),P2 - Medium,,January,2024
17/01/2024 18:30,WO-CBM_100014,ABB,CMB System for Planned Maint.,ABB - Weekly Buoys Freeboard/Draft GVI,,,,17/01/2024 18:30,17/01/2024 19:00,0.5,Planned Maint.,Buoy Body,Closed,,,ABB_Offshore,DPR 2542,2024-01 (Jan),P2 - Medium,,January,2024
17/01/2024 18:30,WO-CBM_100022,ABB,CMB System for Planned Maint.,ABB - Monthly Buoy Location,,,,17/01/2024 18:30,17/01/2024 19:00,0.5,Planned Maint.,Buoy Body,Closed,,,ABB_Offshore,DPR 2542,2024-01 (Jan),P2 - Medium,,January,2024
17/01/2024 18:30,WO-CBM_100024,ABB,CMB System for Planned Maint.,ABB - Weekly Buoys Freeboard/Draft GVI,,,,17/01/2024 18:30,17/01/2024 19:00,0.5,Planned Maint.,Buoy Body,Closed,,,ABB_Offshore,DPR 2542,2024-01 (Jan),P2 - Medium,,January,2024
17/01/2024 18:30,WO-CBM_100028,ABB,CMB System for Planned Maint.,Pre-berthing Checks,,17/01/2024,,17/01/2024 18:30,17/01/2024 19:00,0.5,Inspection,Mooring System,Closed,,,ABB_Offshore,DPR 2542,2024-01 (Jan),P1 - High,,January,2024
17/01/2024 17:10,WO-SPM-CBM_100001,ABB/SPM_Onshore,Onshore ABB_SPM System for Planned Maintenance,Weekly Servitude Walk,,,,17/01/2024 17:10,17/01/2024 18:40,1.5,Planned Maint.,Piping,Closed,,,ABB_SPM_Onshore,,2024-01 (Jan),P2 - Medium,,January,2024
16/01/2024 17:49,WO-SPM_200012,SPM-ME-CH-01,SPM Mooring Chain,SPM – MGR on Mooring Chain #3,16/01/2024,,,16/01/2024 17:49,16/01/2024 18:13,0.4,Planned Corrective Maint.,Anchoring System,Closed,Aquatic Exposure,Removed,SPM_Offshore,DPR 2541,2024-01 (Jan),P2 - Medium,,January,2024
16/01/2024 16:57,WO-SPM_100025,SPM-AE-BY-02,CALM Buoy - CO760,SPM - 3-yearly Structural Survey,,,,16/01/2024 16:57,16/01/2024 17:34,0.616666667,Planned Maint.,Buoy Body,Closed,,,SPM_Offshore,DPR 2541,2024-01 (Jan),P2 - Medium,,January,2024
16/01/2024 15:12,WO-SPM_200011,SPM-ME-CH-01,SPM Mooring Chain,SPM – MGR on Mooring Chain #2,16/01/2024,,,16/01/2024 15:12,16/01/2024 17:34,2.366666667,Planned Corrective Maint.,Anchoring System,Closed,Aquatic Exposure,Removed,SPM_Offshore,DPR 2541,2024-01 (Jan),P2 - Medium,,January,2024
15/01/2024 18:30,WO-SPM_100031,SPM-AE-BY-02,CALM Buoy - CO760,"SPM - Bi-Weekly Turntable Rotation & Locking Pins, Guides and Brakes",,,,15/01/2024 18:30,15/01/2024 19:30,1,Planned Maint.,Buoy Body,Closed,,,SPM_Offshore,DPR 2540,2024-01 (Jan),P2 - Medium,,January,2024
15/01/2024 17:30,WO-SPM_100032,SPM-AE-BY-02,CALM Buoy - CO760,SPM – Weekly Solar Panels GVI and cleaning,,,,15/01/2024 17:30,15/01/2024 18:20,0.833333333,Planned Maint.,NavAids & Power,Closed,,,SPM_Offshore,DPR 2540,2024-01 (Jan),P2 - Medium,,January,2024
15/01/2024 17:30,WO-SPM_100027,SPM-AE-BY-02,CALM Buoy - CO760,SPM – Weekly Bouy Freeboard/Draft GVI,,,,15/01/2024 17:30,15/01/2024 18:20,0.833333333,Planned Maint.,Buoy Body,Closed,,,SPM_Offshore,DPR 2540,2024-01 (Jan),P2 - Medium,,January,2024
15/01/2024 17:30,WO-SPM_100026,SPM-AE-BY-02,CALM Buoy - CO760,SPM - Monthly Soundings,,,,15/01/2024 17:30,15/01/2024 18:20,0.833333333,Planned Maint.,Buoy Body,Closed,,,SPM_Offshore,DPR 2540,2024-01 (Jan),P2 - Medium,,January,2024
15/01/2024 16:51,WO-SPM_200010,SPM-ME-CH-01,SPM Mooring Chain,MGR on Mooring Chain #2,15/01/2024,,,15/01/2024 16:51,15/01/2024 17:23,0.533333333,Planned Corrective Maint.,Anchoring System,Closed,Aquatic Exposure,Removed,SPM_Offshore,DPR 2540,2024-01 (Jan),P2 - Medium,,January,2024
15/01/2024 15:54,WO-SPM_100028,SPM-FT-HS-01,SPM Hose String Assembly (Floating/Submarine),SPM - Quarterly MBC GVI,,,,15/01/2024 15:54,15/01/2024 16:14,0.333333333,Planned Maint.,Floating Hose,Closed,,,SPM_Offshore,DPR 2540,2024-01 (Jan),P2 - Medium,,January,2024
15/01/2024 15:09,WO-CMB_100026,ABB,CMB System for Planned Maint.,ABB - Quarterly Subsea Buoy Body GVI,,,,15/01/2024 15:09,15/01/2024 15:31,0.366666667,Planned Maint.,Buoy Body,Closed,,,ABB_Offshore,DPR 2540,2024-01 (Jan),P2 - Medium,,January,2024
14/01/2024 19:30,WO-CBM_200000,ABB-FT-HS-01,ABB Submarine Hose Assembly,"Faulty TRH butterfly valve

Replaced both butterfly valve and camlock with new ones.",10/01/2024,,,14/01/2024 19:30,14/01/2024 20:00,0.5,Planned Corrective Maint.,Valve,Closed - Was Backlog,Faulty,Replaced,ABB_Offshore,,2024-01 (Jan),P2 - Medium,,January,2024
14/01/2024 16:01,WO-CBM_100027,ABB,CMB System for Planned Maint.,Pre-Berthing checks of the ABB System prior to receiving MT Tenacity,14/01/2024,14/01/2024,,14/01/2024 16:01,14/01/2024 16:22,0.35,Inspection,Buoy Body,Closed,,,ABB_Offshore,DPR 2539,2024-01 (Jan),P1 - High,,January,2024
13/01/2024 15:45,WO-SPM_200009,SPM-ME-CH-01,SPM Mooring Chain,SPM – MGR on Mooring Chains,13/01/2024,,,13/01/2024 15:45,13/01/2024 17:53,2.133333333,Planned Corrective Maint.,Anchoring System,Closed,Aquatic Exposure,Removed,SPM_Offshore,DPR 2538,2024-01 (Jan),P2 - Medium,,January,2024
12/01/2024 21:34,WO-SPM_200008,SPM-ME-CH-01,SPM Mooring Chain,SPM – MGR on Mooring Chains,12/01/2024,,,12/01/2024 21:34,13/01/2024 00:46,3.2,Planned Corrective Maint.,Anchoring System,Closed,,Removed,SPM_Offshore,DPR 2537,2024-01 (Jan),P2 - Medium,,January,2024
12/01/2024 19:55,WO-SPM_100018,SPM-AE-BY-02,CALM Buoy - CO760,SPM - Weekly Central Swivel Greasing and GVI,,,,12/01/2024 19:55,12/01/2024 20:30,0.583333333,Planned Maint.,Swivel System,Closed,,,SPM_Offshore,DPR 2537,2024-01 (Jan),P2 - Medium,,January,2024
12/01/2024 19:55,WO-SPM_100019,SPM-AE-BY-02,CALM Buoy - CO760,SPM - Weekly Greasing of Main Bearing ,,,,12/01/2024 19:55,12/01/2024 20:30,0.583333333,Planned Maint.,Lubrication System,Closed,,,SPM_Offshore,DPR 2537,2024-01 (Jan),P2 - Medium,,January,2024
11/01/2024 23:48,WO-CBM_200001,ABB,CMB System for Planned Maint.,MGR on PLEM,11/01/2024,,,11/01/2024 23:48,12/01/2024 00:32,0.733333333,Planned Corrective Maint.,Anchoring System,Closed,Aquatic Exposure,Removed,ABB_Offshore,DPR 2536,2024-01 (Jan),P2 - Medium,,January,2024
11/01/2024 20:05,WO-CBM_100021,ABB,CMB System for Planned Maint.,Pre-Berthing Checks.,,11/01/2024,,11/01/2024 20:05,11/01/2024 20:30,0.416666667,Inspection,Mooring System,Closed,,,ABB_Offshore,DPR 2536,2024-01 (Jan),P1 - High,,January,2024
11/01/2024 19:00,WO-JET_100000,Oil-Jetty,Oil Jetty System for Planned Maintenance,Bi-weekly Servitude Walk/Pipeline Inspection,14/01/2024,,,11/01/2024 19:00,11/01/2024 21:00,2,Planned Maint.,Piping,Closed,,,Oil_Jetty,,2024-01 (Jan),P2 - Medium,,January,2024
10/01/2024 17:00,WO-SPM-CBM_100000,ABB/SPM_Onshore,Onshore ABB_SPM System for Planned Maintenance,Weekly Servitude Walk/Pipeline Inspection,14/01/2024,,,10/01/2024 17:00,10/01/2024 19:00,2,Planned Maint.,Piping,Closed,,,ABB_SPM_Onshore,,2024-01 (Jan),P2 - Medium,,January,2024
10/01/2024 15:42,WO1152,ABB-SPM-CP-01,ABB & SPM Cathodic Protection System - Onshore,"Whiles conducting Monthly Cathodic Protection(CP) inspections and measurements on the ABB/SPM Onshore Pipeline Servitude, the inspection team observed that Test Posts TP-08, TP-13, TP-14, and cross bonding CB01 had been vandalized. Discussions are ongoing to arrange for security patrols of the servitude at night.",19/12/2023,19/01/2024,,,,,Planned Corrective Maint.,Cathodic Protection,Backlog,Vandalism,,ABB_SPM_Onshore,,2024-01 (Jan),P3 - Low,,January,2024
10/01/2024 15:18,WO-SPM_200007,SPM-ME-CH-01,SPM Mooring Chain,MGR on Mooring Chains,10/01/2024,,,10/01/2024 15:18,10/01/2024 17:10,1.866666667,Planned Corrective Maint.,Anchoring System,Closed,Aquatic Exposure,Removed,SPM_Offshore,DPR 2535,2024-01 (Jan),P2 - Medium,,January,2024
09/01/2024 21:30,WO-JET_200002,JET-V-401A,"2"" Gate Valve","A product leak was detected at the manifold connection of MLA 400. The GPHA Mechanical Team attended the site to address the leak. Despite the line being full and opening of the drain valve V-401A, no product was observed flowing into the sump. The product in the Arm was drained at the ship end. It is suspected that the drain valve may be clogged, and a request has been made for the maintenance team to investigate this issue.

Removed the malfunctioning V-401A valve and replaced it with V-201A. Subsequently, V-201A underwent servicing to ensure optimal functionality before being reinstalled onto MLA400. Awaiting for a new valve replacement.",07/01/2024,,,09/01/2024 21:30,09/01/2024 22:40,1.166666667,Unplanned Corrective Maint.,Valve,Closed - Was Backlog,Faulty,Swapped,Oil_Jetty,,2024-01 (Jan),P1 - High,,January,2024
09/01/2024 17:00,WO-W_SHOP_100000,Genset-01,Generator- Megapower,Weekly Inspection,14/01/2024,,,09/01/2024 17:00,09/01/2024 17:30,0.5,Planned Maint.,Engine,Closed,,,W_Shop,,2024-01 (Jan),P2 - Medium,,January,2024
09/01/2024 16:58,WO-CBM_200003,ABB-ME-BY-03,ABB Delta Buoy,"Delta Buoy Sacrificial Chain Links Missing Studs. This report details the damage on ABB - Delta Buoy Sacrificial Chain Links Missing Studs, that is located on touchdown area on Seabed twelve Links away from second H-Link.",09/01/2024,09/01/2024,,09/01/2024 16:58,09/01/2024 17:22,0.4,Inspection,Anchoring System,Closed,Missing,No Action,ABB_Offshore,ABB Report 277 / DPR 2534,2024-01 (Jan),P1 - High,ABB Report,January,2024
09/01/2024 16:29,WO-CBM_100016,ABB,CMB System for Planned Maint.,"ABB - Monthly GVI on Mooring buoy Pins, Swivel & Touchdown area on Chain. Three
Chain Link Studs missing on Delta Sacrificial chain Twelve chain links from
second H-Link that is on Seabed.",,,,09/01/2024 16:29,09/01/2024 17:22,0.883333333,Planned Maint.,Swivel System,Closed,,,ABB_Offshore,DPR 2534,2024-01 (Jan),P2 - Medium,,January,2024
09/01/2024 15:50,WO-CBM_100013,ABB,CMB System for Planned Maint.,ABB - Weekly Buoy Hooks & Lubrication GVI,,,,09/01/2024 15:50,09/01/2024 16:20,0.5,Planned Maint.,Mooring System,Closed,,,ABB_Offshore,DPR 2534,2024-01 (Jan),P2 - Medium,,January,2024
09/01/2024 15:50,WO-CBM_100015,ABB,CMB System for Planned Maint.,ABB – Weekly Bush Wear checks,,,,09/01/2024 15:50,09/01/2024 16:20,0.5,Planned Maint.,Mooring System,Closed,,,ABB_Offshore,DPR 2534,2024-01 (Jan),P2 - Medium,,January,2024
09/01/2024 15:50,WO-CBM_100012,ABB,CMB System for Planned Maint.,ABB - Monthly GVI and Cleaning Buoy Body,,,,09/01/2024 15:50,09/01/2024 16:20,0.5,Planned Maint.,Buoy Body,Closed,,,ABB_Offshore,DPR 2534,2024-01 (Jan),P2 - Medium,,January,2024
09/01/2024 15:50,WO-CBM_100020,ABB,CMB System for Planned Maint.,Pre-berthing Checks,,09/01/2024,,09/01/2024 15:50,09/01/2024 16:50,1,Inspection,Mooring System,Closed,,,ABB_Offshore,DPR 2534,2024-01 (Jan),P1 - High,,January,2024
09/01/2024 14:28,WO-CBM_100017,ABB-FT-HS-01,ABB Submarine Hose Assembly,ABB - Monthly GVI on Hose Pick Up Equipment & End Fittings,,,,09/01/2024 14:28,09/01/2024 14:57,0.483333333,Planned Maint.,Hoisting & Lifting,Closed,,,ABB_Offshore,DPR 2534,2024-01 (Jan),P2 - Medium,,January,2024
09/01/2024 06:00,WO-SPM_100020,SPM-AE-BY-02,CALM Buoy - CO760,SPM - Bi-weekly Lifting Equipment GVI & Lubrication - No Davit or lifting,,,,09/01/2024 06:00,09/01/2024 06:00,0,Planned Maint.,Hoisting & Lifting,Cancelled,,,SPM_Offshore,,2024-01 (Jan),P2 - Medium,,January,2024
08/01/2024 21:12,WO-CBM_100018,ABB-CP-01,ABB Cathodic Protection System - Offshore,ABB - Bi-annual PLEM Cathodic Protection System  ,,,,08/01/2024 21:12,08/01/2024 22:00,0.8,Planned Maint.,Cathodic Protection,Closed,,,ABB_Offshore,DPR 2533,2024-01 (Jan),P2 - Medium,,January,2024
08/01/2024 21:12,WO-CBM_100019,ABB-FT-HS-01,ABB Submarine Hose Assembly,ABB - Quarterly MBC GVI and Cleaning of marine growth,,,,08/01/2024 21:12,08/01/2024 22:00,0.8,Planned Maint.,MBC,Closed,Aquatic Exposure,Removed,ABB_Offshore,DPR 2533,2024-01 (Jan),P2 - Medium,,January,2024
08/01/2024 19:33,W01151,ABB-FT-HS-01,ABB Submarine Hose Assembly,"Monthly checks on Hoses - Damage on hoses D2319, D6006 and D6002. Damaged anode stud and flange anode. It is recommended that all the hoses get changed out for the ribbed hoses",31/10/2023,30/11/2023,,,,,Planned Corrective Maint.,Submarine Hose,Backlog,Abrasion,,ABB_Offshore,,2024-01 (Jan),P2 - Medium,,January,2024
08/01/2024 19:17,WO1150,ABB-SPM-CP-01,ABB & SPM Cathodic Protection System - Onshore,"Whiles conducting Monthly Cathodic Protection (CP) inspections and measurements on the ABB/SPM Onshore Pipeline Servitude, the inspection team observed that Test Posts TP-05, TP-10, TP-11 and cross bonding CB05 had been vandalized. Discussions are ongoing to arrange for security patrols of the servitude at night.",27/09/2023,27/10/2023,,,,,Planned Corrective Maint.,Cathodic Protection,Backlog,Vandalism,,ABB_SPM_Onshore,,2024-01 (Jan),P3 - Low,,January,2024
08/01/2024 19:00,WO-JET_200003,JET-10-PL-WHT-200,"10"" Products Pipeline","Leakage was observed from the last clamp on the 10"" pipeline near the VALCO wharf area, coinciding with the MT HAFNIA CRUX ATK discharge
process.

Retightened clamp. ",07/01/2024,,,08/01/2024 19:00,08/01/2024 19:15,0.25,Unplanned Corrective Maint.,Piping,Closed - Was Backlog,Leak,Retightened,Oil_Jetty,,2024-01 (Jan),P2 - Medium,,January,2024
08/01/2024 18:59,WO1149,ABB-SPM-CP-01,ABB & SPM Cathodic Protection System - Onshore," Whiles conducting Monthly Cathodic Protection (CP) inspections and measurements on the ABB/SPM Onshore Pipeline Servitude, the inspection team observed that Test Posts TP-06, TP-09 and TP-12 had been vandalized. Discussions are ongoing to arrange for security patrols of the servitude at night.",25/08/2023,25/09/2023,,,,,Planned Corrective Maint.,Cathodic Protection,Backlog,Vandalism,,ABB_SPM_Onshore,,2024-01 (Jan),P3 - Low,,January,2024
08/01/2024 17:30,WO-SPM_100021,SPM-ME-BD-01,SPM Mooring Bridle,"SPM - Monthly GVI, wear measurement and lubrication of Mooring Bridle/Bridle
Platform, Hawser & other Acc.",,,,08/01/2024 17:30,08/01/2024 20:00,2.5,Planned Maint.,Mooring System,Closed,,,SPM_Offshore,DPR 2533,2024-01 (Jan),P2 - Medium,,January,2024
08/01/2024 17:30,WO-SPM_100016,SPM-FT-BY-02,CALM Buoy - CO760 Cargo transfer System,SPM - Monthly Hose Pick Up Equipment GVI,,,,08/01/2024 17:30,08/01/2024 19:30,2,Planned Maint.,Hoisting & Lifting,Closed,,,SPM_Offshore,DPR 2533,2024-01 (Jan),P2 - Medium,,January,2024
08/01/2024 17:30,WO-SPM_100022,SPM-AE-BY-02,CALM Buoy - CO760,Weekly GVI and Cleaning of Solar Panels,,,,08/01/2024 17:30,08/01/2024 19:30,2,Planned Maint.,NavAids & Power,Closed,,,SPM_Offshore,DPR 2533,2024-01 (Jan),P2 - Medium,,January,2024
08/01/2024 17:30,WO-SPM_100023,SPM-AE-BY-02,CALM Buoy - CO760,SPM - Weekly Buoy Freeboard/Draft GVI,,,,08/01/2024 17:30,08/01/2024 19:30,2,Planned Maint.,Buoy Body,Closed,,,SPM_Offshore,DPR 2533,2024-01 (Jan),P2 - Medium,,January,2024
08/01/2024 15:53,WO-SPM_100017,SPM-AE-BY-02,CALM Buoy - CO760,SPM - Quarterly Hose End Fittings (torque studs & nuts on hose flanges and spool pieces),,,,08/01/2024 15:53,08/01/2024 17:03,1.166666667,Planned Maint.,Hose,Closed,,,SPM_Offshore,DPR 2533,2024-01 (Jan),P2 - Medium,,January,2024
08/01/2024 15:53,WO-SPM_200006,SPM-AE-BY-02,CALM Buoy - CO760,SPM - MGR SPM Flat Bottom,08/01/2024,,,08/01/2024 15:53,08/01/2024 17:03,1.166666667,Planned Corrective Maint.,Buoy Body,Closed,Aquatic Exposure,Removed,SPM_Offshore,DPR 2533,2024-01 (Jan),P3 - Low,,January,2024
08/01/2024 15:16,WO-SPM_100024,SPM-FT-HS-01,SPM Hose String Assembly (Floating/Submarine),Monthly GVI of Floating Hoses & Underwater Hoses (Chinese Lantern),,,,08/01/2024 15:16,08/01/2024 17:03,1.783333333,Planned Maint.,Submarine Hose,Closed,,,SPM_Offshore,DPR 2533,2024-01 (Jan),P2 - Medium,,January,2024
07/01/2024 21:08,WO-SPM_200005,SPM-AE-BY-02,CALM Buoy - CO760,SPM – MGR on PLEM Base,07/01/2024,,,07/01/2024 21:08,07/01/2024 22:04,0.933333333,Planned Corrective Maint.,PLEM Piping and Structure,Closed,Aquatic Exposure,Removed,SPM_Offshore,DPR 2532,2024-01 (Jan),P2 - Medium,,January,2024
07/01/2024 21:00,WO1154,JET-V-404,"12"" Gate Valve","During routine checks, excessive pressure build-up was observed behind valve V-404, despite the valve being tightly closed and isolated from the operation. This suggests that the valve may not be sealing effectively,
allowing product seepage. 

No action - leakage stopped",07/01/2024,07/01/2024,,07/01/2024 21:00,07/01/2024 21:00,0,Inspection,Valve,Closed,Leak,No Action,Oil_Jetty,,2024-01 (Jan),P3 - Low,,January,2024
07/01/2024 15:45,WO-SPM_200004,SPM-AE-BY-02,CALM Buoy - CO760,SPM – MGR SPM Flat Bottom,07/01/2024,,,07/01/2024 15:45,07/01/2024 19:53,4.133333333,Planned Corrective Maint.,Buoy Body,Closed,Aquatic Exposure,Removed,SPM_Offshore,DPR 2532,2024-01 (Jan),P3 - Low,,January,2024
07/01/2024 08:10,WO-SPM_200020,SPM-AE-BY-02,CALM Buoy - CO760,MGR SPM Flat Bottom,07/01/2024,,,07/01/2024 07:45,08/01/2024 09:03,25.3,Planned Corrective Maint.,Buoy Body,Closed,Aquatic Exposure,Removed,SPM_Offshore,"DPR 2532,33",2024-01 (Jan),P2 - Medium,,January,2024
07/01/2024 08:05,WO-SPM_200019,SPM-FT-HS-01,SPM Hose String Assembly (Floating/Submarine),MGR SPM PLEM Base,07/01/2024,,,07/01/2024 13:08,07/01/2024 14:04,0.933333333,Planned Corrective Maint.,PLEM Piping and Structure,Closed,Aquatic Exposure,Removed,SPM_Offshore,DPR 2532,2024-01 (Jan),P2 - Medium,,January,2024
06/01/2024 21:37,WO-SPM_200003,SPM-AE-BY-02,CALM Buoy - CO760,MGR on Buoy flat bottom.,06/01/2024,,,06/01/2024 21:37,06/01/2024 22:39,1.033333333,Planned Corrective Maint.,Buoy Body,Closed,Aquatic Exposure,Removed,SPM_Offshore,DPR 2531,2024-01 (Jan),P3 - Low,,January,2024
06/01/2024 15:14,WO-CBM_100011,ABB,CMB System for Planned Maint.,Pre-Berthing checks on System and MGR on PLEM,06/01/2024,06/01/2024,,06/01/2024 15:14,06/01/2024 16:30,1.266666667,Inspection,Mooring System,Closed,,,ABB_Offshore,DPR 2531,2024-01 (Jan),P1 - High,,January,2024
05/01/2024 21:37,WO-SPM_200002,SPM-AE-BY-02,CALM Buoy - CO760,SPM – MGR SPM Flat Bottom,05/01/2024,,,05/01/2024 21:37,05/01/2024 22:39,1.033333333,Planned Corrective Maint.,Buoy Body,Closed,Aquatic Exposure,Removed,SPM_Offshore,DPR 2531,2024-01 (Jan),P2 - Medium,,January,2024
05/01/2024 17:27,WO-SPM_200001,SPM-AE-BY-02,CALM Buoy - CO760,SPM – MGR SPM Flat Bottom,05/01/2024,,,05/01/2024 17:27,05/01/2024 18:15,0.8,Planned Corrective Maint.,Buoy Body,Closed,Aquatic Exposure,Removed,SPM_Offshore,DPR 2530,2024-01 (Jan),P3 - Low,,January,2024
05/01/2024 15:45,WO-SPM_200000,SPM-AE-BY-02,CALM Buoy - CO760,SPM – Fish Net removal around Buoy and on chains,05/01/2024,,,05/01/2024 15:45,05/01/2024 17:15,1.5,Planned Corrective Maint.,Anchoring System,Closed,Marine Fouling / Foreign Object,Removed,SPM_Offshore,DPR 2530,2024-01 (Jan),P3 - Low,,January,2024
04/01/2024 20:54,WO-SPM_100013,SPM-FT-PV-01,SPM PLEM,SPM –  Monthly Subsea Valve operation,,,,04/01/2024 20:54,04/01/2024 21:11,0.283333333,Planned Maint.,Valve,Closed,,,SPM_Offshore,DPR 2529,2024-01 (Jan),P2 - Medium,,January,2024
04/01/2024 20:09,WO-SPM_100012,SPM-AE-BY-02,CALM Buoy - CO760,"SPM - Quarterly Anode GVI and Cleaning for Buoy , Subsea Hoses and Floatation collars",,,,04/01/2024 20:09,04/01/2024 20:37,0.466666667,Planned Maint.,Cathodic Protection,Closed,,,SPM_Offshore,DPR 2529,2024-01 (Jan),P2 - Medium,,January,2024
04/01/2024 15:00,WO-SPM_100011,SPM-AE-BY-02,CALM Buoy - CO760,"SPM –  Bi-Weekly Anodes GVI, Buoy Body and Subsea hoses + Flotation Collars",,,,04/01/2024 15:00,04/01/2024 16:20,1.333333333,Planned Maint.,Buoy Body,Closed,,,SPM_Offshore,DPR 2529,2024-01 (Jan),P2 - Medium,,January,2024
04/01/2024 03:00,WO-SPM_100009,SPM-AE-BY-02,CALM Buoy - CO760,SPM- Monthly GVI Nav Aids,,,,04/01/2024 03:00,04/01/2024 03:40,0.666666667,Planned Maint.,NavAids & Power,Closed,,,SPM_Offshore,DPR 2528,2024-01 (Jan),P2 - Medium,,January,2024
03/01/2024 23:30,WO-SPM_100010,SPM-AE-BY-02,CALM Buoy - CO760,SPM –  Weekly Solar Panels GVI and cleaning,,,,03/01/2024 23:30,04/01/2024 00:10,0.666666667,Planned Maint.,NavAids & Power,Closed,,,SPM_Offshore,DPR 2528,2024-01 (Jan),P2 - Medium,,January,2024
03/01/2024 23:30,WO-SPM_100008,SPM-AE-BY-02,CALM Buoy - CO760,SPM – Solar Panels GVI and cleaning,,,,03/01/2024 23:30,03/01/2024 23:45,0.25,Planned Maint.,NavAids & Power,Closed,,,SPM_Offshore,DPR 2528,2024-01 (Jan),P2 - Medium,,January,2024
03/01/2024 23:15,WO-SPM_100007,SPM-FT-BY-02,CALM Buoy - CO760 Cargo transfer System,SPM – Monthly Expansion Joint GVI,,,,03/01/2024 23:15,03/01/2024 23:30,0.25,Planned Maint.,Piping,Closed,,,SPM_Offshore,DPR 2528,2024-01 (Jan),P2 - Medium,,January,2024
03/01/2024 23:00,WO-SPM_100006,SPM-FT-BY-02,CALM Buoy - CO760 Cargo transfer System,SPM – Monthly Top Side Valve Operations,,,,03/01/2024 23:00,03/01/2024 23:15,0.25,Planned Maint.,Valve,Closed,,,SPM_Offshore,DPR 2528,2024-01 (Jan),P2 - Medium,,January,2024
03/01/2024 22:30,WO-SPM_100005,SPM-FT-BY-02,CALM Buoy - CO760 Cargo transfer System,SPM –  Monthly Fluid Swivel GVI,,,,03/01/2024 22:30,03/01/2024 22:40,0.166666667,Planned Maint.,Swivel System,Closed,,,SPM_Offshore,DPR 2528,2024-01 (Jan),P2 - Medium,,January,2024
03/01/2024 21:30,WO-SPM_100004,SPM-FT-BY-02,CALM Buoy - CO760 Cargo transfer System,SPM –  Monthly Torque Arm GVI,,,,03/01/2024 21:30,03/01/2024 22:00,0.5,Planned Maint.,Swivel System,Closed,,,SPM_Offshore,DPR 2528,2024-01 (Jan),P2 - Medium,,January,2024
03/01/2024 20:30,WO-SPM_100003,SPM-AE-BY-02,CALM Buoy - CO760,SPM – Weekly Main Bearing Greasing,,,,03/01/2024 20:30,03/01/2024 21:30,1,Planned Maint.,Lubrication System,Closed,,,SPM_Offshore,DPR 2528,2024-01 (Jan),P2 - Medium,,January,2024
03/01/2024 19:30,WO-SPM_100002,SPM-AE-BY-02,CALM Buoy - CO760,SPM – Weekly Central Swivel Greasing and GVI,,,,03/01/2024 19:30,03/01/2024 20:30,1,Planned Maint.,Lubrication System,Closed,,,SPM_Offshore,DPR 2528,2024-01 (Jan),P2 - Medium,,January,2024
03/01/2024 19:00,WO-JET-200001,JET-10-PL-WHT-200,"10"" Products Pipeline","Leakage observed on the 10"" pipeline close to the VALCO Wharf during MT TORM CORRIDO condensate loading. Perforation at the 6'Oclock position.
Maintenance team were at the Jetty to inspect the leak point
(01/02/24) Leak section clamped with a bracket temporarily(01/03/24).",02/01/2024,,,03/01/2024 19:00,03/01/2024 19:15,0.25,Unplanned Corrective Maint.,Piping,Closed - Was Backlog,Leak,Clamped,Oil_Jetty,,2024-01 (Jan),P1 - High,,January,2024
03/01/2024 18:30,WO-SPM_100001,SPM-FT-HS-01,SPM Hose String Assembly (Floating/Submarine),SPM – Monthly External Leakage GVI,,,,03/01/2024 18:30,03/01/2024 19:00,0.5,Planned Maint.,Buoy Body,Closed,,,SPM_Offshore,DPR 2528,2024-01 (Jan),P2 - Medium,,January,2024
03/01/2024 18:30,WO-CBM_100010,ABB,CMB System for Planned Maint.,ABB - Coating -  Deck & QRH touch ups - Chipping and Painting of Buoys.,,,,03/01/2024 18:30,03/01/2024 22:30,4,Planned Maint.,Buoy Body,Closed,,,ABB_Offshore,DPR 2528,2024-01 (Jan),P2 - Medium,,January,2024
03/01/2024 18:30,WO-SPM_100000,SPM-AE-BY-02,CALM Buoy - CO760,SPM – Weekly Buoy Freeboard/Draft GVI,,,,03/01/2024 18:30,03/01/2024 19:00,0.5,Planned Maint.,Buoy Body,Closed,,,SPM_Offshore,DPR 2528,2024-01 (Jan),P2 - Medium,,January,2024
03/01/2024 17:48,WO-CBM_100003,ABB-ME-SC-01,ABB Sierra chain & pickup line,ABB - 4-Monthly Sierra Chain GVI and Cleaning,,,,03/01/2024 17:48,03/01/2024 18:20,0.533333333,Planned Maint.,Anchoring System,Closed,,,ABB_Offshore,DPR 2528,2024-01 (Jan),P2 - Medium,,January,2024
03/01/2024 16:37,WO-CBM_100002,ABB-CP-01,ABB Cathodic Protection System - Offshore,ABB - Bi-annual Buoys Cathodic protection GVI and CP readings,,,,03/01/2024 16:37,03/01/2024 17:37,1,Planned Maint.,Cathodic Protection,Closed,,,ABB_Offshore,DPR 2528,2024-01 (Jan),P2 - Medium,,January,2024
03/01/2024 16:37,WO-CBM_100007,ABB-FT-HS-01,ABB Submarine Hose Assembly,ABB – Quarterly CP Readings Subsea Hoses,,,,03/01/2024 16:37,03/01/2024 17:37,1,Planned Maint.,Cathodic Protection,Closed,,,ABB_Offshore,DPR 2528,2024-01 (Jan),P2 - Medium,,January,2024
03/01/2024 16:05,WO-CBM_100004,ABB,CMB System for Planned Maint.,ABB – Weekly Bush Wear checks,,,,03/01/2024 16:05,03/01/2024 16:37,0.533333333,Planned Maint.,Mooring System,Closed,,,ABB_Offshore,DPR 2528,2024-01 (Jan),P2 - Medium,,January,2024
03/01/2024 16:05,WO-CBM_100000,ABB,CMB System for Planned Maint.,ABB - Weekly Buoy Hooks & Lubrication GVI,,,,03/01/2024 16:05,03/01/2024 16:30,0.416666667,Planned Maint.,Mooring System,Closed,,,ABB_Offshore,DPR 2528,2024-01 (Jan),P2 - Medium,,January,2024
03/01/2024 16:05,WO-CBM_100001,ABB,CMB System for Planned Maint.,ABB - Weekly Buoys Freeboard/Draft GVI,,,,03/01/2024 16:05,03/01/2024 16:30,0.416666667,Planned Maint.,Buoy Body,Closed,,,ABB_Offshore,DPR 2528,2024-01 (Jan),P2 - Medium,,January,2024
03/01/2024 14:42,WO-CBM_100008,ABB-FT-V-1803,ABB PLEM Valve,ABB – Monthly PLEM Valve operation,,,,03/01/2024 14:42,03/01/2024 14:47,0.083333333,Planned Maint.,Valve,Closed,,,ABB_Offshore,DPR 2528,2024-01 (Jan),P2 - Medium,,January,2024
03/01/2024 14:42,WO-CBM_100006,ABB-FT-HS-01,ABB Submarine Hose Assembly,ABB – Monthly GVI Subsea Hoses,,,,03/01/2024 14:42,03/01/2024 15:18,0.6,Planned Maint.,Submarine Hose,Closed,,,ABB_Offshore,DPR 2528,2024-01 (Jan),P2 - Medium,,January,2024
03/01/2024 14:42,WO-CBM_100005,ABB-FT-HS-01,ABB Submarine Hose Assembly,ABB – Monthly GVI above water Hoses on Hose string,,,,03/01/2024 14:42,03/01/2024 15:18,0.6,Planned Maint.,Submarine Hose,Closed,,,ABB_Offshore,DPR 2528,2024-01 (Jan),P2 - Medium,,January,2024
03/01/2024 14:00,WO-SPM_100015,SPM-AE-BY-02,CALM Buoy - CO760,SPM - Quarterly Batteries Checks - not available on SPM2,,,,03/01/2024 14:00,03/01/2024 14:00,0,Planned Maint.,NavAids & Power,Cancelled,,,SPM_Offshore,,2024-01 (Jan),P2 - Medium,,January,2024
03/01/2024 14:00,WO-SPM_100014,SPM-AE-BY-02,CALM Buoy - CO760,SPM  - Quarterly -  Enclosures - Inspect batt. box seals for water tightness and clean,,,,03/01/2024 14:00,03/01/2024 14:00,0,Planned Maint.,NavAids & Power,Cancelled,,,SPM_Offshore,,2024-01 (Jan),P2 - Medium,,January,2024
03/01/2024 08:00,WO-CBM_100009,MATHEEW BUOY,Buoy for SW10/Atlantis,Matthew Buoy Bi-annual Cathodic Protection Survey - Buoy removed from system - replaced with a floating ball Buoy,,,,03/01/2024 08:00,03/01/2024 08:00,0,Planned Maint.,Buoy Body,Cancelled,,,ABB_Offshore,,2024-01 (Jan),P2 - Medium,,January,2024
02/01/2024 16:30,WO-W_SHOP_100001,COMP-01,Air Compressor - KOTECH,Weekly Inspection,,,,02/01/2024 16:30,02/01/2024 17:00,0.5,Planned Maint.,Engine,Closed,,,W_Shop,,2024-01 (Jan),P2 - Medium,,January,2024
02/01/2024 07:33,WO-JET_200000,JET-10-PL-WHT-200,"10"" Products Pipeline","Leakage observed at the 6 O'clock position on one of the clamps on the 10"" pipeline at the VALCO Wharf during loading of Condensate onto MT TORM CORRIDO. 

No action - leak stopped during discharge",01/01/2024,02/01/2024,,02/01/2024 07:33,02/01/2024 07:33,0,Inspection,Piping,Closed,Leak,No Action,Oil_Jetty,,2024-01 (Jan),P1 - High,,January,2024
31/12/2023 20:00,WO1149,SPM-AE-BY-02,CALM Buoy - CO760,SPM – MGR on Floating hose with Cavi. Cleaning of SPM Floating hose completed,,,,31/12/2023 20:00,01/01/2024 00:00,4,Planned Corrective Maint.,Submarine Hose,Closed,,,SPM_Offshore,DPR 2534,2024-01 (Jan),P2 - Medium,,December,2023
30/12/2023 17:50,WO1148,ABB,CMB System for Planned Maint.,Weekly Greasing of Main Bearing and Central Swivel Bearing,,,,30/12/2023 17:50,30/12/2023 18:10,0.333333333,Planned Maint.,Swivel System,Closed,,,ABB_Offshore,DPR 2524,2023-12 (Dec),P2 - Medium,,December,2023
30/12/2023 16:18,WO1147,ABB,CMB System for Planned Maint.,"Monthly GVI on LKP Connections, Swivels, H-Links and Chain Touch down areas",,,,30/12/2023 16:18,30/12/2023 17:08,0.833333333,Planned Maint.,Swivel System,Closed,,,ABB_Offshore,DPR 2524,2023-12 (Dec),P2 - Medium,,December,2023
30/12/2023 15:45,WO1146,ABB,CMB System for Planned Maint.,Pre-berthing Checks,,,,30/12/2023 15:45,30/12/2023 16:10,0.416666667,Planned Maint.,Mooring System,Closed,,,ABB_Offshore,DPR 2524,2023-12 (Dec),P2 - Medium,,December,2023
30/12/2023 14:30,WO1145,ABB-FT-HS-01,ABB Submarine Hose Assembly,Check lay of Subsea hose assembly,,30/12/2023,,30/12/2023 14:30,30/12/2023 14:54,0.4,Inspection,Submarine Hose,Closed,,,ABB_Offshore,DPR 2524,2023-12 (Dec),P2 - Medium,,December,2023
29/12/2023 17:16,WO1144,SPM-AE-BY-02,CALM Buoy - CO760,MGR on centre well and flat bottom,,,,29/12/2023 17:16,29/12/2023 23:03,5.783333333,Planned Corrective Maint.,Buoy Body,Closed,Aquatic Exposure,Removed,SPM_Offshore,DPR 2523,2023-12 (Dec),P2 - Medium,,December,2023
28/12/2023 22:26,WO1143,ABB,CMB System for Planned Maint.,Checks on all mooring lines,,28/12/2023,,28/12/2023 22:26,28/12/2023 23:00,0.566666667,Inspection,Mooring System,Closed,,,ABB_Offshore,DPR 2522,2023-12 (Dec),P2 - Medium,,December,2023
28/12/2023 22:00,WO1142,ABB-FT-HS-01,ABB Submarine Hose Assembly,Check lay of Subsea hose assembly,,28/12/2023,,28/12/2023 22:00,28/12/2023 22:19,0.316666667,Inspection,Submarine Hose,Closed,,,ABB_Offshore,DPR 2522,2023-12 (Dec),P2 - Medium,,December,2023
28/12/2023 19:15,WO1141,ABB,CMB System for Planned Maint.,Pre-Berthing checks - Replace Charlie Buoy Bushes,,,,28/12/2023 19:15,28/12/2023 19:45,0.5,Planned Corrective Maint.,Buoy Body,Closed,Worn,Replaced,ABB_Offshore,DPR 2522,2023-12 (Dec),P2 - Medium,,December,2023
28/12/2023 17:59,WO1140,ABB-FT-HS-01,ABB Submarine Hose Assembly,Check lay of Subsea hose assembly,,28/12/2023,,28/12/2023 17:59,28/12/2023 18:30,0.516666667,Inspection,Submarine Hose,Closed,,,ABB_Offshore,DPR 2522,2023-12 (Dec),P2 - Medium,,December,2023
27/12/2023 20:50,WO1139,SPM-AE-BY-02,CALM Buoy - CO760,MGR SPM Centre Well,,,,27/12/2023 20:50,27/12/2023 23:06,2.266666667,Planned Corrective Maint.,Buoy Body,Closed,Aquatic Exposure,Removed,SPM_Offshore,DPR 2521,2023-12 (Dec),P2 - Medium,,December,2023
27/12/2023 15:50,WO1138,ABB,CMB System for Planned Maint.,​Cleaning of Buoy body,,,,27/12/2023 15:50,27/12/2023 19:30,3.666666667,Planned Maint.,Buoy Body,Closed,,Cleaned,ABB_Offshore,DPR 2521,2023-12 (Dec),P2 - Medium,,December,2023
26/12/2023 18:30,WO1137,ABB-FT-V-1803,ABB PLEM Valve,MGR on PLEM,,,,26/12/2023 18:30,26/12/2023 19:06,0.6,Planned Corrective Maint.,PLEM Piping and Structure,Closed,Aquatic Exposure,Removed,ABB_Offshore,DPR 2520,2023-12 (Dec),P2 - Medium,,December,2023
26/12/2023 15:30,WO1135,ABB,CMB System for Planned Maint.,Wash ABB buoys and do checks visual checks around buoys,,,,26/12/2023 15:30,26/12/2023 16:54,1.4,Planned Maint.,Buoy Body,Closed,,,ABB_Offshore,DPR 2520,2023-12 (Dec),P2 - Medium,,December,2023
26/12/2023 15:30,WO1136,ABB-FT-HS-01,ABB Submarine Hose Assembly,Check lay of Subsea hose assembly,,26/12/2023,,26/12/2023 15:30,26/12/2023 16:54,1.4,Inspection,Submarine Hose,Closed,,,ABB_Offshore,DPR 2520,2023-12 (Dec),P2 - Medium,,December,2023
25/12/2023 22:40,WO1134,ABB,CMB System for Planned Maint.,​Pre-Berthing checks,,,,25/12/2023 22:40,25/12/2023 23:00,0.333333333,Planned Maint.,Mooring System,Closed,,,ABB_Offshore,DPR 2519,2023-12 (Dec),P2 - Medium,,December,2023
25/12/2023 21:22,WO1133,ABB-FT-HS-01,ABB Submarine Hose Assembly,Check lay of Subsea hose assembly,,25/12/2023,,25/12/2023 21:22,25/12/2023 21:43,0.35,Inspection,Submarine Hose,Closed,,,ABB_Offshore,DPR 2519,2023-12 (Dec),P2 - Medium,,December,2023
24/12/2023 15:57,WO1132,SPM-FT-HS-01,SPM Hose String Assembly (Floating/Submarine),MGR on Subsea Hoses,,,,24/12/2023 15:57,24/12/2023 21:39,5.7,Planned Corrective Maint.,Submarine Hose,Closed,Aquatic Exposure,Removed,SPM_Offshore,DPR 2518,2023-12 (Dec),P2 - Medium,,December,2023
23/12/2023 20:30,WO1131,ABB-FT-V-1803,ABB PLEM Valve,MGR on PLEM,,,,23/12/2023 20:30,23/12/2023 21:20,0.833333333,Planned Corrective Maint.,PLEM Piping and Structure,Closed,Aquatic Exposure,Removed,ABB_Offshore,DPR 2517,2023-12 (Dec),P2 - Medium,,December,2023
23/12/2023 20:30,WO1130,ABB-FT-HS-01,ABB Submarine Hose Assembly,Check lay of Subsea hose assembly,,23/12/2023,,23/12/2023 20:30,23/12/2023 21:20,0.833333333,Inspection,Submarine Hose,Closed,,,ABB_Offshore,DPR 2517,2023-12 (Dec),P2 - Medium,,December,2023
23/12/2023 15:26,WO1129,SPM-FT-PV-01,SPM PLEM,MGR on Subsea Hoses,,,,23/12/2023 15:26,23/12/2023 17:25,1.983333333,Planned Corrective Maint.,Submarine Hose,Closed,Aquatic Exposure,Removed,SPM_Offshore,DPR 2517,2023-12 (Dec),P2 - Medium,,December,2023
23/12/2023 08:00,WO1128,ABB,CMB System for Planned Maint.,Checks on all mooring lines,,23/12/2023,,23/12/2023 13:26,23/12/2023 13:40,0.233333333,Inspection,Mooring System,Closed,,,ABB_Offshore,DPR 2517,2023-12 (Dec),P2 - Medium,,December,2023
22/12/2023 21:37,WO1127,SPM-FT-HS-01,SPM Hose String Assembly (Floating/Submarine),MGR on Subsea Hoses,,,,22/12/2023 21:37,22/12/2023 23:23,1.766666667,Planned Corrective Maint.,Submarine Hose,Closed,Aquatic Exposure,Removed,SPM_Offshore,DPR 2516,2023-12 (Dec),P2 - Medium,,December,2023
22/12/2023 16:23,WO1126,SPM-FT-PV-01,SPM PLEM,MGR on SPM PLEM,,,,22/12/2023 16:23,22/12/2023 16:46,0.383333333,Planned Corrective Maint.,PLEM Piping and Structure,Closed,Aquatic Exposure,Removed,SPM_Offshore,DPR 2516,2023-12 (Dec),P2 - Medium,,December,2023
22/12/2023 15:12,WO1125,ABB,CMB System for Planned Maint.,Pre-berthing Checks,,,,22/12/2023 15:12,22/12/2023 16:01,0.816666667,Planned Maint.,Mooring System,Closed,,,ABB_Offshore,DPR 2516,2023-12 (Dec),P2 - Medium,,December,2023
21/12/2023 17:00,WO1124,Oil-Jetty,Oil Jetty System for Planned Maintenance,Monthly Sump and Sump Pipeline Inspection,21/12/2023,,,21/12/2023 17:00,21/12/2023 19:00,2,Planned Maint.,Piping,Closed,,,Oil_Jetty,,2023-12 (Dec),P2 - Medium,,December,2023
21/12/2023 16:15,WO1123,ABB,CMB System for Planned Maint.,Clean ABB Buoys,,,,21/12/2023 16:15,21/12/2023 18:00,1.75,Planned Maint.,Buoy Body,Closed,,Cleaned,ABB_Offshore,DPR 2515,2023-12 (Dec),P2 - Medium,,December,2023
21/12/2023 16:00,WO1122,Oil-Jetty,Oil Jetty System for Planned Maintenance,Monthly Valve Inspection,21/12/2023,,,21/12/2023 16:00,21/12/2023 18:00,2,Planned Maint.,Valve,Closed,,,Oil_Jetty,,2023-12 (Dec),P2 - Medium,,December,2023
21/12/2023 15:11,WO1121,SPM-FT-PV-01,SPM PLEM,MGR on SPM PLEM,,,,21/12/2023 15:11,21/12/2023 22:41,7.5,Planned Corrective Maint.,PLEM Piping and Structure,Closed,Aquatic Exposure,Removed,SPM_Offshore,DPR 2515,2023-12 (Dec),P2 - Medium,,December,2023
21/12/2023 08:00,WO1120,JET-14-PL-WHT-400,"14"" Products Pipeline",Temporarily fix Nitrile rubber padding between the bend of the 14-inch pipeline and the TOR water piping support at the VALCO Wharf to prevent abrasion and rubbing.,,,,21/12/2023 10:00,21/12/2023 11:00,1,Planned Corrective Maint.,Piping,Closed,Abrasion,Repaired,Oil_Jetty,,2023-12 (Dec),P2 - Medium,,December,2023
20/12/2023 17:00,WO1119,ABB/SPM_Onshore,Onshore ABB_SPM System for Planned Maintenance,Monthly Cathodic protection potential measurement,20/12/2023,,,20/12/2023 17:00,20/12/2023 19:00,2,Planned Maint.,Cathodic Protection,Closed,,,ABB_SPM_Onshore,,2023-12 (Dec),P2 - Medium,,December,2023
20/12/2023 15:15,WO1118,SPM-FT-PV-01,SPM PLEM,MGR on SPM PLEM,,,,20/12/2023 15:15,20/12/2023 23:12,7.95,Planned Corrective Maint.,PLEM Piping and Structure,Closed,Aquatic Exposure,Removed,SPM_Offshore,DPR 2514,2023-12 (Dec),P2 - Medium,,December,2023
19/12/2023 23:30,WO1117,ABB-ME-BY-03,ABB Delta Buoy,Replace UKP Bushes on ABB 03,,,,19/12/2023 23:30,20/12/2023 00:00,0.5,Planned Corrective Maint.,Buoy Body,Closed,Worn,Replaced,ABB_Offshore,DPR 2513,2023-12 (Dec),P1 - High,,December,2023
19/12/2023 23:20,WO1116,ABB,CMB System for Planned Maint.,Pre-berthing Checks,,,,19/12/2023 23:20,20/12/2023 00:00,0.666666667,Planned Maint.,Mooring System,Closed,,,ABB_Offshore,DPR 2513,2023-12 (Dec),P2 - Medium,,December,2023
19/12/2023 21:13,WO1115,ABB-FT-HS-01,ABB Submarine Hose Assembly,Check lay of Subsea hose assembly,,,,19/12/2023 21:13,19/12/2023 21:39,0.433333333,Planned Maint.,Submarine Hose,Closed,,,ABB_Offshore,DPR 2513,2023-12 (Dec),P2 - Medium,,December,2023
19/12/2023 16:30,WO1114,SW10,Seaways 10 Vessel,"Lubricating and Function testing of Lever hoist, chain blocks and Tirfors",,,,19/12/2023 16:30,19/12/2023 20:30,4,Planned Maint.,Lubrication System,Closed,,,ABB_Offshore,DPR 2513,2023-12 (Dec),P2 - Medium,,December,2023
19/12/2023 16:30,WO1113,SW10,Seaways 10 Vessel,Painting of Black toolboxes.,,,,19/12/2023 16:30,19/12/2023 20:30,4,Planned Corrective Maint.,Buoy Body,Closed,Corrosion,Coated,ABB_Offshore,DPR 2513,2023-12 (Dec),P2 - Medium,,December,2023
19/12/2023 15:10,WO1111,SPM-AE-BY-02,CALM Buoy - CO760,Weekly Greasing of Main Bearing & Central Swivel,,,,19/12/2023 15:10,19/12/2023 16:30,1.333333333,Planned Maint.,Swivel System,Closed,,,SPM_Offshore,DPR 2513,2023-12 (Dec),P2 - Medium,,December,2023
19/12/2023 15:10,WO1112,SPM-AE-BY-02,CALM Buoy - CO760,Weekly Solar Panel GVI,,,,19/12/2023 15:10,19/12/2023 16:30,1.333333333,Planned Maint.,NavAids & Power,Closed,,,SPM_Offshore,DPR 2513,2023-12 (Dec),P2 - Medium,,December,2023
18/12/2023 15:19,WO1109,SPM-FT-PV-01,SPM PLEM,PLEM Seabed survey,,,,18/12/2023 15:19,18/12/2023 15:43,0.4,Planned Maint.,PLEM Piping and Structure,Closed,,,SPM_Offshore,DPR 2512,2023-12 (Dec),P2 - Medium,,December,2023
18/12/2023 15:19,WO1110,SPM-FT-PV-01,SPM PLEM,MGR on PLEM,,,,18/12/2023 15:19,18/12/2023 17:21,2.033333333,Planned Corrective Maint.,PLEM Piping and Structure,Closed,Aquatic Exposure,Removed,SPM_Offshore,DPR 2512,2023-12 (Dec),P2 - Medium,,December,2023
17/12/2023 22:18,WO1108,ABB,CMB System for Planned Maint.,Checks on all mooring lines. All good on hooks,,,,17/12/2023 22:18,17/12/2023 22:30,0.2,Planned Maint.,Mooring System,Closed,,,ABB_Offshore,DPR 2511,2023-12 (Dec),P2 - Medium,,December,2023
17/12/2023 21:54,WO1107,ABB,CMB System for Planned Maint.,Check lay of Subsea hose assembly,,,,17/12/2023 21:54,17/12/2023 22:13,0.316666667,Planned Maint.,Submarine Hose,Closed,,,ABB_Offshore,DPR 2511,2023-12 (Dec),P2 - Medium,,December,2023
17/12/2023 17:45,WO1106,ABB,CMB System for Planned Maint.,Pre-berthing Checks,,,,17/12/2023 17:45,17/12/2023 18:10,0.416666667,Planned Maint.,Mooring System,Closed,,,ABB_Offshore,DPR 2511,2023-12 (Dec),P2 - Medium,,December,2023
17/12/2023 15:45,WO1105,SPM-FT-HS-01,SPM Hose String Assembly (Floating/Submarine),Check lay of Subsea hose assembly,,,,17/12/2023 15:45,17/12/2023 16:10,0.416666667,Planned Maint.,Submarine Hose,Closed,,,SPM_Offshore,DPR 2511,2023-12 (Dec),P2 - Medium,,December,2023
16/12/2023 17:30,WO1104,SPM-FT-PV-01,SPM PLEM,MGR on PLEM,,,,16/12/2023 17:30,16/12/2023 19:00,1.5,Planned Corrective Maint.,PLEM Piping and Structure,Closed,Aquatic Exposure,Removed,SPM_Offshore,DPR 2510,2023-12 (Dec),P2 - Medium,,December,2023
16/12/2023 16:04,WO1103,SPM-AE-BY-02,CALM Buoy - CO760,"MGR on Mooring chain Tails, Lockers and Skirt",,,,16/12/2023 16:04,16/12/2023 17:16,1.2,Planned Corrective Maint.,Anchoring System,Closed,Aquatic Exposure,Removed,SPM_Offshore,DPR 2510,2023-12 (Dec),P2 - Medium,,December,2023
16/12/2023 15:35,WO1102,SPM-AE-BY-02,CALM Buoy - CO760,Weekly Greasing of Main Bearing,,,,16/12/2023 15:35,16/12/2023 16:04,0.483333333,Planned Maint.,Lubrication System,Closed,,,SPM_Offshore,DPR 2510,2023-12 (Dec),P2 - Medium,,December,2023
16/12/2023 15:35,WO1101,SPM-AE-BY-02,CALM Buoy - CO760,Weekly GVI and Greasing of Central Swivel,,,,16/12/2023 15:35,16/12/2023 16:04,0.483333333,Planned Maint.,Lubrication System,Closed,,,SPM_Offshore,DPR 2510,2023-12 (Dec),P2 - Medium,,December,2023
15/12/2023 20:01,WO1100,ABB,CMB System for Planned Maint.,Checks on all mooring lines. All good on hooks,,15/12/2023,,15/12/2023 20:01,15/12/2023 20:30,0.483333333,Inspection,Mooring System,Closed,,,ABB_Offshore,DPR 2509,2023-12 (Dec),P2 - Medium,,December,2023
15/12/2023 19:10,WO1099,ABB,CMB System for Planned Maint.,Check lay of Subsea hose assembly,,15/12/2023,,15/12/2023 19:10,15/12/2023 19:55,0.75,Inspection,Submarine Hose,Closed,,,ABB_Offshore,DPR 2509,2023-12 (Dec),P2 - Medium,,December,2023
15/12/2023 18:10,WO1098,ABB-FT-V-1803,ABB PLEM Valve,MGR on PLEM and Jumper hoses,,,,15/12/2023 18:10,15/12/2023 19:55,1.75,Planned Corrective Maint.,PLEM Piping and Structure,Closed,Aquatic Exposure,Removed,ABB_Offshore,DPR 2509,2023-12 (Dec),P2 - Medium,,December,2023
15/12/2023 16:00,WO1096,ABB,CMB System for Planned Maint.,Pre-berthing Checks,,,,15/12/2023 16:00,15/12/2023 16:30,0.5,Planned Maint.,Mooring System,Closed,,,ABB_Offshore,DPR 2509,2023-12 (Dec),P2 - Medium,,December,2023
15/12/2023 16:00,WO1097,Oil-Jetty,Oil Jetty System for Planned Maintenance,Bi-weekly Servitude Walk/Pipeline Inspection,15/12/2023,,,15/12/2023 16:00,15/12/2023 18:00,2,Planned Maint.,Piping,Closed,,,Oil_Jetty,,2023-12 (Dec),P2 - Medium,,December,2023
15/12/2023 14:25,WO1095,ABB-FT-HS-01,ABB Submarine Hose Assembly,Check lay of Subsea hose assembly,,,,15/12/2023 14:25,15/12/2023 14:54,0.483333333,Planned Maint.,Submarine Hose,Closed,,,ABB_Offshore,DPR 2509,2023-12 (Dec),P2 - Medium,,December,2023
14/12/2023 21:12,WO1094,SPM-FT-PV-01,SPM PLEM,MGR on PLEM,,,,14/12/2023 21:12,14/12/2023 22:12,1,Planned Corrective Maint.,PLEM Piping and Structure,Closed,Aquatic Exposure,Removed,SPM_Offshore,DPR 2508,2023-12 (Dec),P2 - Medium,,December,2023
14/12/2023 17:00,WO1093,ABB/SPM_Onshore,Onshore ABB_SPM System for Planned Maintenance,Weekly Servitude Walk,14/12/2023,,,14/12/2023 17:00,14/12/2023 20:00,3,Planned Maint.,Piping,Closed,,,ABB_SPM_Onshore,,2023-12 (Dec),P2 - Medium,,December,2023
14/12/2023 16:20,WO1092,SPM-AE-BY-02,CALM Buoy - CO760,MGR on Mooring chain Tails,,,,14/12/2023 16:20,14/12/2023 20:02,3.7,Planned Corrective Maint.,Anchoring System,Closed,Aquatic Exposure,Removed,SPM_Offshore,DPR 2508,2023-12 (Dec),P2 - Medium,,December,2023
13/12/2023 16:07,WO1091,SPM-FT-PV-01,SPM PLEM,MGR on PLEM,,,,13/12/2023 16:07,13/12/2023 16:41,0.566666667,Planned Corrective Maint.,PLEM Piping and Structure,Closed,Aquatic Exposure,Removed,SPM_Offshore,DPR 2507,2023-12 (Dec),P2 - Medium,,December,2023
13/12/2023 15:10,WO1090,SPM-AE-BY-02,CALM Buoy - CO760,Weekly Solar Panel checks.,,,,13/12/2023 15:10,13/12/2023 16:07,0.95,Planned Maint.,NavAids & Power,Closed,,,SPM_Offshore,DPR 2507,2023-12 (Dec),P2 - Medium,,December,2023
13/12/2023 15:10,WO1089,SPM-AE-BY-02,CALM Buoy - CO760,Monthly Soundings,,,,13/12/2023 15:10,13/12/2023 16:07,0.95,Planned Maint.,Buoy Body,Closed,,,SPM_Offshore,DPR 2507,2023-12 (Dec),P2 - Medium,,December,2023
13/12/2023 15:10,WO1088,SPM-AE-BY-02,CALM Buoy - CO760,Weekly freeboard Checks.,,,,13/12/2023 15:10,13/12/2023 16:07,0.95,Planned Maint.,Buoy Body,Closed,,,SPM_Offshore,DPR 2507,2023-12 (Dec),P2 - Medium,,December,2023
12/12/2023 20:39,WO1087,SPM-ME-CH-01,SPM Mooring Chain,MGR mooring Chain# 06,,,,12/12/2023 20:39,12/12/2023 22:08,1.483333333,Planned Corrective Maint.,Anchoring System,Closed,Aquatic Exposure,Removed,SPM_Offshore,DPR 2506,2023-12 (Dec),P2 - Medium,,December,2023
12/12/2023 18:58,WO1086,ABB,CMB System for Planned Maint.,Checks on all mooring lines,,12/12/2023,,12/12/2023 18:58,12/12/2023 19:20,0.366666667,Inspection,Mooring System,Closed,,,ABB_Offshore,DPR 2506,2023-12 (Dec),P2 - Medium,,December,2023
12/12/2023 18:37,WO1085,ABB-FT-HS-01,ABB Submarine Hose Assembly,Check lay of Subsea hose assembly,,12/12/2023,,12/12/2023 18:37,12/12/2023 18:52,0.25,Inspection,Submarine Hose,Closed,,,ABB_Offshore,DPR 2506,2023-12 (Dec),P2 - Medium,,December,2023
12/12/2023 17:00,WO1084,GPMS-W-SHOP,GPMS Maintenance Workshop & Warehouse,"4-monthly Hose Rotation - 90 deg. Clockwise Rotation & GVI of hoses, taps, racks, hose end covers",,,,12/12/2023 17:00,13/12/2023 00:40,7.666666667,Planned Maint.,Hose,Closed,,,W_Shop,,2023-12 (Dec),P2 - Medium,,December,2023
12/12/2023 16:30,WO1083,ABB/SPM_Onshore,Onshore ABB_SPM System for Planned Maintenance,"Quarterly Monthly GVI of hoses, taps, racks, hose end covers & 90 deg. Clockwise
Rotation",,,,12/12/2023 16:30,12/12/2023 18:30,2,Planned Maint.,Hose,Closed,,,ABB_SPM_Onshore,,2023-12 (Dec),P2 - Medium,,December,2023
12/12/2023 15:20,WO1082,ABB,CMB System for Planned Maint.,Pre-berthing Checks,,12/12/2023,,12/12/2023 15:20,12/12/2023 16:10,0.833333333,Inspection,Mooring System,Closed,,,ABB_Offshore,DPR 2506,2023-12 (Dec),P1 - High,,December,2023
12/12/2023 00:40,WO1081,ABB-ME-BY-02,ABB  Bravo Buoy,Load test on Bravo Buoy,,,,12/12/2023 00:40,12/12/2023 01:41,1.016666667,Planned Maint.,Buoy Body,Closed,,,ABB_Offshore,DPR 2505,2023-12 (Dec),P2 - Medium,,December,2023
11/12/2023 21:49,WO1080,ABB-ME-BY-02,ABB  Bravo Buoy,End to End TD chains on ABB02 - Change out H-Link and swap end to ends of chain around,,,,11/12/2023 21:49,12/12/2023 00:30,2.683333333,Planned Corrective Maint.,Anchoring System,Closed,Worn,Swapped,ABB_Offshore,DPR 2505 / ABB Report 274,2023-12 (Dec),P2 - Medium,ABB Report,December,2023
11/12/2023 17:57,WO1079,ABB-ME-BY-04,ABB Charlie Buoy,"Monthly GVI of LKP, Connections, Pins and Touch down checks on AAB 04",,,,11/12/2023 17:57,11/12/2023 18:27,0.5,Planned Maint.,Swivel System,Closed,,,ABB_Offshore,DPR 2505,2023-12 (Dec),P2 - Medium,,December,2023
11/12/2023 17:57,WO1078,ABB-ME-BY-03,ABB Delta Buoy,"Monthly GVI of LKP, Connections, Pins and Touch down checks on ABB- 03",,,,11/12/2023 17:57,11/12/2023 18:27,0.5,Planned Maint.,Swivel System,Closed,,,ABB_Offshore,DPR 2505,2023-12 (Dec),P2 - Medium,,December,2023
11/12/2023 17:15,WO1077,ABB,CMB System for Planned Maint.,Pre-berthing Checks,,11/12/2023,,11/12/2023 17:15,11/12/2023 17:40,0.416666667,Inspection,Mooring System,Closed,,,ABB_Offshore,DPR 2505,2023-12 (Dec),P1 - High,,December,2023
11/12/2023 15:52,WO1076,ABB-FT-HS-01,ABB Submarine Hose Assembly,Check lay of Subsea hose assembly,,,,11/12/2023 15:52,11/12/2023 16:22,0.5,Planned Maint.,Submarine Hose,Closed,,,ABB_Offshore,DPR 2505,2023-12 (Dec),P2 - Medium,,December,2023
10/12/2023 15:16,WO1075,SPM-ME-CH-01,SPM Mooring Chain,MGR mooring Chain# 06.,,,,10/12/2023 15:16,10/12/2023 18:39,3.383333333,Planned Corrective Maint.,Anchoring System,Closed,Aquatic Exposure,Removed,SPM_Offshore,DPR 2504,2023-12 (Dec),P2 - Medium,,December,2023
09/12/2023 20:44,WO1074,SPM-ME-CH-01,SPM Mooring Chain,MGR on Mooring chain# 06,,,,09/12/2023 20:44,09/12/2023 21:40,0.933333333,Planned Corrective Maint.,Anchoring System,Closed,Aquatic Exposure,Removed,SPM_Offshore,DPR 2503,2023-12 (Dec),P2 - Medium,,December,2023
09/12/2023 20:44,WO1073,SPM-ME-CH-01,SPM Mooring Chain,MGR on Mooring chain# 06,,,,09/12/2023 20:44,09/12/2023 21:40,0.933333333,Planned Corrective Maint.,Anchoring System,Closed,Aquatic Exposure,Removed,SPM_Offshore,DPR 2503,2023-12 (Dec),P2 - Medium,,December,2023
09/12/2023 16:38,WO1072,SPM-ME-CH-01,SPM Mooring Chain,MGR on Mooring chain# 05,,,,09/12/2023 16:38,09/12/2023 19:02,2.4,Planned Corrective Maint.,Anchoring System,Closed,Aquatic Exposure,Removed,SPM_Offshore,DPR 2503,2023-12 (Dec),P2 - Medium,,December,2023
09/12/2023 15:55,WO1071,SPM-AE-BY-02,CALM Buoy - CO760,Weekly GVI and Greasing of Central Swivel,,,,09/12/2023 15:55,09/12/2023 16:38,0.716666667,Planned Maint.,Anchoring System,Closed,,,SPM_Offshore,DPR 2503,2023-12 (Dec),P2 - Medium,,December,2023
09/12/2023 15:55,WO1070,SPM-AE-BY-02,CALM Buoy - CO760,Monthly GVI and Greasing of SPM Main Bearing,,,,09/12/2023 15:55,09/12/2023 16:38,0.716666667,Planned Maint.,Buoy Body,Closed,,,SPM_Offshore,DPR 2503,2023-12 (Dec),P2 - Medium,,December,2023
08/12/2023 22:30,WO1069,JET-10-PL-WHT-200,"10"" Products Pipeline","Small leakage observed on the 10"" pipeline close to the VALCO Wharf. Perforation at the 6'Oclock position. Occurred during pipeline inspection of the hydrotest.

Leak section clamped with a bracket
temporarily.",08/12/2023,,,08/12/2023 22:30,08/12/2023 23:00,0.5,Unplanned Corrective Maint.,Piping,Closed - Was Backlog,Leak,Clamped,Oil_Jetty,,2023-12 (Dec),P1 - High,,December,2023
08/12/2023 21:13,WO1067,ABB-FT-HS-01,ABB Submarine Hose Assembly,Check lay of Subsea hose assembly,,,,08/12/2023 21:13,08/12/2023 21:49,0.6,Planned Maint.,Submarine Hose,Closed,,,ABB_Offshore,DPR 2502,2023-12 (Dec),P2 - Medium,,December,2023
08/12/2023 21:13,WO1068,ABB-FT-HS-01,ABB Submarine Hose Assembly,MGR on Subsea Hoses,,,,08/12/2023 21:13,08/12/2023 21:49,0.6,Planned Corrective Maint.,Submarine Hose,Closed,Aquatic Exposure,Removed,ABB_Offshore,DPR 2502,2023-12 (Dec),P2 - Medium,,December,2023
08/12/2023 17:05,WO1066,ABB-ME-BY-05,ABB Alpha Buoy,"Monthly GVI on LKP, Connections, Pins and Touch down on ABB 05.",,,,08/12/2023 17:05,08/12/2023 17:46,0.683333333,Planned Maint.,Buoy Body,Closed,,,ABB_Offshore,DPR 2502,2023-12 (Dec),P2 - Medium,,December,2023
08/12/2023 17:05,WO1064,ABB-ME-BY-02,ABB  Bravo Buoy,"Monthly GVI on LKP, Connections, Pins and Touch down on ABB – 02",,,,08/12/2023 17:05,08/12/2023 17:46,0.683333333,Planned Maint.,Swivel System,Closed,,Inspected,ABB_Offshore,DPR 2502,2023-12 (Dec),P2 - Medium,,December,2023
08/12/2023 17:05,WO1065,ABB-ME-BY-02,ABB  Bravo Buoy,"Repaired detached H-Link Pin nut on ABB-02 seabed with old Safety Pin due to
corroded thread",,,,08/12/2023 17:05,08/12/2023 17:46,0.683333333,Planned Corrective Maint.,Buoy Body,Closed,Loose (Detached),Repaired,ABB_Offshore,DPR 2502,2023-12 (Dec),P2 - Medium,,December,2023
08/12/2023 16:15,WO1063,ABB,CMB System for Planned Maint.,Pre-berthing Checks,,,,08/12/2023 16:15,08/12/2023 16:35,0.333333333,Planned Maint.,Mooring System,Closed,,,ABB_Offshore,DPR 2502,2023-12 (Dec),P2 - Medium,,December,2023
08/12/2023 14:28,WO1062,ABB-FT-HS-01,ABB Submarine Hose Assembly,Monthly GVI on Subsea Hose assembly,,,,08/12/2023 14:28,08/12/2023 14:52,0.4,Planned Maint.,Submarine Hose,Closed,,Inspected,ABB_Offshore,DPR 2502,2023-12 (Dec),P2 - Medium,,December,2023
08/12/2023 00:30,WO1061,JET-10-PL-WHT-200,"10"" Products Pipeline","Leakage observed on the 10"" pipeline close to the VALCO
Wharf. Perforation at the 6'Oclock position. Occurred during Hydrotesting which was stopped due to the leakage. 
Leak section clamped with a bracket temporarily.",07/12/2023,,,08/12/2023 00:30,08/12/2023 01:00,0.5,Unplanned Corrective Maint.,Piping,Closed - Was Backlog,Leak,Clamped,Oil_Jetty,,2023-12 (Dec),P1 - High,,December,2023
07/12/2023 17:30,WO1060,JET-1-PL-SP-01,"1"" Product Sampling lines","Content observed dripping(leak) from the HFO sampling line.

Retightened union joint.",07/12/2023,,,07/12/2023 17:30,07/12/2023 17:50,0.333333333,Unplanned Corrective Maint.,Piping,Closed - Was Backlog,Leak,Retightened,Oil_Jetty,,2023-12 (Dec),P2 - Medium,,December,2023
06/12/2023 21:35,WO1059,SPM-ME-CH-01,SPM Mooring Chain,Continue MGR on mooring chains# 06,,,,06/12/2023 21:35,06/12/2023 22:28,0.883333333,Planned Corrective Maint.,Anchoring System,Closed,Aquatic Exposure,Removed,SPM_Offshore,DPR 2500,2023-12 (Dec),P2 - Medium,,December,2023
06/12/2023 20:34,WO1058,SPM-ME-CH-01,SPM Mooring Chain,Continue MGR on mooring chains# 05,,,,06/12/2023 20:34,06/12/2023 21:21,0.783333333,Planned Corrective Maint.,Anchoring System,Closed,Aquatic Exposure,Removed,SPM_Offshore,DPR 2500,2023-12 (Dec),P2 - Medium,,December,2023
06/12/2023 17:58,WO1057,MATHEEW BUOY,Buoy for SW10/Atlantis,Matthew Mooring Chain End to End swap around Inspection,,,,06/12/2023 17:58,06/12/2023 18:42,0.733333333,Planned Corrective Maint.,Anchoring System,Closed,Worn,Swapped,ABB_Offshore,DPR 2500,2023-12 (Dec),P2 - Medium,,December,2023
05/12/2023 21:00,WO1056,MATHEEW BUOY,Buoy for SW10/Atlantis,6-Monthly Mathew Mooring Chain wear measurement and GVI from 220th link to end.,,,,05/12/2023 21:00,06/12/2023 00:30,3.5,Planned Maint.,Anchoring System,Closed,Worn,Wear-Check,ABB_Offshore,DPR  2499,2023-12 (Dec),P2 - Medium,,December,2023
05/12/2023 21:00,WO1055,MATHEEW BUOY,Buoy for SW10/Atlantis,Mathew Mooring Chain End to End swap around.,,,,05/12/2023 21:00,06/12/2023 00:30,3.5,Planned Corrective Maint.,Anchoring System,Closed,Worn,Swapped,ABB_Offshore,DPR 2499,2023-12 (Dec),P2 - Medium,,December,2023
05/12/2023 19:44,WO1054,ABB,CMB System for Planned Maint.,Checks on all mooring lines,,,,05/12/2023 19:44,05/12/2023 20:20,0.6,Planned Maint.,Mooring System,Closed,,,ABB_Offshore,DPR 2499,2023-12 (Dec),P2 - Medium,,December,2023
05/12/2023 18:57,WO1053,ABB-FT-HS-01,ABB Submarine Hose Assembly,Check the lay of the hose,,,,05/12/2023 18:57,05/12/2023 19:38,0.683333333,Planned Maint.,Submarine Hose,Closed,,,ABB_Offshore,DPR 2499,2023-12 (Dec),P2 - Medium,,December,2023
05/12/2023 18:30,WO1052,JET-14-PL-WHT-400,"14"" Products Pipeline","A leak was detected on the 14"" pipeline at a welded joint, near valve V-303 at the jetty platform. The leak is located at the 6 o'clock position of the pipeline.

The leak point of the pipeline was clamped temporarily. Patch-welded the leak point by Le Pels Gh.",23/08/2023,,,05/12/2023 18:30,06/12/2023 02:30,8,Unplanned Corrective Maint.,Piping,Closed - Was Backlog,Leak,Welding Repairs,Oil_Jetty,,2023-12 (Dec),P2 - Medium,,December,2023
05/12/2023 18:20,WO1051,JET-8-PL-WHT-200,"8"" Products Pipeline","During the discharging of ATK by MT CHIP to Ridge Depot, a leakage was detected on the 8"" pipeline, which connects the 10"" and 14"" pipelines. This leakage, located proximal to valve V-203 at the jetty platform —
where the 10"" and 14"" pipelines intersect — was specifically observed at the 6 o'clock position on the pipeline.

The leak point of the pipeline was clamped temporarily. Patch-welded the leak point by Le Pels Gh.",18/10/2023,,,05/12/2023 18:20,06/12/2023 02:30,8.166666667,Unplanned Corrective Maint.,Piping,Closed - Was Backlog,Leak,Welding Repairs,Oil_Jetty,,2023-12 (Dec),P2 - Medium,,December,2023
05/12/2023 14:24,WO1050,ABB,CMB System for Planned Maint.,Pre-berthing Checks,,,,05/12/2023 14:24,05/12/2023 16:33,2.15,Planned Maint.,Mooring System,Closed,,,ABB_Offshore,DPR 2499,2023-12 (Dec),P2 - Medium,,December,2023
04/12/2023 20:36,WO1049,SPM-AE-BY-02,CALM Buoy - CO760,MGR on chain# 05,,,,04/12/2023 20:36,04/12/2023 23:35,2.983333333,Planned Corrective Maint.,Anchoring System,Closed,Aquatic Exposure,Removed,SPM_Offshore,DPR 2498,2023-12 (Dec),P2 - Medium,,December,2023
04/12/2023 17:40,WO1048,SPM-FT-BY-02,CALM Buoy - CO760 Cargo transfer System,Monthly GVI on Floating hose pick up equipment,,,,04/12/2023 17:40,04/12/2023 19:30,1.833333333,Planned Maint.,Floating Hose,Closed,,,SPM_Offshore,DPR 2498,2023-12 (Dec),P2 - Medium,,December,2023
04/12/2023 17:40,WO1047,SPM-ME-HW-02,SPM Mooring Hawser,Monthly GVI on Hawser,,,,04/12/2023 17:40,04/12/2023 19:30,1.833333333,Planned Maint.,Mooring System,Closed,,,SPM_Offshore,DPR 2498,2023-12 (Dec),P2 - Medium,,December,2023
04/12/2023 17:00,WO1046,ABB/SPM_Onshore,Onshore ABB_SPM System for Planned Maintenance,Weekly Servitude Walk,04/12/2023,,,04/12/2023 17:00,04/12/2023 19:00,2,Planned Maint.,Piping,Closed,,,ABB_SPM_Onshore,,2023-12 (Dec),P2 - Medium,,December,2023
04/12/2023 15:00,WO1043,SPM-ME-BD-01,SPM Mooring Bridle,Monthly GVI on Towing Bridal,,,,04/12/2023 15:00,04/12/2023 17:30,2.5,Planned Maint.,Mooring System,Closed,,,SPM_Offshore,DPR 2498,2023-12 (Dec),P2 - Medium,,December,2023
04/12/2023 15:00,WO1044,SPM-AE-BY-02,CALM Buoy - CO760,Weekly solar panel inspection,,,,04/12/2023 15:00,04/12/2023 17:30,2.5,Planned Maint.,NavAids & Power,Closed,,,SPM_Offshore,DPR 2498,2023-12 (Dec),P2 - Medium,,December,2023
04/12/2023 15:00,WO1045,SPM-AE-BY-02,CALM Buoy - CO760,Weekly freeboard Checks.,,,,04/12/2023 15:00,04/12/2023 17:30,2.5,Planned Maint.,Buoy Body,Closed,,,SPM_Offshore,DPR 2498,2023-12 (Dec),P2 - Medium,,December,2023
03/12/2023 22:23,WO1042,SPM-ME-CH-01,SPM Mooring Chain,MGR on mooring chains# 05,,,,03/12/2023 22:23,03/12/2023 23:18,0.916666667,Planned Corrective Maint.,Anchoring System,Closed,Aquatic Exposure,Removed,SPM_Offshore,DPR 2497,2023-12 (Dec),P2 - Medium,,December,2023
03/12/2023 21:17,WO1041,SPM-AE-BY-02,CALM Buoy - CO760,SPM - Quarterly Chain Angles Measurement,,,,03/12/2023 21:17,03/12/2023 22:09,0.866666667,Planned Maint.,Anchoring System,Closed,,,SPM_Offshore,DPR 2496 / SPM report 231,2023-12 (Dec),P2 - Medium,SPM Report,December,2023
03/12/2023 18:30,WO1040,SPM-FT-HS-01,SPM Hose String Assembly (Floating/Submarine),Monthly Cleaning of Floating hose,,,,03/12/2023 18:30,03/12/2023 19:50,1.333333333,Planned Maint.,Floating Hose,Closed,,,SPM_Offshore,DPR 2497,2023-12 (Dec),P2 - Medium,,December,2023
03/12/2023 15:00,WO1039,MATHEEW BUOY,Buoy for SW10/Atlantis,6 Monthly Mathew mooring – Chain wear measurements,,,,03/12/2023 15:00,03/12/2023 18:00,3,Planned Maint.,Anchoring System,Closed,,,ABB_Offshore,DPR 2497 / ABB Report 15,2023-12 (Dec),P2 - Medium,ABB Report,December,2023
02/12/2023 15:55,WO1038,ABB,CMB System for Planned Maint.,Pre-berthing checks - Freeboard Checks - Hooks greasing and Bush wear checks.,,,,02/12/2023 15:55,02/12/2023 16:26,0.516666667,Planned Maint.,Lubrication System,Closed,,,ABB_Offshore,DPR 2496,2023-12 (Dec),P2 - Medium,,December,2023
02/12/2023 14:25,WO1036,ABB-FT-V-1803,ABB PLEM Valve,Monthly Valve Operation,,,,02/12/2023 14:25,02/12/2023 14:31,0.1,Planned Maint.,Valve,Closed,,,ABB_Offshore,DPR 2496,2023-12 (Dec),P2 - Medium,,December,2023
02/12/2023 14:25,WO1037,ABB-FT-HS-01,ABB Submarine Hose Assembly,Monthly GVI on Subsea hose,,,,02/12/2023 14:25,02/12/2023 14:31,0.1,Planned Maint.,Submarine Hose,Closed,,,ABB_Offshore,DPR 2496,2023-12 (Dec),P2 - Medium,,December,2023
02/12/2023 02:05,WO1035,SPM-AE-BY-02,CALM Buoy - CO760,SPM - Monthly Navigation Aids,,,,02/12/2023 02:05,02/12/2023 02:28,0.383333333,Planned Maint.,NavAids & Power,Closed,,,SPM_Offshore,DPR 2495,2023-12 (Dec),P2 - Medium,,December,2023
01/12/2023 21:19,WO1034,SPM-FT-HS-01,SPM Hose String Assembly (Floating/Submarine),Monthly GVI Subsea Hoses,,,,01/12/2023 21:19,01/12/2023 21:37,0.3,Planned Maint.,Submarine Hose,Closed,,,SPM_Offshore,DPR 2495,2023-12 (Dec),P2 - Medium,,December,2023
01/12/2023 20:24,WO1033,SPM-FT-HS-01,SPM Hose String Assembly (Floating/Submarine),Monthly GVI Floating hoses,,,,01/12/2023 20:24,01/12/2023 21:01,0.616666667,Planned Maint.,Floating Hose,Closed,,,SPM_Offshore,DPR 2495,2023-12 (Dec),P2 - Medium,,December,2023
01/12/2023 18:05,WO1032,SPM-FT-BY-02,CALM Buoy - CO760 Cargo transfer System,Monthly GVI on Cargo transfer system,,,,01/12/2023 18:05,01/12/2023 19:20,1.25,Planned Maint.,Buoy Body,Closed,,,SPM_Offshore,DPR 2495,2023-12 (Dec),P2 - Medium,,December,2023
01/12/2023 18:05,WO1030,SPM-FT-PV-01,SPM PLEM,Monthly Valve Operation,,,,01/12/2023 18:05,01/12/2023 19:20,1.25,Planned Maint.,Valve,Closed,,,SPM_Offshore,DPR 2495,2023-12 (Dec),P2 - Medium,,December,2023
01/12/2023 18:05,WO1031,SPM-AE-BY-02,CALM Buoy - CO760,Weekly solar panel inspection,,,,01/12/2023 18:05,01/12/2023 19:20,1.25,Planned Maint.,NavAids & Power,Closed,,,SPM_Offshore,DPR 2495,2023-12 (Dec),P2 - Medium,,December,2023
01/12/2023 18:05,WO1029,SPM-AE-BY-02,CALM Buoy - CO760,Weekly Greasing and GVI of Main bearing and Central swivel,,,,01/12/2023 18:05,01/12/2023 19:20,1.25,Planned Maint.,Buoy Body,Closed,,,SPM_Offshore,DPR 2495,2023-12 (Dec),P2 - Medium,,December,2023
01/12/2023 18:05,WO1028,SPM-AE-BY-02,CALM Buoy - CO760,Weekly freeboard checks,,,,01/12/2023 18:05,01/12/2023 19:20,1.25,Planned Maint.,Buoy Body,Closed,,,SPM_Offshore,DPR 2495,2023-12 (Dec),P2 - Medium,,December,2023
01/12/2023 16:20,WO1027,SPM-AE-BY-02,CALM Buoy - CO760,3-Monthly Painting maintenance,,,,01/12/2023 16:20,01/12/2023 18:00,1.666666667,Planned Maint.,Buoy Body,Closed,,,SPM_Offshore,DPR 2495,2023-12 (Dec),P2 - Medium,,December,2023
01/12/2023 15:10,WO1026,SPM-AE-BY-02,CALM Buoy - CO760,Bi-weekly turntable rotation,,,,01/12/2023 15:10,01/12/2023 16:10,1,Planned Maint.,Buoy Body,Closed,,,SPM_Offshore,DPR 2495,2023-12 (Dec),P2 - Medium,,December,2023
30/11/2023 21:00,WO1025,SPM-AE-BY-02,CALM Buoy - CO760,Monthly Cleaning topside of the buoy with Cavi Blaster,,,,30/11/2023 21:00,01/12/2023 00:16,3.266666667,Planned Maint.,Buoy Body,Closed,,Cleaned,SPM_Offshore,DPR 2494,2023-12 (Dec),P2 - Medium,,November,2023
30/11/2023 19:19,WO1024,SPM-AE-BY-02,CALM Buoy - CO760,Fish net removal on Chain# 05,,,,30/11/2023 19:19,30/11/2023 19:42,0.383333333,Planned Corrective Maint.,Anchoring System,Closed,Marine Fouling / Foreign Object,Removed,SPM_Offshore,DPR 2494,2023-11 (Nov),P2 - Medium,,November,2023
30/11/2023 16:53,WO1023,SPM-AE-BY-02,CALM Buoy - CO760,MGR on Chain# 04,,,,30/11/2023 16:53,30/11/2023 17:16,0.383333333,Planned Corrective Maint.,Anchoring System,Closed,Aquatic Exposure,Removed,SPM_Offshore,DPR 2494,2023-11 (Nov),P2 - Medium,,November,2023
30/11/2023 16:30,WO1022,Oil-Jetty,Oil Jetty System for Planned Maintenance,Servitude Clearance,,,,30/11/2023 16:30,30/11/2023 18:30,2,Planned Maint.,Piping,Closed,,,Oil_Jetty,,2023-11 (Nov),P2 - Medium,,November,2023
30/11/2023 16:30,WO1021,ABB/SPM_Onshore,Onshore ABB_SPM System for Planned Maintenance,Monthly Servitude Clearance,,,,30/11/2023 16:30,30/11/2023 19:30,3,Planned Maint.,Piping,Closed,,,ABB_SPM_Onshore,,2023-11 (Nov),P2 - Medium,,November,2023
29/11/2023 16:55,WO1020,ABB,CMB System for Planned Maint.,Pre-Berthing Checks.,,29/11/2023,,29/11/2023 16:55,29/11/2023 17:15,0.333333333,Inspection,Buoy Body,Closed,,,ABB_Offshore,DPR 2493,2023-11 (Nov),P1 - High,,November,2023
28/11/2023 18:40,WO1019,SPM-FT-HS-01,SPM Hose String Assembly (Floating/Submarine),Monthly Cleaning of Floating Hoses,,,,28/11/2023 18:40,28/11/2023 23:30,4.833333333,Planned Maint.,Floating Hose,Closed,,Cleaned,SPM_Offshore,DPR 2492,2023-11 (Nov),P2 - Medium,,November,2023
28/11/2023 15:07,WO1018,SPM-ME-CH-01,SPM Mooring Chain,MGR on mooring chain# 03 & 04,,,,28/11/2023 15:07,28/11/2023 17:54,2.783333333,Planned Corrective Maint.,Anchoring System,Closed,Aquatic Exposure,Removed,SPM_Offshore,DPR 2492,2023-11 (Nov),P2 - Medium,,November,2023
27/11/2023 23:00,WO1017,JET-10-PL-WHT-200,"10"" Products Pipeline","Detected product wetness on the 10-inch diameter pipeline located on a support structure at the jetty platform during the offloading of Aviation Turbine Kerosene (ATK) from MT SEA PANTHER to the Tema Oil Refinery
(TOR).

Maintenance Team conducted an on-site evaluation at the jetty on 14/11/2023 to ascertain the cause and extent of the pipeline wetness. Change out sections of the 10-inch pipeline by Le Pels.",,,,27/11/2023 23:00,04/12/2023 18:40,163.6666667,Unplanned Corrective Maint.,Piping,Closed - Was Backlog,Leak,Welding Repairs,Oil_Jetty,,2023-12 (Dec),P2 - Medium,,November,2023
27/11/2023 21:04,WO1016,SPM-ME-CH-01,SPM Mooring Chain,Cut Fish net on mooring chain# 06,,,,27/11/2023 21:04,27/11/2023 21:39,0.583333333,Planned Corrective Maint.,Anchoring System,Closed,Marine Fouling / Foreign Object,Removed,SPM_Offshore,DPR 2491,2023-11 (Nov),P2 - Medium,,November,2023
27/11/2023 16:00,WO1015,JET-1-PL-SP-01,"1"" Product Sampling lines","Sampling lines corroded.

Removal, coating and re-installation of jetty product sampling lines",,,,27/11/2023 16:00,30/11/2023 19:00,75,Planned Corrective Maint.,Piping,Closed - Was Backlog,Corrosion,Coated,Oil_Jetty,,2023-11 (Nov),P3 - Low,,November,2023
27/11/2023 15:20,WO1014,ABB,CMB System for Planned Maint.,Weekly Hook and Bush Wear Checks,,,,27/11/2023 15:20,27/11/2023 16:00,0.666666667,Planned Maint.,Mooring System,Closed,,,ABB_Offshore,DPR 2491,2023-11 (Nov),P2 - Medium,,November,2023
27/11/2023 15:20,WO1013,ABB,CMB System for Planned Maint.,Weekly freeboard checks,,,,27/11/2023 15:20,27/11/2023 16:00,0.666666667,Planned Maint.,Buoy Body,Closed,,,ABB_Offshore,DPR 2491,2023-11 (Nov),P2 - Medium,,November,2023
26/11/2023 18:20,WO1012,ABB-ME-BY-05,ABB Alpha Buoy,MGR on Mooring chain ABB 05,,,,26/11/2023 18:20,26/11/2023 18:26,0.1,Planned Corrective Maint.,Anchoring System,Closed,Aquatic Exposure,Removed,ABB_Offshore,DPR 2490,2023-11 (Nov),P2 - Medium,,November,2023
26/11/2023 16:50,WO1011,ABB,CMB System for Planned Maint.,Pre-berthing Checks,,26/11/2023,,26/11/2023 16:50,26/11/2023 17:22,0.533333333,Inspection,Buoy Body,Closed,,,ABB_Offshore,DPR 2490,2023-11 (Nov),P1 - High,,November,2023
25/11/2023 17:50,WO1010,SPM-AE-BY-02,CALM Buoy - CO760,Chipping and Painting maintenance,,,,25/11/2023 17:50,25/11/2023 20:00,2.166666667,Planned Corrective Maint.,Buoy Body,Closed,Corrosion,Coated,SPM_Offshore,DPR 2489,2023-11 (Nov),P2 - Medium,,November,2023
25/11/2023 15:18,WO1009,SPM-AE-BY-02,CALM Buoy - CO760,MGR on SPM Chain #03,,,,25/11/2023 15:18,25/11/2023 17:31,2.216666667,Planned Corrective Maint.,Anchoring System,Closed,Aquatic Exposure,Removed,SPM_Offshore,DPR 2489,2023-11 (Nov),P2 - Medium,,November,2023
24/11/2023 20:00,WO1008,SPM-AE-BY-02,CALM Buoy - CO760,Chipping and Painting maintenance,,,,24/11/2023 20:00,24/11/2023 21:50,1.833333333,Planned Corrective Maint.,Buoy Body,Closed,Corrosion,Coated,SPM_Offshore,DPR 2488,2023-11 (Nov),P2 - Medium,,November,2023
24/11/2023 15:23,WO1007,SPM-AE-BY-02,CALM Buoy - CO760,MGR on SPM Chain #01,,,,24/11/2023 15:23,24/11/2023 18:26,3.05,Planned Corrective Maint.,Anchoring System,Closed,Aquatic Exposure,Removed,SPM_Offshore,DPR 2488,2023-11 (Nov),P2 - Medium,,November,2023
23/11/2023 21:45,WO1006,ABB-ME-BY-05,ABB Alpha Buoy,Change out Alpha Buoy UKP Bushes,,,,23/11/2023 21:45,23/11/2023 21:52,0.116666667,Planned Corrective Maint.,Buoy Body,Closed,Worn,Replaced,ABB_Offshore,DPR 2487,2023-11 (Nov),P1 - High,,November,2023
23/11/2023 17:00,WO1005,Oil-Jetty,Oil Jetty System for Planned Maintenance,Monthly GVI of Sump and Sump Pipeline,,,,23/11/2023 17:00,23/11/2023 19:00,2,Planned Maint.,Piping,Closed,,,Oil_Jetty,,2023-11 (Nov),P2 - Medium,,November,2023
23/11/2023 16:00,WO1004,Oil-Jetty,Oil Jetty System for Planned Maintenance,Bi-weekly Servitude Walk/Pipeline Inspection,,,,23/11/2023 16:00,23/11/2023 18:00,2,Planned Maint.,Piping,Closed,,,Oil_Jetty,,2023-11 (Nov),P2 - Medium,,November,2023
22/11/2023 16:30,WO1003,ABB/SPM_Onshore,Onshore ABB_SPM System for Planned Maintenance,Monthly Onshore CP reading and TP/CB structure  inspection,,,,22/11/2023 16:30,22/11/2023 18:30,2,Planned Maint.,Cathodic Protection,Closed,,,ABB_SPM_Onshore,,2023-11 (Nov),P2 - Medium,,November,2023
22/11/2023 16:30,WO1002,ABB/SPM_Onshore,Onshore ABB_SPM System for Planned Maintenance,Yearly Cathodic Protection System Review,,,,22/11/2023 16:30,22/11/2023 18:30,2,Planned Maint.,Cathodic Protection,Closed,,,ABB_SPM_Onshore,,2023-11 (Nov),P2 - Medium,,November,2023
21/11/2023 16:00,WO1001,ABB/SPM_Onshore,Onshore ABB_SPM System for Planned Maintenance,Weekly Servitude Walks,,,,21/11/2023 16:00,21/11/2023 18:00,2,Planned Maint.,Piping,Closed,,,ABB_SPM_Onshore,,2023-11 (Nov),P2 - Medium,,November,2023
19/11/2023 21:12,WO1000,SPM-AE-BY-02,CALM Buoy - CO760,MGR on chain# 1.,,,,19/11/2023 21:12,19/11/2023 22:08,0.933333333,Planned Corrective Maint.,Anchoring System,Closed,Aquatic Exposure,Removed,SPM_Offshore,DPR 2483,2023-11 (Nov),P2 - Medium,,November,2023
19/11/2023 15:00,WO0999,SPM-AE-BY-02,CALM Buoy - CO760,Monthly Cleaning of SPM Buoy body.,,,,19/11/2023 15:00,19/11/2023 17:00,2,Planned Maint.,Buoy Body,Closed,,Cleaned,SPM_Offshore,DPR 2483,2023-11 (Nov),P2 - Medium,,November,2023
18/11/2023 21:10,WO0998,SPM-AE-BY-02,CALM Buoy - CO760,MGR on chain# 2.,,,,18/11/2023 21:10,18/11/2023 22:22,1.2,Planned Corrective Maint.,Anchoring System,Closed,Aquatic Exposure,Removed,SPM_Offshore,DPR 2482,2023-11 (Nov),P2 - Medium,,November,2023
17/11/2023 21:58,WO0997,ABB,CMB System for Planned Maint.,MGR on ABB 02 Buoy chains,,,,17/11/2023 21:58,17/11/2023 23:52,1.9,Planned Corrective Maint.,Anchoring System,Closed,Aquatic Exposure,Removed,ABB_Offshore,DPR 2481,2023-11 (Nov),P2 - Medium,,November,2023
17/11/2023 16:10,WO0996,ABB-ME-BY-02,ABB  Bravo Buoy,Changed out Bushing on ABB02 Hook Assembly,,,,17/11/2023 16:10,17/11/2023 17:00,0.833333333,Planned Corrective Maint.,Buoy Body,Closed,Worn,Replaced,ABB_Offshore,DPR 2481,2023-11 (Nov),P1 - High,,November,2023
16/11/2023 18:00,WO0995,SPM-AE-BY-02,CALM Buoy - CO760,Bi-weekly turntable rotation,,,,16/11/2023 18:00,16/11/2023 19:00,1,Planned Maint.,Buoy Body,Closed,,,SPM_Offshore,DPR 2480,2023-11 (Nov),P2 - Medium,,November,2023
16/11/2023 17:55,WO0994,SPM-AE-BY-02,CALM Buoy - CO760,Weekly freeboard checks,,,,16/11/2023 17:55,16/11/2023 18:00,0.083333333,Planned Maint.,Buoy Body,Closed,,,SPM_Offshore,DPR 2480,2023-11 (Nov),P2 - Medium,,November,2023
16/11/2023 17:30,WO0993,SPM-AE-BY-02,CALM Buoy - CO760,Monthly Sounding to check for water ingress,,,,16/11/2023 17:30,16/11/2023 17:55,0.416666667,Planned Maint.,Buoy Body,Closed,,,SPM_Offshore,DPR 2480,2023-11 (Nov),P2 - Medium,,November,2023
16/11/2023 17:05,WO0992,SPM-AE-BY-02,CALM Buoy - CO760,Weekly Greasing of Centre Swivel bearing and Main bearing,,,,16/11/2023 17:05,16/11/2023 17:30,0.416666667,Planned Maint.,Lubrication System,Closed,,,SPM_Offshore,DPR 2480,2023-11 (Nov),P2 - Medium,,November,2023
16/11/2023 16:04,WO0991,SPM-AE-BY-02,CALM Buoy - CO760,MGR and Fish Net removal on SPM anchor chain.,,,,16/11/2023 16:04,16/11/2023 21:31,5.45,Planned Corrective Maint.,Anchoring System,Closed,Marine Fouling / Foreign Object,Removed,SPM_Offshore,DPR 2480,2023-11 (Nov),P2 - Medium,,November,2023
15/11/2023 16:00,WO0990,Oil-Jetty,Oil Jetty System for Planned Maintenance,Monthly Valves Maintenance,,,,15/11/2023 16:00,15/11/2023 19:00,3,Planned Maint.,Valve,Closed,,,Oil_Jetty,,2023-11 (Nov),P2 - Medium,,November,2023
14/11/2023 16:35,WO0989,ABB,CMB System for Planned Maint.,Pre-Berthing checks completed c/w UKP Bush checks. UKP Bush & Pin Lubrication.,,,,14/11/2023 16:35,14/11/2023 17:25,0.833333333,Planned Maint.,Lubrication System,Closed,,,ABB_Offshore,DPR 2478,2023-11 (Nov),P2 - Medium,,November,2023
14/11/2023 16:00,WO0988,ABB/SPM_Onshore,Onshore ABB_SPM System for Planned Maintenance,Weekly Servitude Walks,,,,14/11/2023 16:00,14/11/2023 19:00,3,Planned Maint.,Piping,Closed,,,ABB_SPM_Onshore,,2023-11 (Nov),P2 - Medium,,November,2023
14/11/2023 14:27,WO0987,ABB,CMB System for Planned Maint.,GVI Cargo hose – Pre-Berthing Checks.,,,,14/11/2023 14:27,14/11/2023 15:08,0.683333333,Planned Maint.,Submarine Hose,Closed,,,ABB_Offshore,DPR 2478,2023-11 (Nov),P2 - Medium,,November,2023
13/11/2023 17:05,WO0986,SPM-ME-CH-01,SPM Mooring Chain,Continue Marine Growth Removal on mooring chain # 4,,,,13/11/2023 17:05,13/11/2023 22:14,5.15,Planned Corrective Maint.,Anchoring System,Closed,Aquatic Exposure,Removed,SPM_Offshore,DPR 2477,2023-11 (Nov),P2 - Medium,,November,2023
13/11/2023 15:38,WO0985,ABB,CMB System for Planned Maint.,Fishing net from Cecil buoy,,,,13/11/2023 15:38,13/11/2023 16:45,1.116666667,Planned Corrective Maint.,Buoy Body,Closed,Marine Fouling / Foreign Object,Removed,ABB_Offshore,DPR 2477,2023-11 (Nov),P2 - Medium,,November,2023
13/11/2023 15:38,WO0984,ABB,CMB System for Planned Maint.,Marine Growth Removal on PLEM buoy mooring chain ,,,,13/11/2023 15:38,13/11/2023 16:45,1.116666667,Planned Corrective Maint.,Anchoring System,Closed,Aquatic Exposure,Removed,ABB_Offshore,DPR 2477,2023-11 (Nov),P2 - Medium,,November,2023
12/11/2023 14:33,WO0983,ABB,CMB System for Planned Maint.,Pre-Berthing Checks c/w UKP Bush checks & Lubrication,,,,12/11/2023 14:33,12/11/2023 16:35,2.033333333,Planned Maint.,Lubrication System,Closed,,,ABB_Offshore,DPR 2476,2023-11 (Nov),P2 - Medium,,November,2023
11/11/2023 17:26,WO0982,SPM-ME-CH-01,SPM Mooring Chain,Marine Growth Removal on mooring chain # 4,,,,11/11/2023 17:26,11/11/2023 18:20,0.9,Planned Corrective Maint.,Anchoring System,Closed,Aquatic Exposure,Removed,SPM_Offshore,DPR 2475,2023-11 (Nov),P2 - Medium,,November,2023
11/11/2023 16:15,WO0981,ABB-ME-BY-05,ABB Alpha Buoy,Marine Growth Removal on mooring chain # 3,,,,11/11/2023 16:15,11/11/2023 17:12,0.95,Planned Corrective Maint.,Mooring System,Closed,Aquatic Exposure,Removed,ABB_Offshore,DPR 2475,2023-11 (Nov),P2 - Medium,,November,2023
10/11/2023 16:21,WO0980,SPM-FT-HS-01,SPM Hose String Assembly (Floating/Submarine),Marine Growth Removal from Chinese Lantern East hose,,,,10/11/2023 16:21,10/11/2023 21:06,4.75,Planned Maint.,Submarine Hose,Closed,Aquatic Exposure,Removed,SPM_Offshore,DPR 2474,2023-11 (Nov),P2 - Medium,,November,2023
09/11/2023 17:00,WO0979,Oil-Jetty,Oil Jetty System for Planned Maintenance,Bi-weekly Servitude Walk/Pipeline Inspection,,,,09/11/2023 17:00,09/11/2023 19:00,2,Planned Maint.,Piping,Closed,,,Oil_Jetty,,2023-11 (Nov),P2 - Medium,,November,2023
09/11/2023 15:33,WO0978,ABB-CP-01,ABB Cathodic Protection System - Offshore,Install anodes on TRH & MBC - Install 1 stud and 2 anodes on Cargo hose end TRH flange,,,,09/11/2023 15:33,09/11/2023 16:29,0.933333333,Planned Corrective Maint.,Cathodic Protection,Closed,Depleted,Replaced,ABB_Offshore,DPR 2473,2023-11 (Nov),P2 - Medium,,November,2023
09/11/2023 15:30,WO0977,ABB,CMB System for Planned Maint.,Pre-berthing Checks,,09/11/2023,,09/11/2023 15:30,09/11/2023 15:33,0.05,Inspection,Buoy Body,Closed,,,ABB_Offshore,DPR 2473,2023-11 (Nov),P1 - High,,November,2023
08/11/2023 17:39,WO0976,ABB-ME-BY-02,ABB  Bravo Buoy,Continue Marine Growth Removal from ABB 02 mooring buoy chains,,,,08/11/2023 17:39,08/11/2023 21:15,3.6,Planned Corrective Maint.,Anchoring System,Closed,Aquatic Exposure,Removed,ABB_Offshore,DPR 2472,2023-11 (Nov),P2 - Medium,,November,2023
08/11/2023 16:00,WO0975,SPM-AE-BY-02,CALM Buoy - CO760,"Weekly Lubrication of Main bearing, Centre pipe, Torque arm & mooring bridle",,,,08/11/2023 16:00,08/11/2023 17:00,1,Planned Maint.,Lubrication System,Closed,,,SPM_Offshore,DPR 2472,2023-11 (Nov),P2 - Medium,,November,2023
07/11/2023 22:00,WO0974,ABB,CMB System for Planned Maint.,Equipment upkeep & Housekeeping,,,,07/11/2023 22:00,08/11/2023 02:00,4,Planned Maint.,Buoy Body,Closed,,,ABB_Offshore,DPR 2410,2023-11 (Nov),P2 - Medium,,November,2023
07/11/2023 21:06,WO0973,ABB-ME-BY-03,ABB Delta Buoy,Continue Marine Growth Removal from ABB 03 mooring buoy chains,,,,07/11/2023 21:06,07/11/2023 22:17,1.183333333,Planned Corrective Maint.,Anchoring System,Closed,Aquatic Exposure,Removed,ABB_Offshore,DPR 2471,2023-11 (Nov),P2 - Medium,,November,2023
07/11/2023 19:00,WO0972,ABB-ME-BY-04,ABB Charlie Buoy,Continue Marine Growth Removal from ABB 04 mooring buoy chains,,,,07/11/2023 19:00,07/11/2023 21:06,2.1,Planned Corrective Maint.,Anchoring System,Closed,Aquatic Exposure,Removed,ABB_Offshore,DPR 2471,2023-11 (Nov),P2 - Medium,,November,2023
07/11/2023 17:18,WO0971,SPM-FT-HS-01,SPM Hose String Assembly (Floating/Submarine),Continue Marine Growth Removal from Chinese Lantern,,,,07/11/2023 17:18,07/11/2023 18:30,1.2,Planned Corrective Maint.,Submarine Hose,Closed,Aquatic Exposure,Removed,SPM_Offshore,DPR 2471,2023-11 (Nov),P2 - Medium,,November,2023
07/11/2023 17:00,WO0970,ABB/SPM_Onshore,Onshore ABB_SPM System for Planned Maintenance,Weekly Servitude Walks,,,,07/11/2023 17:00,07/11/2023 19:00,2,Planned Maint.,Piping,Closed,,,ABB_SPM_Onshore,,2023-11 (Nov),P2 - Medium,,November,2023
07/11/2023 16:30,WO0968,ABB/SPM_Onshore,Onshore ABB_SPM System for Planned Maintenance,Monthly Visual inspection & Patch painting of above ground  section (Gao Lagoon & TOR Y-Junction),,,,07/11/2023 16:30,07/11/2023 18:30,2,Planned Maint.,Piping,Closed,,,ABB_SPM_Onshore,,2023-11 (Nov),P2 - Medium,,November,2023
07/11/2023 16:30,WO0969,ABB/SPM_Onshore,Onshore ABB_SPM System for Planned Maintenance,Valves - Quarterly Monthly GVI for leaks & Lubrication,,,,07/11/2023 16:30,07/11/2023 18:30,2,Planned Maint.,Valve,Closed,,,ABB_SPM_Onshore,,2023-11 (Nov),P2 - Medium,,November,2023
07/11/2023 08:00,WO0967,ABB/SPM_Onshore,Onshore ABB_SPM System for Planned Maintenance,"Monthly GVI of Manifolds, Pig Launchers/Receivers, Spool pieces",,,,07/11/2023 08:00,07/11/2023 18:30,10.5,Planned Maint.,Piping,Closed,,,ABB_SPM_Onshore,,2023-11 (Nov),P2 - Medium,,November,2023
06/11/2023 18:29,WO0966,SPM-FT-HS-01,SPM Hose String Assembly (Floating/Submarine),Continue Marine growth removal Chinese Lantern East hose,,,,06/11/2023 18:29,06/11/2023 19:30,1.016666667,Planned Corrective Maint.,Submarine Hose,Closed,Aquatic Exposure,Removed,SPM_Offshore,DPR 2470,2023-11 (Nov),P2 - Medium,,November,2023
06/11/2023 18:29,WO0965,SPM-FT-HS-01,SPM Hose String Assembly (Floating/Submarine),Continue Marine growth removal Chinese Lantern East hose,,,,06/11/2023 18:29,06/11/2023 21:52,3.383333333,Planned Corrective Maint.,Submarine Hose,Closed,Aquatic Exposure,Removed,SPM_Offshore,DPR 2470,2023-11 (Nov),P2 - Medium,,November,2023
06/11/2023 17:27,WO0964,ABB-ME-BY-04,ABB Charlie Buoy,Fishing net removal from ABB 04 (Charlie Position),,,,06/11/2023 17:27,06/11/2023 17:59,0.533333333,Planned Corrective Maint.,Buoy Body,Closed,Marine Fouling / Foreign Object,Removed,ABB_Offshore,DPR 2470,2023-11 (Nov),P2 - Medium,,November,2023
06/11/2023 17:27,WO0963,ABB-ME-BY-02,ABB  Bravo Buoy,Fishing net removal from ABB 02(Bravo Position),,,,06/11/2023 17:27,06/11/2023 17:59,0.533333333,Planned Corrective Maint.,Buoy Body,Closed,Marine Fouling / Foreign Object,Removed,ABB_Offshore,DPR 2470,2023-11 (Nov),P2 - Medium,,November,2023
06/11/2023 16:17,WO0962,ABB,CMB System for Planned Maint.,Marine growth removal from PLEM Buoy,,,,06/11/2023 16:17,06/11/2023 17:16,0.983333333,Planned Corrective Maint.,PLEM Piping and Structure,Closed,Aquatic Exposure,Removed,ABB_Offshore,DPR 2470,2023-11 (Nov),P2 - Medium,,November,2023
05/11/2023 21:44,WO0961,ABB,CMB System for Planned Maint.,"Monthly Pins, Swivel, H link & touch down checks on mooring buoys",,,,05/11/2023 21:44,05/11/2023 21:59,0.25,Planned Maint.,Mooring System,Closed,,,ABB_Offshore,DPR 2469,2023-11 (Nov),P2 - Medium,,November,2023
05/11/2023 21:16,WO0960,ABB,CMB System for Planned Maint.,Pre-Berthing Checks on mooring buoys,,05/11/2023,,05/11/2023 21:16,05/11/2023 21:34,0.3,Inspection,Mooring System,Closed,,,ABB_Offshore,DPR 2469,2023-11 (Nov),P1 - High,,November,2023
03/11/2023 18:06,WO0959,SPM-ME-CH-01,SPM Mooring Chain,Continue Marine Growth Removal on mooring chains,,,,03/11/2023 18:06,03/11/2023 18:49,0.716666667,Planned Corrective Maint.,Anchoring System,Closed,Aquatic Exposure,Removed,SPM_Offshore,DPR 2467,2023-11 (Nov),P2 - Medium,,November,2023
03/11/2023 15:23,WO0958,ABB-FT-PL-18,"ABB Offshore/Onshore Pipeline - 18""",ABB – Bi-annual PLEM to shore pipeline inspection,,,,03/11/2023 15:23,03/11/2023 17:31,2.133333333,Planned Maint.,PLEM Piping and Structure,Closed,,,ABB_Offshore,DPR 2467,2023-11 (Nov),P2 - Medium,,November,2023
03/11/2023 11:06,WO0957,SPM-AE-BY-02,CALM Buoy - CO760,Test fit 35ton shackle for SPM2 towing,,03/11/2023,,03/11/2023 11:06,03/11/2023 11:49,0.716666667,Inspection,Hoisting & Lifting,Closed,,,SPM_Offshore,DPR 2467,2023-11 (Nov),P3 - Low,,November,2023
02/11/2023 19:24,WO0956,SPM-FT-HS-01,SPM Hose String Assembly (Floating/Submarine),Marine growth removal from Subsea East hose & Pad eye measurements,,,,02/11/2023 19:24,02/11/2023 20:05,0.683333333,Planned Corrective Maint.,Submarine Hose,Closed,Aquatic Exposure,Removed,SPM_Offshore,DPR 2466,2023-11 (Nov),P2 - Medium,,November,2023
02/11/2023 15:12,WO0955,ABB,CMB System for Planned Maint.,ABB Pipeline Survey,,,,02/11/2023 15:12,02/11/2023 17:30,2.3,Planned Maint.,PLEM Piping and Structure,Closed,,,ABB_Offshore,DR 2466,2023-11 (Nov),P2 - Medium,,November,2023
01/11/2023 20:40,WO0954,SPM-AE-BY-02,CALM Buoy - CO760,SPM2 turntable brake installation,,,,01/11/2023 20:40,01/11/2023 22:05,1.416666667,Planned Corrective Maint.,Buoy Body,Closed,Worn,Replaced,SPM_Offshore,DPR 2465,2023-11 (Nov),P2 - Medium,,November,2023
01/11/2023 20:04,WO0953,SPM-FT-HS-01,SPM Hose String Assembly (Floating/Submarine),SPM – Monthly GVI Chinese Lantern & Floatation collars,,,,01/11/2023 20:04,01/11/2023 20:27,0.383333333,Planned Maint.,Submarine Hose,Closed,,,SPM_Offshore,DPR 2465,2023-11 (Nov),P2 - Medium,,November,2023
01/11/2023 19:25,WO0951,SPM-AE-BY-02,CALM Buoy - CO760,Weekly Lubrication,,,,01/11/2023 19:25,01/11/2023 19:56,0.516666667,Planned Maint.,Lubrication System,Closed,,,SPM_Offshore,DPR 2465,2023-11 (Nov),P2 - Medium,,November,2023
01/11/2023 19:25,WO0952,SPM-AE-BY-02,CALM Buoy - CO760,GVI SPM2 Body & Structure,,,,01/11/2023 19:25,01/11/2023 19:56,0.516666667,Planned Maint.,Buoy Body,Closed,,,SPM_Offshore,DPR 2465,2023-11 (Nov),P2 - Medium,,November,2023
01/11/2023 16:00,WO0950,ABB/SPM_Onshore,Onshore ABB_SPM System for Planned Maintenance,Weekly Servitude Walks,,,,01/11/2023 16:00,01/11/2023 19:00,3,Planned Maint.,Piping,Closed,,,ABB_SPM_Onshore,,2023-11 (Nov),P2 - Medium,,November,2023
01/11/2023 15:06,WO0949,ABB-ME-BY-03,ABB Delta Buoy,End to End Touchdown chains on ABB03.,,,,01/11/2023 08:06,01/11/2023 10:55,2.816666667,Planned Corrective Maint.,Anchoring System,Closed,Worn,Swapped,ABB_Offshore,DPR 2465 / ABB Report 271,2023-11 (Nov),P2 - Medium,ABB Report,November,2023
31/10/2023 15:30,WO0946,ABB/SPM_Onshore,Onshore ABB_SPM System for Planned Maintenance,Monthly Onshore CP reading and TP/CB structure  inspection,,,,31/10/2023 15:30,31/10/2023 17:30,2,Planned Maint.,Cathodic Protection,Closed,,,ABB_SPM_Onshore,,2023-10 (Oct),P2 - Medium,,October,2023
31/10/2023 15:30,WO0947,Oil-Jetty,Oil Jetty System for Planned Maintenance,Servitude Clearance,,,,31/10/2023 15:30,31/10/2023 17:30,2,Planned Maint.,Piping,Closed,,,Oil_Jetty,,2023-10 (Oct),P2 - Medium,,October,2023
31/10/2023 15:30,WO0948,ABB/SPM_Onshore,Onshore ABB_SPM System for Planned Maintenance,Monthly Servitude Clearance,,,,31/10/2023 15:30,31/10/2023 18:30,3,Planned Maint.,Piping,Closed,,,ABB_SPM_Onshore,,2023-10 (Oct),P2 - Medium,,October,2023
28/10/2023 20:40,WO0945,SPM-AE-BY-02,CALM Buoy - CO760,SPM2 weekly lubrication,,,,28/10/2023 20:40,28/10/2023 22:30,1.833333333,Planned Maint.,Lubrication System,Closed,,,SPM_Offshore,DPR 2461,2023-10 (Oct),P2 - Medium,,October,2023
28/10/2023 20:17,WO0944,SPM-FT-HS-01,SPM Hose String Assembly (Floating/Submarine),Monthly GVI Subsea hose flanges for leaks,,,,28/10/2023 20:17,28/10/2023 20:29,0.2,Planned Maint.,Submarine Hose,Closed,,,SPM_Offshore,DPR 2461,2023-10 (Oct),P2 - Medium,,October,2023
28/10/2023 18:13,WO0942,SPM-FT-BY-02,CALM Buoy - CO760 Cargo transfer System,Monthly GVI Cargo hose after connection.,,,,28/10/2023 18:13,28/10/2023 18:51,0.633333333,Planned Maint.,Submarine Hose,Closed,,,SPM_Offshore,DPR 2461,2023-10 (Oct),P2 - Medium,,October,2023
28/10/2023 18:13,WO0943,SPM-FT-PV-01,SPM PLEM,MGR on PLEM Buoy,,,,28/10/2023 18:13,28/10/2023 18:51,0.633333333,Planned Corrective Maint.,PLEM Piping and Structure,Closed,Aquatic Exposure,Removed,SPM_Offshore,DPR 2461,2023-10 (Oct),P2 - Medium,,October,2023
27/10/2023 22:20,WO0941,ABB,CMB System for Planned Maint.,Mooring buoy Pre-Berthing Checks,,27/10/2023,,27/10/2023 22:20,27/10/2023 22:30,0.166666667,Inspection,Mooring System,Closed,,,ABB_Offshore,DPR 2460,2023-10 (Oct),P1 - High,,October,2023
27/10/2023 21:50,WO0939,SPM-AE-BY-02,CALM Buoy - CO760,Weekly GVI Solar Panels,,,,27/10/2023 21:50,27/10/2023 22:00,0.166666667,Planned Maint.,NavAids & Power,Closed,,,SPM_Offshore,DPR 2460,2023-10 (Oct),P2 - Medium,,October,2023
27/10/2023 21:50,WO0940,SPM-AE-BY-02,CALM Buoy - CO760,Weekly Check SPM2 Draft,,,,27/10/2023 21:50,27/10/2023 22:00,0.166666667,Planned Maint.,Buoy Body,Closed,,,SPM_Offshore,DPR 2460,2023-10 (Oct),P2 - Medium,,October,2023
27/10/2023 21:50,WO0938,SPM-AE-BY-02,CALM Buoy - CO760,Check turntable & buoy body for any visible leaks,,,,27/10/2023 21:50,27/10/2023 22:00,0.166666667,Planned Maint.,Buoy Body,Closed,,,SPM_Offshore,DPR 2460,2023-10 (Oct),P2 - Medium,,October,2023
26/10/2023 15:00,WO0937,Oil-Jetty,Oil Jetty System for Planned Maintenance,Monthly Valves Maintenance,,,,26/10/2023 15:00,26/10/2023 17:00,2,Planned Maint.,Valve,Closed,,,Oil_Jetty,,2023-10 (Oct),P2 - Medium,,October,2023
24/10/2023 15:30,WO0936,ABB/SPM_Onshore,Onshore ABB_SPM System for Planned Maintenance,Monthly Visual inspection & Patch painting of above ground section (Gao Lagoon  & TOR Y-Junction),,,,24/10/2023 15:30,24/10/2023 17:30,2,Planned Maint.,Piping,Closed,,,ABB_SPM_Onshore,,2023-10 (Oct),P2 - Medium,,October,2023
24/10/2023 15:00,WO0935,Oil-Jetty,Oil Jetty System for Planned Maintenance,Bi-weekly Servitude Walk/Pipeline Inspection,,,,24/10/2023 15:00,24/10/2023 17:00,2,Planned Maint.,Piping,Closed,,,Oil_Jetty,,2023-10 (Oct),P2 - Medium,,October,2023
23/10/2023 18:23,WO0934,SPM-AE-BY-02,CALM Buoy - CO760,Marine Growth Removal from chains,,,,23/10/2023 18:23,23/10/2023 21:39,3.266666667,Planned Corrective Maint.,Anchoring System,Closed,Aquatic Exposure,Removed,SPM_Offshore,DPR 2456,2023-10 (Oct),P2 - Medium,,October,2023
23/10/2023 18:00,WO0933,SPM-AE-BY-02,CALM Buoy - CO760,Re-check SPM2 Pre-Berthing checks,,,,23/10/2023 18:00,23/10/2023 18:23,0.383333333,Planned Maint.,Buoy Body,Closed,,,SPM_Offshore,DPR 2456,2023-10 (Oct),P2 - Medium,,October,2023
23/10/2023 14:50,WO0931,SPM-AE-BY-02,CALM Buoy - CO760,Fishing net removal ,,,,23/10/2023 14:50,23/10/2023 15:23,0.55,Planned Corrective Maint.,Anchoring System,Closed,Marine Fouling / Foreign Object,Removed,SPM_Offshore,DPR 2456,2023-10 (Oct),P2 - Medium,,October,2023
23/10/2023 14:50,WO0932,SPM-AE-BY-02,CALM Buoy - CO760,MGR from chains,,,,23/10/2023 14:50,23/10/2023 15:23,0.55,Planned Corrective Maint.,Anchoring System,Closed,Aquatic Exposure,Removed,SPM_Offshore,DPR 2456,2023-10 (Oct),P2 - Medium,,October,2023
22/10/2023 17:45,WO0930,ABB-ME-BY-02,ABB  Bravo Buoy,"Fishing net removal on ABB 02 mooring buoy LKP, swivel & attachments.",,,,22/10/2023 17:45,22/10/2023 18:40,0.916666667,Planned Corrective Maint.,Buoy Body,Closed,Marine Fouling / Foreign Object,Removed,ABB_Offshore,DPR 2455,2023-10 (Oct),P2 - Medium,,October,2023
22/10/2023 15:05,WO0929,ABB,CMB System for Planned Maint.,"Marine growth removal on ABB 05, AAB O4, ABB 03 & ABB O2 mooring buoy LKP, swivel & attachments.",,,,22/10/2023 15:05,22/10/2023 21:43,6.633333333,Planned Corrective Maint.,Buoy Body,Closed,Aquatic Exposure,Removed,ABB_Offshore,DPR 2455,2023-10 (Oct),P2 - Medium,,October,2023
21/10/2023 16:00,WO0928,ABB,CMB System for Planned Maint.,"Pre-Berthing Checks c/w UKP Bush Checks. UKP Bush Lubrication. Wash mooring buoy
decks & hooks. - Prep hooks for painting. - Paint hooks and mooring line keepers",,,,21/10/2023 16:00,21/10/2023 18:35,2.583333333,Planned Maint.,Buoy Body,Closed,,,ABB_Offshore,DPR 2454,2023-10 (Oct),P2 - Medium,,October,2023
20/10/2023 20:05,WO0927,SPM-ME-HW-02,SPM Mooring Hawser,Re-rig and Install new hawser - De-rig old hawser and send ashore,,,,20/10/2023 20:05,20/10/2023 21:20,1.25,Planned Corrective Maint.,Mooring System,Closed,Damaged,Replaced,SPM_Offshore,SPM2 Report 230 / DPR 2453,2023-10 (Oct),P2 - Medium,SPM Report,October,2023
20/10/2023 16:40,WO0926,SPM-FT-BY-02,CALM Buoy - CO760 Cargo transfer System,3-Monthly GVI and Cleaning of marine growth,,,,20/10/2023 16:40,20/10/2023 17:15,0.583333333,Planned Maint.,Floating Hose,Closed,,,SPM_Offshore,DPR 2453,2023-10 (Oct),P2 - Medium,,October,2023
20/10/2023 16:40,WO0925,SPM-AE-BY-02,CALM Buoy - CO760,Install snubbing chains,,,,20/10/2023 16:40,20/10/2023 17:15,0.583333333,Planned Corrective Maint.,Anchoring System,Closed,Worn,Replaced,SPM_Offshore,DPR 2453,2023-10 (Oct),P2 - Medium,,October,2023
20/10/2023 16:10,WO0924,SPM-FT-HS-01,SPM Hose String Assembly (Floating/Submarine),Repair winker lights and reinstall on floating hose,,,,20/10/2023 16:10,20/10/2023 22:00,5.833333333,Planned Corrective Maint.,Floating Hose,Closed,Faulty,Repaired,SPM_Offshore,DPR 2453,2023-10 (Oct),P2 - Medium,,October,2023
20/10/2023 15:54,WO0923,SPM-AE-BY-02,CALM Buoy - CO760,Pre-berthing Checks,,,,20/10/2023 15:54,20/10/2023 16:07,0.216666667,Planned Maint.,Buoy Body,Closed,,,SPM_Offshore,DPR 2453,2023-10 (Oct),P2 - Medium,,October,2023
20/10/2023 14:44,WO0922,SPM-AE-BY-02,CALM Buoy - CO760,BI-weekly Rotate SPM Turntable,,,,20/10/2023 14:44,20/10/2023 15:30,0.766666667,Planned Maint.,Floating Hose,Closed,,,SPM_Offshore,DPR 2453,2023-10 (Oct),P2 - Medium,,October,2023
19/10/2023 20:20,WO0920,SPM-ME-BD-01,SPM Mooring Bridle,"Weekly lubrication of Turntable, Centre pipe & Mooring bridle pad eyes",,,,19/10/2023 20:20,19/10/2023 21:15,0.916666667,Planned Maint.,Lubrication System,Closed,,,SPM_Offshore,DPR 2452,2023-10 (Oct),P2 - Medium,,October,2023
19/10/2023 20:20,WO0921,SPM-AE-BY-02,CALM Buoy - CO760,Weekly GVI Solar Panels,,,,19/10/2023 20:20,19/10/2023 21:15,0.916666667,Planned Maint.,NavAids & Power,Closed,,,SPM_Offshore,DPR 2452,2023-10 (Oct),P2 - Medium,,October,2023
19/10/2023 19:51,WO0919,ABB-ME-BY-04,ABB Charlie Buoy,GVI ABB 03 Chain & Chain connection to anchor system,,,,19/10/2023 19:51,19/10/2023 20:13,0.366666667,Planned Maint.,Anchoring System,Closed,,,ABB_Offshore,DPR 2452,2023-10 (Oct),P2 - Medium,,October,2023
19/10/2023 17:28,WO0918,ABB-ME-BY-05,ABB Alpha Buoy,GVI ABB05 Chain & Chain connection to anchor system,,,,19/10/2023 17:28,19/10/2023 18:05,0.616666667,Planned Maint.,Anchoring System,Closed,,,ABB_Offshore,DPR 2452,2023-10 (Oct),P2 - Medium,,October,2023
19/10/2023 16:31,WO0917,ABB-ME-BY-04,ABB Charlie Buoy,GVI ABB 04 Chain & Chain connection to anchor system,,,,19/10/2023 16:31,19/10/2023 17:07,0.6,Planned Maint.,Anchoring System,Closed,,,ABB_Offshore,DPR 2452,2023-10 (Oct),P2 - Medium,,October,2023
19/10/2023 15:52,WO0916,ABB-ME-BY-02,ABB  Bravo Buoy,GVI ABB 02 Chain & Chain connection to anchor system,,,,19/10/2023 15:52,19/10/2023 16:04,0.2,Planned Maint.,Anchoring System,Closed,,,ABB_Offshore,DPR 2452,2023-10 (Oct),P2 - Medium,,October,2023
18/10/2023 13:33,WO0915,ABB-ME-BY-04,ABB Charlie Buoy,Change out 2nd Shot chain (Touch Down) on ABB04 (Charlie Position) mooring chain - End to End,,,,18/10/2023 06:15,18/10/2023 09:00,2.75,Planned Corrective Maint.,Anchoring System,Closed,Worn,Replaced,ABB_Offshore,DPR 2451 / ABB Report 264,2023-10 (Oct),P2 - Medium,ABB Report,October,2023
17/10/2023 15:00,WO0914,ABB/SPM_Onshore,Onshore ABB_SPM System for Planned Maintenance,Weekly Servitude Walks,,,,17/10/2023 15:00,17/10/2023 17:00,2,Planned Maint.,Piping,Closed,,,ABB_SPM_Onshore,,2023-10 (Oct),P2 - Medium,,October,2023
17/10/2023 14:29,WO0910,ABB-FT-HS-01,ABB Submarine Hose Assembly,Monthly GVI Cargo Hose,,,,17/10/2023 14:29,17/10/2023 15:00,0.516666667,Planned Maint.,Submarine Hose,Closed,,,ABB_Offshore,DPR 2450,2023-10 (Oct),P2 - Medium,,October,2023
17/10/2023 14:29,WO0912,ABB,CMB System for Planned Maint.,UKP Bush lubrication,,,,17/10/2023 14:29,17/10/2023 17:11,2.7,Planned Maint.,Lubrication System,Closed,,,ABB_Offshore,DPR 2450,2023-10 (Oct),P2 - Medium,,October,2023
17/10/2023 14:29,WO0913,ABB,CMB System for Planned Maint.,Weekly Mooring buoy Freeboard checks,,,,17/10/2023 14:29,17/10/2023 17:11,2.7,Planned Maint.,Buoy Body,Closed,,,ABB_Offshore,DPR 2450,2023-10 (Oct),P2 - Medium,,October,2023
17/10/2023 14:29,WO0911,ABB,CMB System for Planned Maint.,UKP Bush checks,,17/10/2023,,17/10/2023 14:29,17/10/2023 17:11,2.7,Inspection,Buoy Body,Closed,,,ABB_Offshore,DPR 2450,2023-10 (Oct),P1 - High,,October,2023
16/10/2023 19:13,WO0909,SPM-AE-BY-02,CALM Buoy - CO760,Marine Growth Removal from SPM chain # 2,,,,16/10/2023 19:13,16/10/2023 20:30,1.283333333,Planned Corrective Maint.,Anchoring System,Closed,Aquatic Exposure,Removed,SPM_Offshore,DPR 2449,2023-10 (Oct),P2 - Medium,,October,2023
16/10/2023 14:44,WO0908,SPM-AE-BY-02,CALM Buoy - CO760,Marine Growth Removal from SPM chain # 1,,,,16/10/2023 14:44,16/10/2023 17:22,2.633333333,Planned Corrective Maint.,Anchoring System,Closed,Aquatic Exposure,Removed,SPM_Offshore,DPR 2449,2023-10 (Oct),P2 - Medium,,October,2023
15/10/2023 20:16,WO0907,SPM-AE-BY-02,CALM Buoy - CO760,"Continue fishing net removal from SPM chain # 1 & Marine growth removal on chain
# 1",,,,15/10/2023 20:16,15/10/2023 20:55,0.65,Planned Corrective Maint.,Buoy Body,Closed,Marine Fouling / Foreign Object,Removed,SPM_Offshore,DPR 2448,2023-10 (Oct),P2 - Medium,,October,2023
15/10/2023 19:14,WO0906,SPM-AE-BY-02,CALM Buoy - CO760,Continue fishing net removal from SPM chain # 2,,,,15/10/2023 19:14,15/10/2023 20:02,0.8,Planned Corrective Maint.,Buoy Body,Closed,Marine Fouling / Foreign Object,Removed,SPM_Offshore,DPR 2448,2023-10 (Oct),P2 - Medium,,October,2023
15/10/2023 16:15,WO0905,SPM-AE-BY-02,CALM Buoy - CO760,Continue fishing net removal from SPM chain # 6,,,,15/10/2023 16:15,15/10/2023 20:16,4.016666667,Planned Corrective Maint.,Buoy Body,Closed,Marine Fouling / Foreign Object,Removed,SPM_Offshore,DPR 2448,2023-10 (Oct),P2 - Medium,,October,2023
15/10/2023 14:50,WO0904,SPM-AE-BY-02,CALM Buoy - CO760,Remove fishing net from around FOB and skirt area,,,,15/10/2023 14:50,15/10/2023 16:00,1.166666667,Planned Corrective Maint.,Buoy Body,Closed,Marine Fouling / Foreign Object,Removed,SPM_Offshore,DPR 2448,2023-10 (Oct),P2 - Medium,,October,2023
14/10/2023 20:30,WO0903,SPM-ME-BD-01,SPM Mooring Bridle,Weekly Cleaning and Lubrication of Mooring bridle,,,,14/10/2023 20:30,14/10/2023 21:30,1,Planned Maint.,Lubrication System,Closed,,,SPM_Offshore,DPR 2447,2023-10 (Oct),P2 - Medium,,October,2023
14/10/2023 19:20,WO0902,ABB,CMB System for Planned Maint.,"Check all mooring lines are secure on mooring buoy hooks after Cargo hose
connection",,,,14/10/2023 19:20,14/10/2023 20:20,1,Planned Maint.,Mooring System,Closed,,,ABB_Offshore,DPR 2447,2023-10 (Oct),P2 - Medium,,October,2023
14/10/2023 18:55,WO0901,ABB-FT-HS-01,ABB Submarine Hose Assembly,GVI Cargo hose after connection,,,,14/10/2023 18:55,14/10/2023 19:13,0.3,Planned Maint.,Submarine Hose,Closed,,,ABB_Offshore,DPR 2447,2023-10 (Oct),P2 - Medium,,October,2023
14/10/2023 13:39,WO0900,ABB-FT-HS-01,ABB Submarine Hose Assembly,GVI Cargo hose,,,,14/10/2023 13:39,14/10/2023 14:11,0.533333333,Planned Maint.,Submarine Hose,Closed,,,ABB_Offshore,DPR 2447,2023-10 (Oct),P2 - Medium,,October,2023
14/10/2023 13:39,WO0899,ABB,CMB System for Planned Maint.,Pre-Berthing Checks c/w UKP Bush checks & UKP Bush lubrication,,,,14/10/2023 13:39,14/10/2023 16:04,2.416666667,Planned Maint.,Lubrication System,Closed,,,ABB_Offshore,DPR 2447,2023-10 (Oct),P2 - Medium,,October,2023
12/10/2023 19:30,WO0898,SPM-AE-BY-02,CALM Buoy - CO760,SPM2 Body and Turntable washdown – HPWJ,,,,12/10/2023 19:30,12/10/2023 21:43,2.216666667,Planned Maint.,Buoy Body,Closed,,,SPM_Offshore,DPR 2445,2023-10 (Oct),P2 - Medium,,October,2023
12/10/2023 17:18,WO0897,SPM-AE-BY-02,CALM Buoy - CO760,Yearly Chain Wear Measurements on SPM Chain # 6,,,,12/10/2023 17:18,12/10/2023 18:02,0.733333333,Planned Maint.,Anchoring System,Closed,,,SPM_Offshore,DPR 2445,2023-10 (Oct),P2 - Medium,,October,2023
12/10/2023 17:18,WO0896,SPM-AE-BY-02,CALM Buoy - CO760,Fishing net removal from SPM chain # 6.,,,,12/10/2023 17:18,12/10/2023 18:02,0.733333333,Planned Corrective Maint.,Anchoring System,Closed,Marine Fouling / Foreign Object,Removed,SPM_Offshore,DPR 2445,2023-10 (Oct),P2 - Medium,,October,2023
12/10/2023 15:46,WO0895,SPM-AE-BY-02,CALM Buoy - CO760,Yearly Chain Wear Measurements on SPM Chain # 5,,,,12/10/2023 15:46,12/10/2023 16:12,0.433333333,Planned Maint.,Anchoring System,Closed,,,SPM_Offshore,DPR 2445,2023-10 (Oct),P2 - Medium,,October,2023
12/10/2023 15:46,WO0894,SPM-AE-BY-02,CALM Buoy - CO760,Yearly Chain wear measurements,,,,12/10/2023 15:46,12/10/2023 16:58,1.2,Planned Maint.,Anchoring System,Closed,,,SPM_Offshore,DPR 2445,2023-10 (Oct),P2 - Medium,,October,2023
12/10/2023 15:00,WO0893,Oil-Jetty,Oil Jetty System for Planned Maintenance,Bi-weekly Servitude Walk/Pipeline Inspection,,,,12/10/2023 15:00,12/10/2023 18:00,3,Planned Maint.,Piping,Closed,,,Oil_Jetty,,2023-10 (Oct),P2 - Medium,,October,2023
12/10/2023 14:49,WO0892,SPM-AE-BY-02,CALM Buoy - CO760,Marine Growth Removal from SPM chain # 4,,,,12/10/2023 14:49,12/10/2023 15:32,0.716666667,Planned Corrective Maint.,Anchoring System,Closed,Aquatic Exposure,Removed,SPM_Offshore,DPR 2445,2023-10 (Oct),P2 - Medium,,October,2023
11/10/2023 17:13,WO0891,SPM-AE-BY-02,CALM Buoy - CO760,Marine Growth Removal on SPM Chain # 4,,,,11/10/2023 17:13,11/10/2023 19:51,2.633333333,Planned Corrective Maint.,Anchoring System,Closed,Aquatic Exposure,Removed,SPM_Offshore,DPR 2444,2023-10 (Oct),P2 - Medium,,October,2023
11/10/2023 16:33,WO0890,SPM-AE-BY-02,CALM Buoy - CO760,Marine Growth Removal on SPM Chain # 5,,,,11/10/2023 16:33,11/10/2023 16:40,0.116666667,Planned Corrective Maint.,Anchoring System,Closed,Aquatic Exposure,Removed,SPM_Offshore,DPR 2444,2023-10 (Oct),P2 - Medium,,October,2023
11/10/2023 16:00,WO0889,ABB/SPM_Onshore,Onshore ABB_SPM System for Planned Maintenance,Weekly Servitude Walks,,,,11/10/2023 16:00,11/10/2023 18:00,2,Planned Maint.,Piping,Closed,,,ABB_SPM_Onshore,,2023-10 (Oct),P2 - Medium,,October,2023
11/10/2023 15:40,WO0888,SPM-ME-BD-01,SPM Mooring Bridle,Monthly GVI and grease Mooring bridle,,,,11/10/2023 15:40,11/10/2023 16:20,0.666666667,Planned Maint.,Mooring System,Closed,,,SPM_Offshore,DPR 2444,2023-10 (Oct),P2 - Medium,,October,2023
11/10/2023 15:40,WO0885,SPM-AE-BY-02,CALM Buoy - CO760,"Weekly lubrication on Main bearing, Centre swivel, Torque arm & Mooring bridle
pad eyes",,,,11/10/2023 15:40,11/10/2023 16:20,0.666666667,Planned Maint.,Lubrication System,Closed,,,SPM_Offshore,DPR 2444,2023-10 (Oct),P2 - Medium,,October,2023
11/10/2023 15:40,WO0887,SPM-AE-BY-02,CALM Buoy - CO760,Weekly GVI Solar Panels,,,,11/10/2023 15:40,11/10/2023 16:20,0.666666667,Planned Maint.,NavAids & Power,Closed,,,SPM_Offshore,DPR 2444,2023-10 (Oct),P2 - Medium,,October,2023
11/10/2023 15:40,WO0886,SPM-AE-BY-02,CALM Buoy - CO760,Monthly Compartment soundings,,,,11/10/2023 15:40,11/10/2023 16:20,0.666666667,Planned Maint.,Buoy Body,Closed,,,SPM_Offshore,DPR 2444,2023-10 (Oct),P2 - Medium,,October,2023
10/10/2023 17:43,WO0884,SPM-AE-BY-02,CALM Buoy - CO760,Fishing net removal from SPM chain # 6,,,,10/10/2023 17:43,10/10/2023 18:28,0.75,Planned Corrective Maint.,Anchoring System,Closed,Marine Fouling / Foreign Object,Removed,SPM_Offshore,DPR 2446,2023-10 (Oct),P2 - Medium,,October,2023
10/10/2023 15:30,WO0883,ABB/SPM_Onshore,Onshore ABB_SPM System for Planned Maintenance,"Monthly GVI of Manifolds, Pig Launchers/Receivers, Spool pieces",,,,10/10/2023 15:30,10/10/2023 17:30,2,Planned Maint.,Piping,Closed,,,ABB_SPM_Onshore,,2023-10 (Oct),P2 - Medium,,October,2023
10/10/2023 15:30,WO0882,ABB/SPM_Onshore,Onshore ABB_SPM System for Planned Maintenance,"Monthly GVI of Manifolds, Pig Launchers/Receivers, Spool pieces",,,,10/10/2023 15:30,10/10/2023 17:30,2,Planned Maint.,Piping,Closed,,,ABB_SPM_Onshore,,2023-10 (Oct),P2 - Medium,,October,2023
10/10/2023 15:30,WO0881,ABB/SPM_Onshore,Onshore ABB_SPM System for Planned Maintenance,Monthly Visual  inspection & Patch painting of above ground section (Gao Lagoon & TOR Y-Junction),,,,10/10/2023 15:30,10/10/2023 17:30,2,Planned Maint.,Piping,Closed,,,ABB_SPM_Onshore,,2023-10 (Oct),P2 - Medium,,October,2023
10/10/2023 14:25,WO0880,ABB-ME-BY-02,ABB  Bravo Buoy,"Yearly chain wear measurements on ABB 02 (Bravo

Position)",,,,10/10/2023 14:25,10/10/2023 14:37,0.2,Planned Maint.,Anchoring System,Closed,,,ABB_Offshore,DPR 2443,2023-10 (Oct),P2 - Medium,,October,2023
10/10/2023 13:40,WO0877,ABB-ME-BY-05,ABB Alpha Buoy,Yearly Chain wear measurements on ABB 05 (Alpha Position),,,,10/10/2023 13:40,10/10/2023 14:15,0.583333333,Planned Maint.,Anchoring System,Closed,,,ABB_Offshore,DPR 2443,2023-10 (Oct),P2 - Medium,,October,2023
10/10/2023 13:40,WO0878,ABB,CMB System for Planned Maint.,Pre-Berthing Checks - UKP Bush Checks - UKP Bush lubrication,,,,10/10/2023 13:40,10/10/2023 15:42,2.033333333,Planned Maint.,Lubrication System,Closed,,,ABB_Offshore,DPR 2443,2023-10 (Oct),P2 - Medium,,October,2023
10/10/2023 13:40,WO0879,ABB,CMB System for Planned Maint.,Change out wood impact block on ABB 05 (Alpha Position),,,,10/10/2023 13:40,10/10/2023 15:42,2.033333333,Planned Maint.,Buoy Body,Closed,,,ABB_Offshore,DPR 2443,2023-10 (Oct),P2 - Medium,,October,2023
09/10/2023 22:47,WO0876,ABB-FT-HS-01,ABB Submarine Hose Assembly,GVI Cargo hose – Pre-Berthing checks,,,,09/10/2023 22:47,09/10/2023 23:18,0.516666667,Planned Maint.,Submarine Hose,Closed,,,ABB_Offshore,DPR 2442,2023-10 (Oct),P2 - Medium,,October,2023
09/10/2023 17:16,WO0875,SPM-AE-BY-02,CALM Buoy - CO760,Yearly wear measurements on SPM2 Chain # 6,,,,09/10/2023 17:16,09/10/2023 17:48,0.533333333,Planned Maint.,Anchoring System,Closed,,,SPM_Offshore,DPR 2442,2023-10 (Oct),P2 - Medium,,October,2023
09/10/2023 16:38,WO0874,SPM-AE-BY-02,CALM Buoy - CO760,Yearly wear measurements on SPM2 Chain # 3,,,,09/10/2023 16:38,09/10/2023 17:03,0.416666667,Planned Maint.,Anchoring System,Closed,,,SPM_Offshore,DPR 2442,2023-10 (Oct),P2 - Medium,,October,2023
09/10/2023 15:46,WO0873,SPM-AE-BY-02,CALM Buoy - CO760,Yearly wear measurements on SPM2 Chain # 2,,,,09/10/2023 15:46,09/10/2023 16:14,0.466666667,Planned Maint.,Anchoring System,Closed,,,SPM_Offshore,DPR 2442,2023-10 (Oct),P2 - Medium,,October,2023
09/10/2023 15:01,WO0872,SPM-AE-BY-02,CALM Buoy - CO760,Yearly wear measurements on SPM2 Chain # 1,,,,09/10/2023 15:01,09/10/2023 15:33,0.533333333,Planned Maint.,Anchoring System,Closed,,,SPM_Offshore,DPR 2442,2023-10 (Oct),P2 - Medium,,October,2023
08/10/2023 15:37,WO0871,SPM-AE-BY-02,CALM Buoy - CO760,Marine Growth Removal on chains,,,,08/10/2023 15:37,08/10/2023 18:30,2.883333333,Planned Corrective Maint.,Anchoring System,Closed,Aquatic Exposure,Removed,SPM_Offshore,DPR 2441,2023-10 (Oct),P2 - Medium,,October,2023
07/10/2023 19:12,WO0870,ABB-FT-HS-01,ABB Submarine Hose Assembly,GVI Cargo hose after connection,,,,07/10/2023 19:12,07/10/2023 19:32,0.333333333,Planned Maint.,Submarine Hose,Closed,,,ABB_Offshore,DPR 2440,2023-10 (Oct),P2 - Medium,,October,2023
07/10/2023 16:35,WO0869,ABB,CMB System for Planned Maint.,UKP Bush Checks. - UKP Bush lubrication. - Hand scrub mooring buoy decks,,,,07/10/2023 16:35,07/10/2023 16:45,0.166666667,Planned Maint.,Lubrication System,Closed,,,ABB_Offshore,DPR 2440,2023-10 (Oct),P2 - Medium,,October,2023
07/10/2023 13:32,WO0868,ABB-FT-HS-01,ABB Submarine Hose Assembly,GVI Cargo hose,,,,07/10/2023 13:32,07/10/2023 14:06,0.566666667,Planned Maint.,Submarine Hose,Closed,,,ABB_Offshore,DPR 2440,2023-10 (Oct),P2 - Medium,,October,2023
06/10/2023 17:36,WO0867,SPM-AE-BY-02,CALM Buoy - CO760,Marine Growth Removal from SPM2 chains,,,,06/10/2023 17:36,06/10/2023 18:24,0.8,Planned Corrective Maint.,Anchoring System,Closed,Aquatic Exposure,Removed,SPM_Offshore,DPR 2439,2023-10 (Oct),P2 - Medium,,October,2023
06/10/2023 16:03,WO0866,ABB-CP-01,ABB Cathodic Protection System - Offshore,Quarterly CP readings on Subsea hose flange anodes,,,,06/10/2023 16:03,06/10/2023 16:35,0.533333333,Planned Maint.,Cathodic Protection,Closed,,,ABB_Offshore,DPR 2439,2023-10 (Oct),P2 - Medium,,October,2023
06/10/2023 14:45,WO0865,SPM-AE-BY-02,CALM Buoy - CO760,Divers remove fishing net from buoy body on surface,,,,06/10/2023 14:45,06/10/2023 15:55,1.166666667,Planned Corrective Maint.,Buoy Body,Closed,Marine Fouling / Foreign Object,Removed,SPM_Offshore,DPR 2439,2023-10 (Oct),P2 - Medium,,October,2023
05/10/2023 20:12,WO0864,SPM-AE-BY-02,CALM Buoy - CO760,Marine Growth Removal from SPM2 chains,,,,05/10/2023 20:12,05/10/2023 21:42,1.5,Planned Corrective Maint.,Anchoring System,Closed,Aquatic Exposure,Removed,SPM_Offshore,DPR 2438,2023-10 (Oct),P2 - Medium,,October,2023
05/10/2023 17:34,WO0863,SPM-AE-BY-02,CALM Buoy - CO760,Marine Growth Removal from SPM2 chains,,,,05/10/2023 17:34,05/10/2023 18:47,1.216666667,Planned Corrective Maint.,Anchoring System,Closed,Aquatic Exposure,Removed,SPM_Offshore,DPR 2438,2023-10 (Oct),P2 - Medium,,October,2023
05/10/2023 16:36,WO0860,SPM-AE-BY-02,CALM Buoy - CO760,"Weekly lubrication of Main Bearing, Centre bearing & Mooring bridle pad eyes.",,,,05/10/2023 16:36,05/10/2023 17:20,0.733333333,Planned Maint.,Lubrication System,Closed,,,SPM_Offshore,DPR 2438,2023-10 (Oct),P2 - Medium,,October,2023
05/10/2023 16:36,WO0862,SPM-AE-BY-02,CALM Buoy - CO760,Weekly GVI SPM2 Freeboard,,,,05/10/2023 16:36,05/10/2023 17:20,0.733333333,Planned Maint.,Buoy Body,Closed,,,SPM_Offshore,DPR 2438,2023-10 (Oct),P2 - Medium,,October,2023
05/10/2023 16:36,WO0861,SPM-AE-BY-02,CALM Buoy - CO760,Remove old grease from buoy body,,,,05/10/2023 16:36,05/10/2023 17:20,0.733333333,Planned Maint.,Buoy Body,Closed,,Removed,SPM_Offshore,DPR 2438,2023-10 (Oct),P2 - Medium,,October,2023
05/10/2023 16:34,WO0859,SPM-AE-BY-02,CALM Buoy - CO760,Weekly GVI Solar Panels,,,,05/10/2023 16:34,05/10/2023 17:20,0.766666667,Planned Maint.,NavAids & Power,Closed,,,SPM_Offshore,DPR 2438,2023-10 (Oct),P2 - Medium,,October,2023
04/10/2023 15:00,WO0858,Oil-Jetty,Oil Jetty System for Planned Maintenance,Monthly GVI of Sump and Sump Pipeline,,,,04/10/2023 15:00,04/10/2023 17:00,2,Planned Maint.,Piping,Closed,,,Oil_Jetty,,2023-10 (Oct),P2 - Medium,,October,2023
04/10/2023 14:44,WO0857,ABB,CMB System for Planned Maint.,"Monthly GVI Mooring buoy pins, swivel & Touch down area.",,,,04/10/2023 14:44,04/10/2023 15:49,1.083333333,Planned Maint.,Buoy Body,Closed,,,ABB_Offshore,DPR 2437,2023-10 (Oct),P2 - Medium,,October,2023
04/10/2023 00:30,WO0856,ABB,CMB System for Planned Maint.,UKP Bush checks UKP Bush lubrication.,,,,04/10/2023 00:30,04/10/2023 00:40,0.166666667,Planned Maint.,Lubrication System,Closed,,,ABB_Offshore,DPR 2436,2023-10 (Oct),P2 - Medium,,October,2023
03/10/2023 19:25,WO0855,ABB-FT-HS-01,ABB Submarine Hose Assembly,GVI Cargo hose – Pre-Berthing checks,,,,03/10/2023 19:25,03/10/2023 19:59,0.566666667,Planned Maint.,Submarine Hose,Closed,,,ABB_Offshore,DPR 2436,2023-10 (Oct),P2 - Medium,,October,2023
03/10/2023 15:00,WO0854,ABB/SPM_Onshore,Onshore ABB_SPM System for Planned Maintenance,Weekly Servitude Walks,,,,03/10/2023 15:00,03/10/2023 17:00,2,Planned Maint.,Piping,Closed,,,ABB_SPM_Onshore,,2023-10 (Oct),P2 - Medium,,October,2023
02/10/2023 16:00,WO0853,Oil-Jetty,Oil Jetty System for Planned Maintenance,3-monthly Lubrication on valves,,,,02/10/2023 16:00,02/10/2023 18:00,2,Planned Maint.,Valve,Closed,,,Oil_Jetty,,2023-10 (Oct),P2 - Medium,,October,2023
02/10/2023 15:30,WO0852,Oil-Jetty,Oil Jetty System for Planned Maintenance,Monthly GVI of Sump and Sump Pipeline,,,,02/10/2023 15:30,02/10/2023 18:45,3.25,Planned Maint.,Piping,Closed,,,Oil_Jetty,,2023-10 (Oct),P2 - Medium,,October,2023
02/10/2023 15:15,WO0850,ABB-ME-BY-05,ABB Alpha Buoy,change out Bush Wear on ABB05,,,,02/10/2023 15:15,02/10/2023 18:15,3,Planned Maint.,Buoy Body,Closed,,,ABB_Offshore,DPR 2435,2023-10 (Oct),P2 - Medium,,October,2023
02/10/2023 15:15,WO0849,ABB-ME-BY-04,ABB Charlie Buoy,change out Bush Wear on ABB04,,,,02/10/2023 15:15,02/10/2023 18:15,3,Planned Maint.,Buoy Body,Closed,,,ABB_Offshore,DPR 2435,2023-10 (Oct),P2 - Medium,,October,2023
02/10/2023 15:15,WO0851,ABB-FT-HS-01,ABB Submarine Hose Assembly,Monthly GVI Cargo hose end pickup equipment,,,,02/10/2023 15:15,02/10/2023 15:44,0.483333333,Planned Maint.,Submarine Hose,Closed,,,ABB_Offshore,DPR 2435,2023-10 (Oct),P2 - Medium,,October,2023
02/10/2023 15:15,WO0848,ABB,CMB System for Planned Maint.,Pre-Berthing Checks c/w UKP Bush checks & UKP Bush lubrication,,,,02/10/2023 15:15,02/10/2023 18:15,3,Planned Maint.,Lubrication System,Closed,,,ABB_Offshore,DPR 2435,2023-10 (Oct),P2 - Medium,,October,2023
02/10/2023 15:15,WO0847,ABB,CMB System for Planned Maint.,3-Monthly GVI of MBC,,,,02/10/2023 15:15,02/10/2023 15:44,0.483333333,Planned Maint.,Submarine Hose,Closed,,,ABB_Offshore,DPR 2435,2023-10 (Oct),P2 - Medium,,October,2023
01/10/2023 16:46,WO0846,SPM-AE-BY-02,CALM Buoy - CO760,Marine Growth Removal from SPM2 chains.,,,,01/10/2023 16:46,01/10/2023 17:38,0.866666667,Planned Corrective Maint.,Anchoring System,Closed,Aquatic Exposure,Removed,SPM_Offshore,DPR 2434,2023-10 (Oct),P2 - Medium,,October,2023
01/10/2023 15:27,WO0845,ABB,CMB System for Planned Maint.,GVI ABB PLEM buoy & repair Samson hang offline.,,,,01/10/2023 15:27,01/10/2023 16:19,0.866666667,Planned Maint.,PLEM Piping and Structure,Closed,,,ABB_Offshore,DPR 2434,2023-10 (Oct),P2 - Medium,,October,2023
30/09/2023 16:11,WO0842,ABB-FT-V-1803,ABB PLEM Valve,Yearly GVI PLEM,,,,30/09/2023 16:11,30/09/2023 16:46,0.583333333,Planned Maint.,PLEM Piping and Structure,Closed,,,ABB_Offshore,DPR 2433,2023-09 (Sep),P2 - Medium,,September,2023
30/09/2023 16:11,WO0844,ABB-FT-HS-01,ABB Submarine Hose Assembly,4-monthly GVI of Stinger Box,,,,30/09/2023 16:11,30/09/2023 16:46,0.583333333,Planned Maint.,Submarine Hose,Closed,,,ABB_Offshore,DPR 2433,2023-09 (Sep),P2 - Medium,,September,2023
30/09/2023 16:11,WO0843,ABB-FT-HS-01,ABB Submarine Hose Assembly,GVI Cargo hose,,,,30/09/2023 16:11,30/09/2023 16:46,0.583333333,Planned Maint.,Submarine Hose,Closed,,,ABB_Offshore,DPR 2433,2023-09 (Sep),P2 - Medium,,September,2023
30/09/2023 15:30,WO0841,ABB/SPM_Onshore,Onshore ABB_SPM System for Planned Maintenance,Monthly Servitude Clearance,,,,30/09/2023 15:30,30/09/2023 23:00,7.5,Planned Maint.,Piping,Closed,,,ABB_SPM_Onshore,,2023-09 (Sep),P2 - Medium,,September,2023
30/09/2023 15:00,WO0840,Oil-Jetty,Oil Jetty System for Planned Maintenance,Servitude Clearance,,,,30/09/2023 15:00,30/09/2023 18:00,3,Planned Maint.,Piping,Closed,,,Oil_Jetty,,2023-09 (Sep),P2 - Medium,,September,2023
30/09/2023 14:15,WO0839,SPM-AE-BY-02,CALM Buoy - CO760,"Weekly lubrication of main bearing, center pipe, torque arm & mooring bridle pad
eyes",,,,30/09/2023 14:15,30/09/2023 18:13,3.966666667,Planned Maint.,Lubrication System,Closed,,,SPM_Offshore,DPR 2433,2023-09 (Sep),P2 - Medium,,September,2023
30/09/2023 14:15,WO0838,SPM-AE-BY-02,CALM Buoy - CO760,Weekly GVI Solar Panels,,,,30/09/2023 14:15,30/09/2023 14:38,0.383333333,Planned Maint.,NavAids & Power,Closed,,,SPM_Offshore,DPR 2433,2023-09 (Sep),P2 - Medium,,September,2023
29/09/2023 15:30,WO0837,Oil-Jetty,Oil Jetty System for Planned Maintenance,Bi-weekly Servitude Walk/Pipeline Inspection,,,,29/09/2023 15:30,29/09/2023 17:45,2.25,Planned Maint.,Piping,Closed,,,Oil_Jetty,,2023-09 (Sep),P2 - Medium,,September,2023
27/09/2023 19:48,WO0836,ABB-FT-HS-01,ABB Submarine Hose Assembly,GVI Cargo hose after connection,,,,27/09/2023 19:48,27/09/2023 20:07,0.316666667,Planned Maint.,Submarine Hose,Closed,,,ABB_Offshore,DPR 2430,2023-09 (Sep),P2 - Medium,,September,2023
27/09/2023 15:30,WO0835,ABB/SPM_Onshore,Onshore ABB_SPM System for Planned Maintenance,Monthly Onshore CP reading and TP/CB structure  inspection,,,,27/09/2023 15:30,27/09/2023 17:30,2,Planned Maint.,Cathodic Protection,Closed,,,ABB_SPM_Onshore,,2023-09 (Sep),P2 - Medium,,September,2023
27/09/2023 13:35,WO0834,ABB-FT-HS-01,ABB Submarine Hose Assembly,GVI Cargo hose before connection,,,,27/09/2023 13:35,27/09/2023 14:12,0.616666667,Planned Maint.,Submarine Hose,Closed,,,ABB_Offshore,DPR 2430,2023-09 (Sep),P2 - Medium,,September,2023
27/09/2023 13:35,WO0833,ABB,CMB System for Planned Maint.,Pre-Berthing checks completed c/w - UKP Bush checks - UKP & hook lubrication,,,,27/09/2023 13:35,27/09/2023 16:10,2.583333333,Planned Maint.,Lubrication System,Closed,,,ABB_Offshore,DPR 2430,2023-09 (Sep),P2 - Medium,,September,2023
26/09/2023 16:08,WO0832,SPM-AE-BY-02,CALM Buoy - CO760,Marine Growth Removal from SPM2 chains,,,,26/09/2023 16:08,26/09/2023 18:17,2.15,Planned Corrective Maint.,Anchoring System,Closed,Aquatic Exposure,Removed,SPM_Offshore,DPR 2429,2023-09 (Sep),P2 - Medium,,September,2023
26/09/2023 16:00,WO0831,ABB/SPM_Onshore,Onshore ABB_SPM System for Planned Maintenance,Weekly Servitude Walks,,,,26/09/2023 16:00,26/09/2023 18:00,2,Planned Maint.,Piping,Closed,,,ABB_SPM_Onshore,,2023-09 (Sep),P2 - Medium,,September,2023
26/09/2023 15:30,WO0830,ABB/SPM_Onshore,Onshore ABB_SPM System for Planned Maintenance,Monthly Visual  inspection & Patch painting of above ground section (Gao Lagoon  &TOR Y-Junction),,,,26/09/2023 15:30,26/09/2023 17:30,2,Planned Maint.,Piping,Closed,,,ABB_SPM_Onshore,,2023-09 (Sep),P2 - Medium,,September,2023
26/09/2023 14:55,WO0829,SPM-AE-BY-02,CALM Buoy - CO760,3-Monthly Chain angle measurement,,,,26/09/2023 14:55,26/09/2023 15:47,0.866666667,Planned Maint.,Anchoring System,Closed,,,SPM_Offshore,DPR 2429,2023-09 (Sep),P2 - Medium,,September,2023
26/09/2023 07:00,WO0828,SW10,Seaways 10 Vessel,"Maintenance of Lever hoists, Chain Blocks and Tirfors",,,,26/09/2023 07:00,26/09/2023 13:00,6,Planned Corrective Maint.,Hoisting & Lifting,Closed,,,ABB_Offshore,DPR 2398,2023-09 (Sep),P2 - Medium,,September,2023
25/09/2023 16:06,WO0827,SPM-AE-BY-02,CALM Buoy - CO760,Marine Growth Removal from SPM chains,,,,25/09/2023 16:06,25/09/2023 18:27,2.35,Planned Corrective Maint.,Anchoring System,Closed,Aquatic Exposure,Removed,SPM_Offshore,DPR 2428,2023-09 (Sep),P2 - Medium,,September,2023
24/09/2023 20:32,WO0826,ABB-FT-HS-01,ABB Submarine Hose Assembly,GIV Cargo hose for anomalies,,,,24/09/2023 20:32,24/09/2023 20:49,0.283333333,Planned Maint.,Submarine Hose,Closed,,,ABB_Offshore,DPR 2427,2023-09 (Sep),P2 - Medium,,September,2023
24/09/2023 13:30,WO0825,ABB,CMB System for Planned Maint.,Pre-Berthing checks completed c/w - UKP Bush Lubrication - UKP Bush checks,,,,24/09/2023 13:30,24/09/2023 16:10,2.666666667,Planned Maint.,Lubrication System,Closed,,,ABB_Offshore,DPR 2427,2023-09 (Sep),P2 - Medium,,September,2023
23/09/2023 16:42,WO0824,SPM-AE-BY-02,CALM Buoy - CO760,Marine growth removal on SPM2 chains,,,,23/09/2023 16:42,23/09/2023 22:25,5.716666667,Planned Corrective Maint.,Anchoring System,Closed,Aquatic Exposure,Removed,SPM_Offshore,DPR 2426,2023-09 (Sep),P2 - Medium,,September,2023
23/09/2023 16:12,WO0823,SPM-CP-01,SPM Cathodic Protection System - Offshore,"CP readings on SPM2 anodes, Anode Survey on subsea hoses",,,,23/09/2023 16:12,23/09/2023 16:29,0.283333333,Planned Maint.,Cathodic Protection,Closed,,,SPM_Offshore,DPR 2426,2023-09 (Sep),P2 - Medium,,September,2023
23/09/2023 14:20,WO0822,SPM-AE-BY-02,CALM Buoy - CO760,Bi-weekly SPM2 turntable rotation & rotate,,,,23/09/2023 14:20,23/09/2023 15:30,1.166666667,Planned Maint.,Buoy Body,Closed,,,SPM_Offshore,DPR 2426,2023-09 (Sep),P2 - Medium,,September,2023
22/09/2023 15:30,WO0821,ABB/SPM_Onshore,Onshore ABB_SPM System for Planned Maintenance,Bi-Annual Inspection of Lifting Equipment,,,,22/09/2023 15:30,22/09/2023 17:30,2,Planned Maint.,Hoisting & Lifting,Closed,,,ABB_SPM_Onshore,,2023-09 (Sep),P2 - Medium,,September,2023
22/09/2023 14:30,WO0820,SPM-AE-BY-02,CALM Buoy - CO760,"Weekly lubrication of main bearing, fluid system center pipe, torque arm &
mooring bridle pad eyes",,,,22/09/2023 14:30,22/09/2023 16:30,2,Planned Maint.,Lubrication System,Closed,,,SPM_Offshore,DPR 2425,2023-09 (Sep),P2 - Medium,,September,2023
22/09/2023 14:30,WO0819,SPM-AE-BY-02,CALM Buoy - CO760,Weekly Free board checks,,,,22/09/2023 14:30,22/09/2023 16:30,2,Planned Maint.,Buoy Body,Closed,,,SPM_Offshore,DPR 2425,2023-09 (Sep),P2 - Medium,,September,2023
21/09/2023 19:55,WO0818,ABB-FT-HS-01,ABB Submarine Hose Assembly,GVI Cargo hose after connection,,,,21/09/2023 19:55,21/09/2023 20:17,0.366666667,Planned Maint.,Submarine Hose,Closed,,,ABB_Offshore,DPR 2424,2023-09 (Sep),P2 - Medium,,September,2023
21/09/2023 18:08,WO0817,ABB-ME-SC-01,ABB Sierra chain & pickup line,Replace ABB Sierra chain pickup line,,,,21/09/2023 18:08,21/09/2023 18:37,0.483333333,Planned Corrective Maint.,Anchoring System,Closed,Worn,Replaced,ABB_Offshore,DPR 2424,2023-09 (Sep),P2 - Medium,,September,2023
21/09/2023 14:15,WO0815,ABB,CMB System for Planned Maint.,Pre-Berthing checks c/w - UKP Bush checks - UKP Lubrication,,,,21/09/2023 14:15,21/09/2023 15:03,0.8,Planned Maint.,Lubrication System,Closed,,,ABB_Offshore,DPR 2424,2023-09 (Sep),P2 - Medium,,September,2023
21/09/2023 14:15,WO0816,ABB,CMB System for Planned Maint.,Pre-Berthing checks c/w  - Buoy Location Checks - Mooring buoy location checks,,,,21/09/2023 14:15,21/09/2023 15:03,0.8,Planned Maint.,Buoy Body,Closed,,,ABB_Offshore,DPR 2424,2023-09 (Sep),P2 - Medium,,September,2023
20/09/2023 13:30,WO0814,SPM-FT-HS-01,SPM Hose String Assembly (Floating/Submarine),Monthly Checks on Floating Hose and around SPM,,,,20/09/2023 13:30,20/09/2023 16:30,3,Planned Maint.,Submarine Hose,Closed,,,SPM_Offshore,DPR 2423,2023-09 (Sep),P2 - Medium,,September,2023
19/09/2023 14:35,WO0813,SPM-FT-HS-01,SPM Hose String Assembly (Floating/Submarine),Monthly Checks on Floating Hose and around SPM,,,,19/09/2023 14:35,19/09/2023 20:00,5.416666667,Planned Maint.,Submarine Hose,Closed,,,SPM_Offshore,DPR 2422,2023-09 (Sep),P2 - Medium,,September,2023
19/09/2023 14:35,WO0812,SPM-FT-HS-01,SPM Hose String Assembly (Floating/Submarine),System maintenance,,,,19/09/2023 14:35,19/09/2023 23:00,8.416666667,Planned Maint.,Submarine Hose,Closed,,,SPM_Offshore,DPR 2422,2023-09 (Sep),P2 - Medium,,September,2023
18/09/2023 16:30,WO0811,ABB/SPM_Onshore,Onshore ABB_SPM System for Planned Maintenance,Weekly Servitude Walks,,,,18/09/2023 16:30,18/09/2023 18:30,2,Planned Maint.,Piping,Closed,,,ABB_SPM_Onshore,,2023-09 (Sep),P2 - Medium,,September,2023
18/09/2023 15:35,WO0810,ABB,CMB System for Planned Maint.,"Monthly Clean Alpha, Bravo, Charlie and Delta Buoys",,,,18/09/2023 15:35,18/09/2023 18:50,3.25,Planned Maint.,Buoy Body,Closed,,,ABB_Offshore,DPR 2421,2023-09 (Sep),P2 - Medium,,September,2023
17/09/2023 13:29,WO0809,ABB-FT-V-1803,ABB PLEM Valve,"GVI around PLEM and Jumper Hoses, Check lay of hose and set up pick up wire",,,,17/09/2023 13:29,17/09/2023 14:05,0.6,Planned Maint.,PLEM Piping and Structure,Closed,,,ABB_Offshore,DPR 2420,2023-09 (Sep),P2 - Medium,,September,2023
16/09/2023 14:50,WO0806,SPM-FT-HS-01,SPM Hose String Assembly (Floating/Submarine),Monthly floating hose checks,,,,16/09/2023 14:50,16/09/2023 17:20,2.5,Planned Maint.,Submarine Hose,Closed,,,SPM_Offshore,DPR 2419,2023-09 (Sep),P2 - Medium,,September,2023
16/09/2023 14:50,WO0807,SPM-AE-BY-02,CALM Buoy - CO760,Towing Bridal Greasing and connection checks,,,,16/09/2023 14:50,16/09/2023 17:20,2.5,Planned Maint.,Lubrication System,Closed,,,SPM_Offshore,DPR 2419,2023-09 (Sep),P2 - Medium,,September,2023
16/09/2023 14:50,WO0803,SPM-AE-BY-02,CALM Buoy - CO760,Weekly Greasing of Main and Centre Swivel bearing,,,,16/09/2023 14:50,16/09/2023 17:20,2.5,Planned Maint.,Lubrication System,Closed,,,SPM_Offshore,DPR 2419,2023-09 (Sep),P2 - Medium,,September,2023
16/09/2023 14:50,WO0804,SPM-AE-BY-02,CALM Buoy - CO760,Weekly solar panel checks,,,,16/09/2023 14:50,16/09/2023 17:20,2.5,Planned Maint.,NavAids & Power,Closed,,,SPM_Offshore,DPR 2419,2023-09 (Sep),P2 - Medium,,September,2023
16/09/2023 14:50,WO0808,SPM-AE-BY-02,CALM Buoy - CO760,Monthly soundings checks.,,,,16/09/2023 14:50,16/09/2023 17:20,2.5,Planned Maint.,Buoy Body,Closed,,,SPM_Offshore,DPR 2419,2023-09 (Sep),P2 - Medium,,September,2023
16/09/2023 14:50,WO0805,SPM-AE-BY-02,CALM Buoy - CO760,Monthly Cargo Transfer checks,,,,16/09/2023 14:50,16/09/2023 17:20,2.5,Planned Maint.,Buoy Body,Closed,,,SPM_Offshore,DPR 2419,2023-09 (Sep),P2 - Medium,,September,2023
15/09/2023 13:52,WO0802,ABB-FT-HS-01,ABB Submarine Hose Assembly,Check for Leaks Subsea Hose assembly,,,,15/09/2023 13:52,15/09/2023 14:26,0.566666667,Planned Maint.,Submarine Hose,Closed,,,ABB_Offshore,DPR 2418,2023-09 (Sep),P2 - Medium,,September,2023
14/09/2023 20:34,WO0801,ABB,CMB System for Planned Maint.,Checks on all mooring lines,,,,14/09/2023 20:34,14/09/2023 20:40,0.1,Planned Maint.,Mooring System,Closed,,,ABB_Offshore,DPR 2417,2023-09 (Sep),P2 - Medium,,September,2023
14/09/2023 19:41,WO0800,ABB-FT-HS-01,ABB Submarine Hose Assembly,Check lay of Subsea hose assembly,,,,14/09/2023 19:41,14/09/2023 20:18,0.616666667,Planned Maint.,Submarine Hose,Closed,,,ABB_Offshore,DPR 2417,2023-09 (Sep),P2 - Medium,,September,2023
14/09/2023 15:30,WO0798,ABB/SPM_Onshore,Onshore ABB_SPM System for Planned Maintenance,"Monthly GVI of Manifolds, Pig Launchers/Receivers, Spool pieces",,,,14/09/2023 15:30,14/09/2023 17:30,2,Planned Maint.,Piping,Closed,,,ABB_SPM_Onshore,,2023-09 (Sep),P2 - Medium,,September,2023
14/09/2023 15:30,WO0797,ABB/SPM_Onshore,Onshore ABB_SPM System for Planned Maintenance,Monthly Visual  inspection of above ground section (Gao Lagoon  &TOR Y-Junction),,,,14/09/2023 15:30,14/09/2023 17:30,2,Planned Maint.,Piping,Closed,,,ABB_SPM_Onshore,,2023-09 (Sep),P2 - Medium,,September,2023
14/09/2023 15:30,WO0799,ABB/SPM_Onshore,Onshore ABB_SPM System for Planned Maintenance,Weekly Servitude Walks,,,,14/09/2023 15:30,14/09/2023 18:30,3,Planned Maint.,Piping,Closed,,,ABB_SPM_Onshore,,2023-09 (Sep),P2 - Medium,,September,2023
14/09/2023 13:33,WO0796,ABB,CMB System for Planned Maint.,Pre-berthing Checks,,14/09/2023,,14/09/2023 13:33,14/09/2023 14:24,0.85,Inspection,Buoy Body,Closed,,,ABB_Offshore,DPR 2417,2023-09 (Sep),P1 - High,,September,2023
13/09/2023 23:13,WO0795,ABB,CMB System for Planned Maint.,Start Pre-Berthing checks,,,,13/09/2023 23:13,13/09/2023 23:43,0.5,Planned Maint.,Buoy Body,Closed,,,ABB_Offshore,DPR 2416,2023-09 (Sep),P2 - Medium,,September,2023
13/09/2023 16:00,WO0794,Oil-Jetty,Oil Jetty System for Planned Maintenance,Monthly Valves Maintenance,,,,13/09/2023 16:00,13/09/2023 18:00,2,Planned Maint.,Valve,Closed,,,Oil_Jetty,,2023-09 (Sep),P2 - Medium,,September,2023
13/09/2023 04:34,WO0793,ABB,CMB System for Planned Maint.,Housekeeping and Cleaning of Tools and equipment,,,,13/09/2023 04:34,13/09/2023 05:00,0.433333333,Planned Maint.,Buoy Body,Closed,,,ABB_Offshore,DPR 2415,2023-09 (Sep),P2 - Medium,,September,2023
09/09/2023 14:27,WO0791,ABB-FT-V-1803,ABB PLEM Valve,Yearly GVI PLEM,,,,09/09/2023 14:27,09/09/2023 15:05,0.633333333,Planned Maint.,PLEM Piping and Structure,Closed,,,ABB_Offshore,DPR 2412,2023-09 (Sep),P2 - Medium,,September,2023
09/09/2023 14:27,WO0792,ABB-FT-HS-01,ABB Submarine Hose Assembly,MBC Changeout - c/o GTM0592 with GTM1117 Leak test Subsea Hose assembly,,,,09/09/2023 14:27,13/09/2023 10:23,91.93333333,Planned Maint.,MBC,Closed,,,ABB_Offshore,DPR 2412 - 2416,2023-09 (Sep),P2 - Medium,,September,2023
08/09/2023 13:44,WO0790,ABB-FT-V-1803,ABB PLEM Valve,Yearly GVI PLEM,,,,08/09/2023 13:44,08/09/2023 14:25,0.683333333,Planned Maint.,PLEM Piping and Structure,Closed,,,ABB_Offshore,DPR 2411,2023-09 (Sep),P2 - Medium,,September,2023
07/09/2023 15:30,WO0789,Oil-Jetty,Oil Jetty System for Planned Maintenance,Bi-weekly Servitude Walk/Pipeline Inspection,,,,07/09/2023 15:30,07/09/2023 18:00,2.5,Planned Maint.,Piping,Closed,,,Oil_Jetty,,2023-09 (Sep),P2 - Medium,,September,2023
06/09/2023 19:07,WO0788,ABB,CMB System for Planned Maint.,Checks on all mooring lines completed. All good on hooks,,,,06/09/2023 19:07,06/09/2023 20:00,0.883333333,Planned Maint.,Mooring System,Closed,,,ABB_Offshore,DPR 2409,2023-09 (Sep),P2 - Medium,,September,2023
06/09/2023 18:37,WO0786,ABB-FT-HS-01,ABB Submarine Hose Assembly,GVI on Subsea hose assembly,,,,06/09/2023 18:37,06/09/2023 19:00,0.383333333,Planned Maint.,Submarine Hose,Closed,,,ABB_Offshore,DPR 2409,2023-09 (Sep),P2 - Medium,,September,2023
06/09/2023 18:37,WO0787,ABB-FT-V-1803,ABB PLEM Valve,MGR PLEM,,,,06/09/2023 18:37,06/09/2023 19:00,0.383333333,Planned Corrective Maint.,PLEM Piping and Structure,Closed,Aquatic Exposure,Removed,ABB_Offshore,DPR 2409,2023-09 (Sep),P2 - Medium,,September,2023
06/09/2023 14:12,WO0784,ABB-FT-V-1803,ABB PLEM Valve,Yearly GVI on PLEM and Jumper Hoses,,,,06/09/2023 14:12,06/09/2023 14:22,0.166666667,Planned Maint.,PLEM Piping and Structure,Closed,,,ABB_Offshore,DPR 2409,2023-09 (Sep),P2 - Medium,,September,2023
06/09/2023 14:12,WO0785,ABB-FT-HS-01,ABB Submarine Hose Assembly,GVI on Subsea hose assembly,,,,06/09/2023 14:12,06/09/2023 14:22,0.166666667,Planned Maint.,Submarine Hose,Closed,,,ABB_Offshore,DPR 2409,2023-09 (Sep),P2 - Medium,,September,2023
05/09/2023 15:23,WO0783,SPM-FT-HS-01,SPM Hose String Assembly (Floating/Submarine),Monthly Cleaning Underwater Hoses (Chinese Lantern),,,,05/09/2023 15:23,05/09/2023 18:00,2.616666667,Planned Maint.,Submarine Hose,Closed,,Cleaned,SPM_Offshore,DPR 2408,2023-09 (Sep),P2 - Medium,,September,2023
04/09/2023 22:40,WO0782,SPM-FT-BY-02,CALM Buoy - CO760 Cargo transfer System,Monthly GVI Hose Pick Up equipment. Equipment upkeep & Housekeeping,,,,04/09/2023 22:40,05/09/2023 01:00,2.333333333,Planned Maint.,Submarine Hose,Closed,,,SPM_Offshore,DPR 2407,2023-09 (Sep),P2 - Medium,,September,2023
04/09/2023 19:30,WO0778,SPM-ME-BD-01,SPM Mooring Bridle,Monthly GVI Mooring Bridle,,,,04/09/2023 19:30,04/09/2023 22:00,2.5,Planned Maint.,Mooring System,Closed,,,SPM_Offshore,DPR 2407,2023-09 (Sep),P2 - Medium,,September,2023
04/09/2023 19:30,WO0777,SPM-AE-BY-02,CALM Buoy - CO760,Weekly Greasing of Main and center swivel bearings,,,,04/09/2023 19:30,04/09/2023 22:00,2.5,Planned Maint.,Lubrication System,Closed,,,SPM_Offshore,DPR 2407,2023-09 (Sep),P2 - Medium,,September,2023
04/09/2023 19:30,WO0779,SPM-AE-BY-02,CALM Buoy - CO760,Weekly GVI Solar Panels,,,,04/09/2023 19:30,04/09/2023 22:00,2.5,Planned Maint.,NavAids & Power,Closed,,,SPM_Offshore,DPR 2407,2023-09 (Sep),P2 - Medium,,September,2023
04/09/2023 19:30,WO0781,SPM-AE-BY-02,CALM Buoy - CO760,Weekly freeboard checks,,,,04/09/2023 19:30,04/09/2023 22:00,2.5,Planned Maint.,Buoy Body,Closed,,,SPM_Offshore,DPR 2407,2023-09 (Sep),P2 - Medium,,September,2023
04/09/2023 19:30,WO0780,SPM-AE-BY-02,CALM Buoy - CO760,Quarterly Painting,,,,04/09/2023 19:30,04/09/2023 22:00,2.5,Planned Maint.,Buoy Body,Closed,Corrosion,Coated,SPM_Offshore,DPR 2407,2023-09 (Sep),P2 - Medium,,September,2023
04/09/2023 18:10,WO0776,SPM-FT-HS-01,SPM Hose String Assembly (Floating/Submarine),Monthly Cleaning Underwater Hoses (Chinese Lantern),,,,04/09/2023 18:10,04/09/2023 19:19,1.15,Planned Maint.,Submarine Hose,Closed,,Cleaned,SPM_Offshore,DPR 2407,2023-09 (Sep),P2 - Medium,,September,2023
04/09/2023 15:30,WO0775,ABB/SPM_Onshore,Onshore ABB_SPM System for Planned Maintenance,Weekly Servitude Walks,,,,04/09/2023 15:30,04/09/2023 17:30,2,Planned Maint.,Piping,Closed,,,ABB_SPM_Onshore,,2023-09 (Sep),P2 - Medium,,September,2023
03/09/2023 19:10,WO0774,ABB,CMB System for Planned Maint.,Checks on all mooring lines completed. All good on hooks,,,,03/09/2023 19:10,03/09/2023 19:16,0.1,Planned Maint.,Mooring System,Closed,,,ABB_Offshore,DPR 2406,2023-09 (Sep),P2 - Medium,,September,2023
03/09/2023 18:43,WO0773,ABB-FT-HS-01,ABB Submarine Hose Assembly,Check lay of Subsea hose assembly,,,,03/09/2023 18:43,03/09/2023 19:07,0.4,Planned Maint.,Submarine Hose,Closed,,,ABB_Offshore,DPR 2406,2023-09 (Sep),P2 - Medium,,September,2023
03/09/2023 18:43,WO0772,ABB-FT-V-1803,ABB PLEM Valve,MGR on PLEM,,,,03/09/2023 18:43,03/09/2023 19:07,0.4,Planned Corrective Maint.,PLEM Piping and Structure,Closed,Aquatic Exposure,Removed,ABB_Offshore,DPR 2406,2023-09 (Sep),P2 - Medium,,September,2023
03/09/2023 13:45,WO0771,ABB,CMB System for Planned Maint.,Pre-berthing Checks,,03/09/2023,,03/09/2023 13:45,03/09/2023 14:23,0.633333333,Inspection,Buoy Body,Closed,,,ABB_Offshore,DPR 2406,2023-09 (Sep),P1 - High,,September,2023
02/09/2023 13:43,WO0769,ABB-FT-V-1803,ABB PLEM Valve,GVI on PLEM and Jumper hoses,,,,02/09/2023 13:43,02/09/2023 13:49,0.1,Planned Maint.,PLEM Piping and Structure,Closed,,,ABB_Offshore,DPR 2405,2023-09 (Sep),P2 - Medium,,September,2023
02/09/2023 13:43,WO0770,ABB-FT-HS-01,ABB Submarine Hose Assembly,GVI on Subsea hose assembly,,,,02/09/2023 13:43,02/09/2023 13:49,0.1,Planned Maint.,Submarine Hose,Closed,,,ABB_Offshore,DPR 2405,2023-09 (Sep),P2 - Medium,,September,2023
01/09/2023 18:30,WO0768,SPM-AE-BY-02,CALM Buoy - CO760,Weekly GVI Solar Panel,,,,01/09/2023 18:30,01/09/2023 21:30,3,Planned Maint.,NavAids & Power,Closed,,,SPM_Offshore,DPR 2404,2023-09 (Sep),P2 - Medium,,September,2023
01/09/2023 18:30,WO0767,SPM-AE-BY-02,CALM Buoy - CO760,Monthly GVI Nav Aids,,,,01/09/2023 18:30,01/09/2023 21:30,3,Planned Maint.,NavAids & Power,Closed,,,SPM_Offshore,DPR 2404,2023-09 (Sep),P2 - Medium,,September,2023
01/09/2023 18:30,WO0766,SPM-AE-BY-02,CALM Buoy - CO760,Monthly GVI Cargo Transfer,,,,01/09/2023 18:30,01/09/2023 21:30,3,Planned Maint.,Buoy Body,Closed,,,SPM_Offshore,DPR 2404,2023-09 (Sep),P2 - Medium,,September,2023
01/09/2023 16:23,WO0765,SPM-FT-HS-01,SPM Hose String Assembly (Floating/Submarine),Subsea Hose GVI,,,,01/09/2023 16:23,01/09/2023 16:41,0.3,Planned Maint.,Submarine Hose,Closed,,,SPM_Offshore,DPR 2404,2023-09 (Sep),P2 - Medium,,September,2023
01/09/2023 15:17,WO0764,SPM-FT-HS-01,SPM Hose String Assembly (Floating/Submarine),Monthly Cleaning Subsea Hoses (Chinese Lantern),,,,01/09/2023 15:17,01/09/2023 16:15,0.966666667,Planned Maint.,Submarine Hose,Closed,,,SPM_Offshore,DPR 2404,2023-09 (Sep),P2 - Medium,,September,2023
01/09/2023 14:42,WO0763,SPM-FT-HS-01,SPM Hose String Assembly (Floating/Submarine),Monthly GVI Floating hoses,,,,01/09/2023 14:42,01/09/2023 15:02,0.333333333,Planned Maint.,Submarine Hose,Closed,,,SPM_Offshore,DPR 2404,2023-09 (Sep),P2 - Medium,,September,2023
31/08/2023 16:30,WO0762,Oil-Jetty,Oil Jetty System for Planned Maintenance,Servitude Clearance,,,,31/08/2023 16:30,31/08/2023 18:30,2,Planned Maint.,Piping,Closed,,,Oil_Jetty,,2023-08 (Aug),P2 - Medium,,August,2023
31/08/2023 15:30,WO0760,ABB/SPM_Onshore,Onshore ABB_SPM System for Planned Maintenance,"Monthly Visual  inspection & Patch painting of above grd section (Gao Lagoon  &
TOR Y-Junction)",,,,31/08/2023 15:30,31/08/2023 17:30,2,Planned Maint.,Piping,Closed,,,ABB_SPM_Onshore,,2023-08 (Aug),P2 - Medium,,August,2023
31/08/2023 15:30,WO0761,ABB/SPM_Onshore,Onshore ABB_SPM System for Planned Maintenance,Monthly Servitude Clearance,,,,31/08/2023 15:30,31/08/2023 18:30,3,Planned Maint.,Piping,Closed,,,ABB_SPM_Onshore,,2023-08 (Aug),P2 - Medium,,August,2023
30/08/2023 21:08,WO0759,ABB-FT-HS-01,ABB Submarine Hose Assembly,GVI on Subsea hose assembly,,,,30/08/2023 21:08,30/08/2023 21:24,0.266666667,Planned Maint.,Submarine Hose,Closed,,,ABB_Offshore,DPR 2402,2023-08 (Aug),P2 - Medium,,August,2023
30/08/2023 15:41,WO0758,ABB-FT-HS-01,ABB Submarine Hose Assembly,GVI on Subsea hose assembly,,,,30/08/2023 15:41,30/08/2023 15:47,0.1,Planned Maint.,Submarine Hose,Closed,,,ABB_Offshore,DPR 2402,2023-08 (Aug),P2 - Medium,,August,2023
29/08/2023 17:06,WO0757,SPM-FT-HS-01,SPM Hose String Assembly (Floating/Submarine),MGR Subsea hose assembly West hose,,,,29/08/2023 17:06,29/08/2023 18:31,1.416666667,Planned Corrective Maint.,Submarine Hose,Closed,Aquatic Exposure,Removed,SPM_Offshore,DPR 2401,2023-08 (Aug),P2 - Medium,,August,2023
29/08/2023 15:20,WO0755,SPM-AE-BY-02,CALM Buoy - CO760,Weekly Greasing of Main bearing and Centre Swivel Bearing,,,,29/08/2023 15:20,29/08/2023 15:59,0.65,Planned Maint.,Lubrication System,Closed,,,SPM_Offshore,DPR 2401,2023-08 (Aug),P2 - Medium,,August,2023
29/08/2023 15:20,WO0756,SPM-AE-BY-02,CALM Buoy - CO760,Weekly freeboard checks,,,,29/08/2023 15:20,29/08/2023 15:59,0.65,Planned Maint.,Buoy Body,Closed,,,SPM_Offshore,DPR 2401,2023-08 (Aug),P2 - Medium,,August,2023
28/08/2023 18:42,WO0754,ABB-FT-V-1803,ABB PLEM Valve,MGR on PLEM,,,,28/08/2023 18:42,28/08/2023 19:00,0.3,Planned Corrective Maint.,PLEM Piping and Structure,Closed,Aquatic Exposure,Removed,ABB_Offshore,DPR 2400,2023-08 (Aug),P2 - Medium,,August,2023
28/08/2023 15:30,WO0753,ABB/SPM_Onshore,Onshore ABB_SPM System for Planned Maintenance,Weekly Servitude Walks,,,,28/08/2023 15:30,28/08/2023 18:30,3,Planned Maint.,Piping,Closed,,,ABB_SPM_Onshore,,2023-08 (Aug),P2 - Medium,,August,2023
28/08/2023 13:37,WO0751,ABB-FT-V-1803,ABB PLEM Valve,GVI on PLEM and Jumper hoses,,,,28/08/2023 13:37,28/08/2023 13:42,0.083333333,Planned Maint.,PLEM Piping and Structure,Closed,,,ABB_Offshore,DPR 2400,2023-08 (Aug),P2 - Medium,,August,2023
28/08/2023 13:37,WO0752,ABB-FT-HS-01,ABB Submarine Hose Assembly,GVI on Subsea hose assembly,,,,28/08/2023 13:37,28/08/2023 19:00,5.383333333,Planned Maint.,Submarine Hose,Closed,,,ABB_Offshore,DPR 2400,2023-08 (Aug),P2 - Medium,,August,2023
27/08/2023 15:52,WO0750,ABB-FT-HS-01,ABB Submarine Hose Assembly,Monthly Subsea Hose Inspection at 6 O’clock position for any Damage,,,,27/08/2023 15:52,27/08/2023 17:50,1.966666667,Planned Maint.,Submarine Hose,Closed,,,ABB_Offshore,DPR 2403,2023-08 (Aug),P2 - Medium,,August,2023
27/08/2023 15:41,WO0749,ABB-FT-V-1803,ABB PLEM Valve,GVI on PLEM and Jumper hoses,,,,27/08/2023 15:41,27/08/2023 15:47,0.1,Planned Maint.,PLEM Piping and Structure,Closed,,,ABB_Offshore,DPR 2402,2023-08 (Aug),P2 - Medium,,August,2023
26/08/2023 19:00,WO0748,ABB,CMB System for Planned Maint.,"Maintenance of Lever hoists, Chain Blocks and Tirfors",,,,26/08/2023 19:00,27/08/2023 01:00,6,Planned Maint.,Hoisting & Lifting,Closed,,,ABB_Offshore,DPR 2398,2023-08 (Aug),P2 - Medium,,August,2023
25/08/2023 19:55,WO0747,ABB-FT-HS-01,ABB Submarine Hose Assembly,GVI on Subsea hose assembly,,,,25/08/2023 19:55,25/08/2023 20:23,0.466666667,Planned Maint.,Submarine Hose,Closed,,,ABB_Offshore,DPR 2397,2023-08 (Aug),P2 - Medium,,August,2023
25/08/2023 19:55,WO0746,ABB-FT-V-1803,ABB PLEM Valve,MGR on PLEM,,,,25/08/2023 19:55,25/08/2023 20:23,0.466666667,Planned Corrective Maint.,PLEM Piping and Structure,Closed,Aquatic Exposure,Removed,ABB_Offshore,DPR 2397,2023-08 (Aug),P2 - Medium,,August,2023
25/08/2023 16:00,WO0745,Oil-Jetty,Oil Jetty System for Planned Maintenance,Bi-weekly Servitude Walk/Pipeline Inspection,,,,25/08/2023 16:00,25/08/2023 18:00,2,Planned Maint.,Piping,Closed,,,Oil_Jetty,,2023-08 (Aug),P2 - Medium,,August,2023
25/08/2023 15:12,WO0743,ABB-FT-V-1803,ABB PLEM Valve,GVI on PLEM and Jumper hoses,,,,25/08/2023 15:12,25/08/2023 15:19,0.116666667,Planned Maint.,PLEM Piping and Structure,Closed,,,ABB_Offshore,DPR 2397,2023-08 (Aug),P2 - Medium,,August,2023
25/08/2023 15:12,WO0744,ABB-FT-HS-01,ABB Submarine Hose Assembly,GVI on Subsea hose assembly,,,,25/08/2023 15:12,25/08/2023 15:19,0.116666667,Planned Maint.,Submarine Hose,Closed,,,ABB_Offshore,DPR 2397,2023-08 (Aug),P2 - Medium,,August,2023
23/08/2023 18:37,WO0742,ABB-FT-HS-01,ABB Submarine Hose Assembly,Check lay of Subsea hose assembly,,23/08/2023,,23/08/2023 18:37,23/08/2023 18:53,0.266666667,Inspection,Submarine Hose,Closed,,,ABB_Offshore,DPR 2395,2023-08 (Aug),P2 - Medium,,August,2023
23/08/2023 15:30,WO0741,ABB/SPM_Onshore,Onshore ABB_SPM System for Planned Maintenance,Monthly Onshore CP reading and TP/CB structure  inspection,,,,23/08/2023 15:30,23/08/2023 17:30,2,Planned Maint.,Cathodic Protection,Closed,,,ABB_SPM_Onshore,,2023-08 (Aug),P2 - Medium,,August,2023
22/08/2023 15:30,WO0740,ABB/SPM_Onshore,Onshore ABB_SPM System for Planned Maintenance,Weekly Servitude Walks,,,,22/08/2023 15:30,22/08/2023 17:30,2,Planned Maint.,Piping,Closed,,,ABB_SPM_Onshore,,2023-08 (Aug),P2 - Medium,,August,2023
22/08/2023 13:32,WO0738,ABB-FT-V-1803,ABB PLEM Valve,GVI on PLEM and Jumper hoses,,,,22/08/2023 13:32,22/08/2023 13:38,0.1,Planned Maint.,PLEM Piping and Structure,Closed,,,ABB_Offshore,DPR 2394,2023-08 (Aug),P2 - Medium,,August,2023
22/08/2023 13:32,WO0739,ABB-FT-HS-01,ABB Submarine Hose Assembly,Check lay of Subsea hose assembly,,22/08/2023,,22/08/2023 13:32,22/08/2023 13:38,0.1,Inspection,Submarine Hose,Closed,,,ABB_Offshore,DPR 2394,2023-08 (Aug),P2 - Medium,,August,2023
20/08/2023 17:20,WO0737,SPM-FT-HS-01,SPM Hose String Assembly (Floating/Submarine),Check Torque specs on Flanges,,20/08/2023,,20/08/2023 17:20,20/08/2023 22:00,4.666666667,Inspection,Submarine Hose,Closed,,,SPM_Offshore,DPR 2392,2023-08 (Aug),P2 - Medium,,August,2023
19/08/2023 18:51,WO0736,SPM-FT-HS-01,SPM Hose String Assembly (Floating/Submarine),Torqueing of Subsea hose flanges,,19/08/2023,,19/08/2023 18:51,19/08/2023 20:13,1.366666667,Inspection,Submarine Hose,Closed,,,SPM_Offshore,DPR 2391,2023-08 (Aug),P2 - Medium,,August,2023
19/08/2023 18:08,WO0735,ABB-FT-HS-01,ABB Submarine Hose Assembly,Check lay of Subsea hose assembly,,19/08/2023,,19/08/2023 18:08,19/08/2023 18:20,0.2,Inspection,Submarine Hose,Closed,,,ABB_Offshore,DPR 2391,2023-08 (Aug),P2 - Medium,,August,2023
18/08/2023 17:19,WO0733,ABB-FT-V-1803,ABB PLEM Valve,GVI on PLEM and Jumper hoses,,,,18/08/2023 17:19,18/08/2023 17:24,0.083333333,Planned Maint.,PLEM Piping and Structure,Closed,,,ABB_Offshore,DPR 2390,2023-08 (Aug),P2 - Medium,,August,2023
18/08/2023 17:19,WO0734,ABB-FT-HS-01,ABB Submarine Hose Assembly,Check lay of Subsea hose assembly,,18/08/2023,,18/08/2023 17:19,18/08/2023 17:24,0.083333333,Inspection,Submarine Hose,Closed,,,ABB_Offshore,DPR 2390,2023-08 (Aug),P2 - Medium,,August,2023
18/08/2023 13:30,WO0732,SW10,Seaways 10 Vessel,SW10 class inspections,,18/08/2023,,18/08/2023 13:30,18/08/2023 14:40,1.166666667,Inspection,Hoisting & Lifting,Closed,,,ABB_Offshore,DPR 2390,2023-08 (Aug),P2 - Medium,,August,2023
17/08/2023 19:30,WO0731,SPM-AE-BY-02,CALM Buoy - CO760,Inspections valves central pipe swivel and all flanges for leaks.,,18/08/2023,,17/08/2023 19:30,18/08/2023 01:00,5.5,Inspection,Swivel System,Closed,,,SPM_Offshore,DPR 2389,2023-08 (Aug),P2 - Medium,,August,2023
17/08/2023 17:56,WO0730,SPM-FT-HS-01,SPM Hose String Assembly (Floating/Submarine),"Torquing of East hose PLEM Valve and Spool piece flange Bolts and start on West
hose side",,17/08/2023,,17/08/2023 17:56,17/08/2023 18:28,0.533333333,Inspection,Submarine Hose,Closed,,,SPM_Offshore,DPR 2389,2023-08 (Aug),P2 - Medium,,August,2023
17/08/2023 15:42,WO0729,SPM-FT-HS-01,SPM Hose String Assembly (Floating/Submarine),Torqueing of East hose PLEM Valve and Spool piece flange Bolts,,17/08/2023,,17/08/2023 15:42,17/08/2023 17:43,2.016666667,Inspection,Submarine Hose,Closed,,,SPM_Offshore,DPR 2389,2023-08 (Aug),P2 - Medium,,August,2023
17/08/2023 13:30,WO0728,SW10,Seaways 10 Vessel,SW10 class inspections,,17/08/2023,,17/08/2023 13:30,17/08/2023 15:15,1.75,Inspection,Hoisting & Lifting,Closed,,,ABB_Offshore,DPR 2389,2023-08 (Aug),P2 - Medium,,August,2023
16/08/2023 20:00,WO0727,SPM-FT-HS-01,SPM Hose String Assembly (Floating/Submarine),MGR on Subsea hose assembly West hoses.,,,,16/08/2023 20:00,16/08/2023 20:33,0.55,Planned Corrective Maint.,Submarine Hose,Closed,Aquatic Exposure,Removed,SPM_Offshore,DPR 2388,2023-08 (Aug),P2 - Medium,,August,2023
16/08/2023 18:47,WO0726,SPM-FT-HS-01,SPM Hose String Assembly (Floating/Submarine),MGR on Subsea hose assembly East hoses,,,,16/08/2023 18:47,16/08/2023 19:49,1.033333333,Planned Corrective Maint.,Submarine Hose,Closed,Aquatic Exposure,Removed,SPM_Offshore,DPR 2388,2023-08 (Aug),P2 - Medium,,August,2023
16/08/2023 18:29,WO0725,ABB,CMB System for Planned Maint.,All lines checked on mooring hooks.,,16/08/2023,,16/08/2023 18:29,16/08/2023 18:47,0.3,Inspection,Mooring System,Closed,,,ABB_Offshore,DPR 2388,2023-08 (Aug),P2 - Medium,,August,2023
16/08/2023 18:00,WO0724,SPM-FT-HS-01,SPM Hose String Assembly (Floating/Submarine),Check lay of Subsea hose assembly,,16/08/2023,,16/08/2023 18:00,16/08/2023 18:19,0.316666667,Inspection,Submarine Hose,Closed,,,SPM_Offshore,DPR 2388,2023-08 (Aug),P2 - Medium,,August,2023
15/08/2023 16:32,WO0723,SPM-FT-HS-01,SPM Hose String Assembly (Floating/Submarine),MGR on Subsea hose assembly West hoses,,,,15/08/2023 16:32,15/08/2023 17:06,0.566666667,Planned Corrective Maint.,Submarine Hose,Closed,Aquatic Exposure,Removed,SPM_Offshore,DPR 2387,2023-08 (Aug),P2 - Medium,,August,2023
15/08/2023 15:47,WO0722,SPM-CP-01,SPM Cathodic Protection System - Offshore,6-monthly CP readings and photography on SPM Anodes,,,,15/08/2023 15:47,15/08/2023 16:22,0.583333333,Planned Maint.,Cathodic Protection,Closed,,,SPM_Offshore,DPR 2387,2023-08 (Aug),P2 - Medium,,August,2023
15/08/2023 15:45,WO0721,Oil-Jetty,Oil Jetty System for Planned Maintenance,Monthly Valve maintenance,,,,15/08/2023 15:45,15/08/2023 19:00,3.25,Planned Maint.,Valve,Closed,,,Oil_Jetty,,2023-08 (Aug),P2 - Medium,,August,2023
15/08/2023 15:00,WO0720,Oil-Jetty,Oil Jetty System for Planned Maintenance,Monthly GVI of Sump and Sump Pipeline,,,,15/08/2023 15:00,15/08/2023 17:00,2,Planned Maint.,Piping,Closed,,,Oil_Jetty,,2023-08 (Aug),P2 - Medium,,August,2023
15/08/2023 14:30,WO0719,ABB,CMB System for Planned Maint.,"Pre-Berthing checks and weekly maintenance checks – GPS Location. Freeboard checks. 
Bush wear checks. 
Hook checks & Hook Greasing.",,15/08/2023,,15/08/2023 14:30,15/08/2023 15:10,0.666666667,Inspection,Mooring System,Closed,,,ABB_Offshore,DPR 2387,2023-08 (Aug),P1 - High,,August,2023
14/08/2023 20:30,WO0718,ABB-FT-V-1803,ABB PLEM Valve,"GVI around PLEM, GVI Jumper hoses",,,,14/08/2023 20:30,14/08/2023 21:07,0.616666667,Planned Maint.,PLEM Piping and Structure,Closed,,,ABB_Offshore,DPR 2386,2023-08 (Aug),P2 - Medium,,August,2023
14/08/2023 20:30,WO0717,ABB-FT-HS-01,ABB Submarine Hose Assembly,Check lay of Subsea hoses,,14/08/2023,,14/08/2023 20:30,14/08/2023 21:07,0.616666667,Inspection,Submarine Hose,Closed,,,ABB_Offshore,DPR 2386,2023-08 (Aug),P2 - Medium,,August,2023
14/08/2023 15:35,WO0716,SPM-FT-HS-01,SPM Hose String Assembly (Floating/Submarine),MGR on Subsea hose assembly East  hoses,,,,14/08/2023 15:35,14/08/2023 16:06,0.516666667,Planned Corrective Maint.,Submarine Hose,Closed,Aquatic Exposure,Removed,SPM_Offshore,DPR 2386,2023-08 (Aug),P2 - Medium,,August,2023
14/08/2023 14:50,WO0715,SPM-AE-BY-02,CALM Buoy - CO760,Weekly SPM Solar panel checks,,,,14/08/2023 14:50,14/08/2023 15:35,0.75,Planned Maint.,NavAids & Power,Closed,,,SPM_Offshore,DPR 2386,2023-08 (Aug),P2 - Medium,,August,2023
14/08/2023 14:50,WO0714,SPM-AE-BY-02,CALM Buoy - CO760,SPM weekly greasing. Weekly SPM Freeboard checks.,,,,14/08/2023 14:50,14/08/2023 15:35,0.75,Planned Maint.,Buoy Body,Closed,,,SPM_Offshore,DPR 2386,2023-08 (Aug),P2 - Medium,,August,2023
13/08/2023 15:43,WO0713,SPM-FT-HS-01,SPM Hose String Assembly (Floating/Submarine),MGR on Subsea hose assembly East hoses,,,,13/08/2023 15:43,13/08/2023 17:53,2.166666667,Planned Corrective Maint.,Submarine Hose,Closed,Aquatic Exposure,Removed,SPM_Offshore,DPR 2385,2023-08 (Aug),P2 - Medium,,August,2023
12/08/2023 22:21,WO0712,ABB-FT-HS-01,ABB Submarine Hose Assembly,Check lay of Subsea hose assembly to touch down,,12/08/2023,,12/08/2023 22:21,12/08/2023 22:42,0.35,Inspection,Submarine Hose,Closed,,,ABB_Offshore,DPR 2384,2023-08 (Aug),P2 - Medium,,August,2023
12/08/2023 17:45,WO0711,ABB,CMB System for Planned Maint.,Pre-berthing Checks,,,,12/08/2023 17:45,12/08/2023 18:10,0.416666667,Planned Maint.,Buoy Body,Closed,,,ABB_Offshore,DPR 2384,2023-08 (Aug),P2 - Medium,,August,2023
12/08/2023 15:45,WO0709,ABB-FT-V-1803,ABB PLEM Valve,GVI on PLEM and Jumper hoses,,,,12/08/2023 15:45,12/08/2023 16:19,0.566666667,Planned Maint.,PLEM Piping and Structure,Closed,,,ABB_Offshore,DPR 2384,2023-08 (Aug),P2 - Medium,,August,2023
12/08/2023 15:45,WO0710,ABB-FT-HS-01,ABB Submarine Hose Assembly,Check lay of Subsea hoses,,12/08/2023,,12/08/2023 15:45,12/08/2023 16:19,0.566666667,Inspection,Submarine Hose,Closed,,,ABB_Offshore,DPR 2384,2023-08 (Aug),P2 - Medium,,August,2023
10/08/2023 20:30,WO0708,MATHEEW BUOY,Buoy for SW10/Atlantis,Test Capstones on Matthew mooring chain,,,,10/08/2023 20:30,10/08/2023 21:00,0.5,Planned Maint.,Anchoring System,Closed,,,ABB_Offshore,DPR 2382,2023-08 (Aug),P2 - Medium,,August,2023
10/08/2023 19:06,WO0706,ABB-FT-HS-01,ABB Submarine Hose Assembly,Check lay of ABB Subsea hose assembly,,10/08/2023,,10/08/2023 19:06,10/08/2023 19:30,0.4,Inspection,Submarine Hose,Closed,,,ABB_Offshore,DPR 2383,2023-08 (Aug),P2 - Medium,,August,2023
10/08/2023 19:06,WO0707,ABB,CMB System for Planned Maint.,Checks on mooring lines and hooks completed.,,10/08/2023,,10/08/2023 19:06,10/08/2023 19:40,0.566666667,Inspection,Mooring System,Closed,,,ABB_Offshore,DPR 2383,2023-08 (Aug),P2 - Medium,,August,2023
10/08/2023 15:03,WO0705,Oil-Jetty,Oil Jetty System for Planned Maintenance,Bi-weekly Servitude Walk/Pipeline Inspection,,,,10/08/2023 15:03,10/08/2023 17:03,2,Planned Maint.,Piping,Closed,,,Oil_Jetty,,2023-08 (Aug),P2 - Medium,,August,2023
10/08/2023 14:00,WO0704,ABB,CMB System for Planned Maint.,Pre-berthing Checks,,,,10/08/2023 14:00,10/08/2023 15:19,1.316666667,Planned Maint.,Buoy Body,Closed,,,ABB_Offshore,DPR 2383,2023-08 (Aug),P2 - Medium,,August,2023
09/08/2023 15:50,WO0703,SW10,Seaways 10 Vessel,"General maintenance on DDC container. - General maintenance on Compressor
container. - Paint primer on maintained areas of DDC and Compressor containers",,,,09/08/2023 15:50,10/08/2023 01:00,9.166666667,Planned Maint.,Hoisting & Lifting,Closed,,,ABB_Offshore,DPR 2381,2023-08 (Aug),P2 - Medium,,August,2023
09/08/2023 14:25,WO0702,SPM-FT-BY-02,CALM Buoy - CO760 Cargo transfer System,Monthly GVI Hose Pick Up Equipment.,,,,09/08/2023 14:25,09/08/2023 15:20,0.916666667,Planned Maint.,Submarine Hose,Closed,,,SPM_Offshore,DPR 2381,2023-08 (Aug),P2 - Medium,,August,2023
09/08/2023 14:25,WO0699,SPM-ME-BD-01,SPM Mooring Bridle,Monthly GVI and wear measurements of Mooring towing bridal.,,,,09/08/2023 14:25,09/08/2023 15:20,0.916666667,Planned Maint.,Mooring System,Closed,,,SPM_Offshore,DPR 2381,2023-08 (Aug),P2 - Medium,,August,2023
09/08/2023 14:25,WO0696,SPM-AE-BY-02,CALM Buoy - CO760,Monthly GVI and wear measurements of Mooring towing bridal.,,,,09/08/2023 14:25,09/08/2023 15:20,0.916666667,Planned Maint.,Mooring System,Closed,,,SPM_Offshore,DPR 2381,2023-08 (Aug),P2 - Medium,,August,2023
09/08/2023 14:25,WO0698,SPM-AE-BY-02,CALM Buoy - CO760,Weekly Greasing of Main and central swivel bearings,,,,09/08/2023 14:25,09/08/2023 15:20,0.916666667,Planned Maint.,Lubrication System,Closed,,,SPM_Offshore,DPR 2381,2023-08 (Aug),P2 - Medium,,August,2023
09/08/2023 14:25,WO0695,SPM-AE-BY-02,CALM Buoy - CO760,Weekly Greasing of Main and central swivel bearings,,,,09/08/2023 14:25,09/08/2023 15:20,0.916666667,Planned Maint.,Lubrication System,Closed,,,SPM_Offshore,DPR 2381,2023-08 (Aug),P2 - Medium,,August,2023
09/08/2023 14:25,WO0700,SPM-AE-BY-02,CALM Buoy - CO760,Weekly GVI on Solar system,,,,09/08/2023 14:25,09/08/2023 15:20,0.916666667,Planned Maint.,NavAids & Power,Closed,,,SPM_Offshore,DPR 2381,2023-08 (Aug),P2 - Medium,,August,2023
09/08/2023 14:25,WO0697,SPM-AE-BY-02,CALM Buoy - CO760,GVI on Solar system,,,,09/08/2023 14:25,09/08/2023 15:20,0.916666667,Planned Maint.,NavAids & Power,Closed,,,SPM_Offshore,DPR 2381,2023-08 (Aug),P2 - Medium,,August,2023
09/08/2023 14:25,WO0701,SPM-AE-BY-02,CALM Buoy - CO760,Weekly freeboard checks,,,,09/08/2023 14:25,09/08/2023 15:20,0.916666667,Planned Maint.,Buoy Body,Closed,,,SPM_Offshore,DPR 2381,2023-08 (Aug),P2 - Medium,,August,2023
08/08/2023 20:30,WO0694,ABB,CMB System for Planned Maint.,Monthly washing and cleaning sides of ABB buoys,,,,08/08/2023 20:30,08/08/2023 22:30,2,Planned Maint.,Buoy Body,Closed,,,ABB_Offshore,DPR 2380,2023-08 (Aug),P2 - Medium,,August,2023
08/08/2023 15:33,WO0693,ABB-FT-HS-01,ABB Submarine Hose Assembly,Cleaning of Subsea hose assembly and Subsea Pre-Berthing checks.,,,,08/08/2023 15:33,08/08/2023 16:27,0.9,Planned Maint.,Submarine Hose,Closed,,,ABB_Offshore,DPR 2380,2023-08 (Aug),P2 - Medium,,August,2023
08/08/2023 15:30,WO0692,ABB/SPM_Onshore,Onshore ABB_SPM System for Planned Maintenance,Weekly Servitude Walks,,,,08/08/2023 15:30,08/08/2023 17:30,2,Planned Maint.,Piping,Closed,,,ABB_SPM_Onshore,,2023-08 (Aug),P2 - Medium,,August,2023
08/08/2023 15:30,WO0691,ABB/SPM_Onshore,Onshore ABB_SPM System for Planned Maintenance,"Monthly GVI of Manifolds, Pig Launchers/Receivers, Spool pieces",,,,08/08/2023 15:30,08/08/2023 17:30,2,Planned Maint.,Piping,Closed,,,ABB_SPM_Onshore,,2023-08 (Aug),P2 - Medium,,August,2023
08/08/2023 15:30,WO0690,ABB/SPM_Onshore,Onshore ABB_SPM System for Planned Maintenance,"Monthly Visual  inspection & Patch painting of above grd section
(Gao Lagoon  & TOR Y-Junction)",,,,08/08/2023 15:30,08/08/2023 17:30,2,Planned Maint.,Piping,Closed,,,ABB_SPM_Onshore,,2023-08 (Aug),P2 - Medium,,August,2023
08/08/2023 14:48,WO0689,ABB-ME-BY-04,ABB Charlie Buoy,Cut Fish net on Charlie Buoy,,,,08/08/2023 14:48,08/08/2023 15:20,0.533333333,Planned Corrective Maint.,Buoy Body,Closed,Marine Fouling / Foreign Object,Removed,ABB_Offshore,DPR 2380,2023-08 (Aug),P2 - Medium,,August,2023
07/08/2023 14:25,WO0688,ABB,CMB System for Planned Maint.,"Monthly Buoys LKP connection, touch down GVI and MGR on bottom of Buoys for GVI.",,,,07/08/2023 14:25,07/08/2023 18:55,4.5,Planned Maint.,Buoy Body,Closed,,,ABB_Offshore,DPR 2379,2023-08 (Aug),P2 - Medium,,August,2023
06/08/2023 17:30,WO0687,SPM-AE-BY-02,CALM Buoy - CO760,3- monthly top side touch up painting on SPM,,,,06/08/2023 17:30,06/08/2023 19:40,2.166666667,Planned Maint.,Buoy Body,Closed,Corrosion,Coated,SPM_Offshore,DPR 2380,2023-08 (Aug),P2 - Medium,,August,2023
06/08/2023 15:29,WO0686,ABB-FT-HS-01,ABB Submarine Hose Assembly,MGR on ABB Subsea Hoses.,,,,06/08/2023 15:29,06/08/2023 17:18,1.816666667,Planned Corrective Maint.,Submarine Hose,Closed,Aquatic Exposure,Removed,ABB_Offshore,DPR 2380,2023-08 (Aug),P2 - Medium,,August,2023
06/08/2023 14:48,WO0685,ABB,CMB System for Planned Maint.,Pre-berthing Checks,,06/08/2023,,06/08/2023 14:48,06/08/2023 15:20,0.533333333,Inspection,Mooring System,Closed,,,ABB_Offshore,DPR 2378,2023-08 (Aug),P1 - High,,August,2023
06/08/2023 13:28,WO0683,ABB-FT-V-1803,ABB PLEM Valve,"GVI around PLEM, GVI Jumper hoses",,,,06/08/2023 13:28,06/08/2023 13:57,0.483333333,Planned Maint.,PLEM Piping and Structure,Closed,,,ABB_Offshore,DPR 2378,2023-08 (Aug),P2 - Medium,,August,2023
06/08/2023 13:28,WO0684,ABB-FT-HS-01,ABB Submarine Hose Assembly,Check lay of Subsea hoses,,,,06/08/2023 13:28,06/08/2023 13:57,0.483333333,Planned Maint.,Submarine Hose,Closed,,,ABB_Offshore,DPR 2378,2023-08 (Aug),P2 - Medium,,August,2023
05/08/2023 15:14,WO0682,SPM-FT-HS-01,SPM Hose String Assembly (Floating/Submarine),Continue with MGR on East Subsea hose SPM,,,,05/08/2023 15:14,05/08/2023 17:37,2.383333333,Planned Corrective Maint.,Submarine Hose,Closed,Aquatic Exposure,Removed,SPM_Offshore,DPR 2377,2023-08 (Aug),P2 - Medium,,August,2023
04/08/2023 18:45,WO0680,SW10,Seaways 10 Vessel,Clean TRH with Cavi. - GVI on TRH - Wash all equipment and gear with fresh water,,,,04/08/2023 18:45,04/08/2023 20:00,1.25,Planned Maint.,Hoisting & Lifting,Closed,,,ABB_Offshore,DPR 2376,2023-08 (Aug),P2 - Medium,,August,2023
04/08/2023 18:45,WO0681,SW10,Seaways 10 Vessel,Clean MG from back deck,,,,04/08/2023 18:45,04/08/2023 20:00,1.25,Planned Corrective Maint.,Buoy Body,Closed,Aquatic Exposure,Removed,ABB_Offshore,DPR 2376,2023-08 (Aug),P2 - Medium,,August,2023
04/08/2023 15:56,WO0679,SPM-FT-HS-01,SPM Hose String Assembly (Floating/Submarine),MGR on East Subsea hose SPM,,,,04/08/2023 15:56,04/08/2023 17:11,1.25,Planned Corrective Maint.,Submarine Hose,Closed,Aquatic Exposure,Removed,SPM_Offshore,DPR 2376,2023-08 (Aug),P2 - Medium,,August,2023
04/08/2023 15:26,WO0678,SPM-FT-HS-01,SPM Hose String Assembly (Floating/Submarine),GVI on SPM Subsea Hoses,,,,04/08/2023 15:26,04/08/2023 15:43,0.283333333,Planned Maint.,Submarine Hose,Closed,,,SPM_Offshore,DPR 2376,2023-08 (Aug),P2 - Medium,,August,2023
04/08/2023 14:45,WO0677,SPM-FT-HS-01,SPM Hose String Assembly (Floating/Submarine),Monthly GVI on SPM Floating Hoses,,,,04/08/2023 14:45,04/08/2023 15:06,0.35,Planned Maint.,Floating Hose,Closed,,,SPM_Offshore,DPR 2376,2023-08 (Aug),P2 - Medium,,August,2023
04/08/2023 14:30,WO0676,SPM-AE-BY-02,CALM Buoy - CO760,3-monthly GPS Location of SPM,,,,04/08/2023 14:30,04/08/2023 14:45,0.25,Planned Maint.,Buoy Body,Closed,,,SPM_Offshore,DPR 2376,2023-08 (Aug),P2 - Medium,,August,2023
03/08/2023 19:00,WO0674,SPM-AE-BY-02,CALM Buoy - CO760,Cargo transfer inspection.,,,,03/08/2023 19:00,03/08/2023 22:00,3,Planned Maint.,Mooring System,Closed,,,SPM_Offshore,DPR 2375,2023-08 (Aug),P2 - Medium,,August,2023
03/08/2023 19:00,WO0673,SPM-AE-BY-02,CALM Buoy - CO760,Weekly Free board checks,,,,03/08/2023 19:00,03/08/2023 22:00,3,Planned Maint.,Mooring System,Closed,,,SPM_Offshore,DPR 2375,2023-08 (Aug),P2 - Medium,,August,2023
03/08/2023 19:00,WO0672,SPM-AE-BY-02,CALM Buoy - CO760,SPM Weekly greasing,,,,03/08/2023 19:00,03/08/2023 22:00,3,Planned Maint.,Lubrication System,Closed,,,SPM_Offshore,DPR 2375,2023-08 (Aug),P2 - Medium,,August,2023
03/08/2023 19:00,WO0675,SPM-AE-BY-02,CALM Buoy - CO760,Weekly solar panel inspection,,03/08/2023,,03/08/2023 19:00,03/08/2023 22:00,3,Inspection,NavAids & Power,Closed,,,SPM_Offshore,DPR 2375,2023-08 (Aug),P2 - Medium,,August,2023
03/08/2023 18:27,WO0671,ABB-FT-HS-01,ABB Submarine Hose Assembly,Check lay of Subsea hose,,,,03/08/2023 18:27,03/08/2023 18:49,0.366666667,Planned Maint.,Submarine Hose,Closed,,,ABB_Offshore,DPR 2375,2023-08 (Aug),P2 - Medium,,August,2023
03/08/2023 13:47,WO0670,ABB-CP-01,ABB Cathodic Protection System - Offshore,3-monthly CP readings on ABB Subsea hose.,,,,03/08/2023 13:47,03/08/2023 14:27,0.666666667,Planned Maint.,Cathodic Protection,Closed,,,ABB_Offshore,DPR 2375,2023-08 (Aug),P2 - Medium,,August,2023
03/08/2023 13:47,WO0668,ABB-FT-V-1803,ABB PLEM Valve,Pre-Berthing checks on PLEM and Jumper hoses,,,,03/08/2023 13:47,03/08/2023 14:27,0.666666667,Planned Maint.,PLEM Piping and Structure,Closed,,,ABB_Offshore,DPR 2375,2023-08 (Aug),P2 - Medium,,August,2023
03/08/2023 13:47,WO0669,ABB-FT-HS-01,ABB Submarine Hose Assembly,Monthly GVI on ABB Subsea hoses,,,,03/08/2023 13:47,03/08/2023 14:27,0.666666667,Planned Maint.,Submarine Hose,Closed,,,ABB_Offshore,DPR 2375,2023-08 (Aug),P2 - Medium,,August,2023
01/08/2023 15:30,WO0667,ABB/SPM_Onshore,Onshore ABB_SPM System for Planned Maintenance,"Tri-Annual GVI of hoses, taps, racks, hose end covers & 90 deg. Clockwise
Rotation",,,,01/08/2023 15:30,01/08/2023 17:30,2,Planned Maint.,Hose,Closed,,,ABB_SPM_Onshore,,2023-08 (Aug),P2 - Medium,,August,2023
31/07/2023 16:20,WO0666,ABB,CMB System for Planned Maint.,Weekly ABB - buoys Freeboard checks,,,,31/07/2023 16:20,31/07/2023 16:50,0.5,Planned Maint.,Buoy Body,Closed,,,ABB_Offshore,DPR 2372,2023-07 (Jul),P2 - Medium,,July,2023
31/07/2023 16:00,WO0665,Oil-Jetty,Oil Jetty System for Planned Maintenance,Servitude Clearance,,,,31/07/2023 16:00,31/07/2023 18:00,2,Planned Maint.,Piping,Closed,,,Oil_Jetty,,2023-07 (Jul),P2 - Medium,,July,2023
31/07/2023 15:30,WO0663,ABB/SPM_Onshore,Onshore ABB_SPM System for Planned Maintenance,Valves - Quarterly Monthly GVI for leaks & Lubrication,,,,31/07/2023 15:30,31/07/2023 17:30,2,Planned Maint.,Valve,Closed,,,ABB_SPM_Onshore,,2023-07 (Jul),P2 - Medium,,July,2023
31/07/2023 15:30,WO0664,ABB/SPM_Onshore,Onshore ABB_SPM System for Planned Maintenance,Monthly Servitude Clearance,,,,31/07/2023 15:30,31/07/2023 18:30,3,Planned Maint.,Piping,Closed,,,ABB_SPM_Onshore,,2023-07 (Jul),P2 - Medium,,July,2023
31/07/2023 15:17,WO0662,ABB-ME-BY-04,ABB Charlie Buoy,Remove some net on chain on Charlie Buoy,,,,31/07/2023 15:17,31/07/2023 16:05,0.8,Planned Corrective Maint.,Buoy Body,Closed,Marine Fouling / Foreign Object,Removed,ABB_Offshore,DPR 2372,2023-07 (Jul),P2 - Medium,,July,2023
31/07/2023 14:32,WO0661,ABB-CP-01,ABB Cathodic Protection System - Offshore,"Monthly GVI on Alpha, Bravo ,Charlie & Delta Buoys anodes",,,,31/07/2023 14:32,31/07/2023 16:05,1.55,Planned Maint.,Buoy Body,Closed,,,ABB_Offshore,DPR 2372,2023-07 (Jul),P2 - Medium,,July,2023
30/07/2023 22:05,WO0660,ABB-ME-BY-05,ABB Alpha Buoy,Open Alpha buoy inspection hatches to check for water ingress 6-monthly checks,,,,30/07/2023 22:05,30/07/2023 23:50,1.75,Planned Maint.,Buoy Body,Closed,,,ABB_Offshore,DPR 2371,2023-07 (Jul),P2 - Medium,,July,2023
30/07/2023 22:05,WO0659,ABB,CMB System for Planned Maint.,"Pre-Berthing checks. - All UKP bushes and pins still in good condition and
greased.",,,,30/07/2023 22:05,30/07/2023 23:50,1.75,Planned Maint.,Lubrication System,Closed,,,ABB_Offshore,DPR 2371,2023-07 (Jul),P2 - Medium,,July,2023
30/07/2023 20:36,WO0658,ABB-FT-V-1803,ABB PLEM Valve,"Subsea pre-berthing checks on the PLEM, jumper hoses and hose string on seabed",,,,30/07/2023 20:36,30/07/2023 21:14,0.633333333,Planned Maint.,PLEM Piping and Structure,Closed,,,ABB_Offshore,DPR 2371,2023-07 (Jul),P2 - Medium,,July,2023
30/07/2023 14:30,WO0657,SPM-AE-BY-02,CALM Buoy - CO760,Chipping and Painting of corroded areas of SPM Calm Buoy.,,,,30/07/2023 14:30,30/07/2023 17:00,2.5,Planned Corrective Maint.,Buoy Body,Closed,Corrosion,Coated,SPM_Offshore,DPR  2371,2023-07 (Jul),P2 - Medium,,July,2023
28/07/2023 21:25,WO0656,ABB-FT-HS-01,ABB Submarine Hose Assembly,Checks on the hose string leading up to the tanker,,,,28/07/2023 21:25,28/07/2023 21:51,0.433333333,Planned Maint.,Mooring System,Closed,,,ABB_Offshore,DPR 2369,2023-07 (Jul),P2 - Medium,,July,2023
28/07/2023 15:17,WO0655,ABB-ME-BY-05,ABB Alpha Buoy,Pre-Berthing checks. Change Alpha buoy UKP bush.,,,,28/07/2023 15:17,28/07/2023 16:00,0.716666667,Planned Maint.,Buoy Body,Closed,,,ABB_Offshore,DPR 2369,2023-07 (Jul),P2 - Medium,,July,2023
28/07/2023 13:29,WO0654,ABB-FT-HS-01,ABB Submarine Hose Assembly,"Subsea pre-berthing checks on the PLEM, jumper hoses and hose string on seabed",,,,28/07/2023 13:29,28/07/2023 14:14,0.75,Planned Maint.,Submarine Hose,Closed,,,ABB_Offshore,DPR 2369,2023-07 (Jul),P2 - Medium,,July,2023
27/07/2023 18:00,WO0653,SPM-AE-BY-02,CALM Buoy - CO760,Chipping and painting of primer on SPM,,,,27/07/2023 18:00,27/07/2023 21:36,3.6,Planned Corrective Maint.,Buoy Body,Closed,Corrosion,Coated,SPM_Offshore,DPR 2368,2023-07 (Jul),P2 - Medium,,July,2023
27/07/2023 15:30,WO0652,ABB/SPM_Onshore,Onshore ABB_SPM System for Planned Maintenance,Weekly Servitude Walks,,,,27/07/2023 15:30,27/07/2023 17:30,2,Planned Maint.,Piping,Closed,,,ABB_SPM_Onshore,,2023-07 (Jul),P2 - Medium,,July,2023
27/07/2023 15:30,WO0650,ABB/SPM_Onshore,Onshore ABB_SPM System for Planned Maintenance,"Monthly Visual  inspection & Patch painting of above grd section (Gao Lagoon  &
TOR Y-Junction)",,,,27/07/2023 15:30,27/07/2023 17:30,2,Planned Maint.,Piping,Closed,,,ABB_SPM_Onshore,,2023-07 (Jul),P2 - Medium,,July,2023
27/07/2023 15:30,WO0651,ABB/SPM_Onshore,Onshore ABB_SPM System for Planned Maintenance,Monthly Onshore CP reading and TP/CB structure  inspection,,,,27/07/2023 15:30,27/07/2023 17:30,2,Planned Maint.,Cathodic Protection,Closed,,,ABB_SPM_Onshore,,2023-07 (Jul),P2 - Medium,,July,2023
27/07/2023 14:45,WO0649,SPM-AE-BY-02,CALM Buoy - CO760,MG cleaning on Anchor chain #2,,,,27/07/2023 14:45,27/07/2023 16:18,1.55,Planned Corrective Maint.,Anchoring System,Closed,Aquatic Exposure,Removed,SPM_Offshore,DPR 2368,2023-07 (Jul),P2 - Medium,,July,2023
25/07/2023 18:37,WO0648,ABB-FT-V-1803,ABB PLEM Valve,Cleaning of MGR on the PLEM valve,,,,25/07/2023 18:37,25/07/2023 19:07,0.5,Planned Corrective Maint.,PLEM Piping and Structure,Closed,Aquatic Exposure,Removed,ABB_Offshore,DPR 2366,2023-07 (Jul),P2 - Medium,,July,2023
25/07/2023 14:00,WO0647,ABB,CMB System for Planned Maint.,Pre-berthing Checks,,25/07/2023,,25/07/2023 14:00,25/07/2023 14:32,0.533333333,Inspection,Buoy Body,Closed,,,ABB_Offshore,DPR 2366,2023-07 (Jul),P1 - High,,July,2023
24/07/2023 19:10,WO0646,ABB-FT-HS-01,ABB Submarine Hose Assembly,Checks on the hose string leading up to the tanker.,,,,24/07/2023 19:10,24/07/2023 19:12,0.033333333,Planned Maint.,Floating Hose,Closed,,,ABB_Offshore,DPR 2362,2023-07 (Jul),P2 - Medium,,July,2023
24/07/2023 18:47,WO0645,ABB-FT-V-1803,ABB PLEM Valve,"Subsea pre-berthing checks on PLEM, Jumper Hoses",,,,24/07/2023 18:47,24/07/2023 19:16,0.483333333,Planned Maint.,PLEM Piping and Structure,Closed,,,ABB_Offshore,DPR 2364,2023-07 (Jul),P2 - Medium,,July,2023
24/07/2023 17:00,WO0644,SPM-AE-BY-02,CALM Buoy - CO760,Weekly grease center and main bearing.,,,,24/07/2023 17:00,24/07/2023 19:15,2.25,Planned Maint.,Lubrication System,Closed,,,SPM_Offshore,DPR 2365,2023-07 (Jul),P2 - Medium,,July,2023
24/07/2023 17:00,WO0643,SPM-AE-BY-02,CALM Buoy - CO760,Weekly checks solar panels,,,,24/07/2023 17:00,24/07/2023 19:15,2.25,Planned Maint.,NavAids & Power,Closed,,,SPM_Offshore,DPR 2365,2023-07 (Jul),P2 - Medium,,July,2023
24/07/2023 17:00,WO0642,SPM-AE-BY-02,CALM Buoy - CO760,Weekly Check freeboard and draft,,,,24/07/2023 17:00,24/07/2023 19:15,2.25,Planned Maint.,Buoy Body,Closed,,,SPM_Offshore,DPR 2365,2023-07 (Jul),P2 - Medium,,July,2023
24/07/2023 16:00,WO0641,Oil-Jetty,Oil Jetty System for Planned Maintenance,Monthly Valve maintenance,,,,24/07/2023 16:00,24/07/2023 18:00,2,Planned Maint.,Valve,Closed,,,Oil_Jetty,,2023-07 (Jul),P2 - Medium,,July,2023
24/07/2023 14:23,WO0640,ABB,CMB System for Planned Maint.,"Monthly GVI on ABB - Alpha and Bravo BUOY Pins, Swivels, Chain & Touchdown",,,,24/07/2023 14:23,24/07/2023 16:20,1.95,Planned Maint.,Anchoring System,Closed,,,ABB_Offshore,DPR 2365,2023-07 (Jul),P2 - Medium,,July,2023
24/07/2023 13:31,WO0639,ABB-FT-V-1803,ABB PLEM Valve,"Subsea pre-berthing checks on the PLEM, jumper hoses & hose string on seabed",,,,24/07/2023 13:31,24/07/2023 15:45,2.233333333,Planned Maint.,PLEM Piping and Structure,Closed,,,ABB_Offshore,DPR 2362,2023-07 (Jul),P2 - Medium,,July,2023
20/07/2023 21:07,WO0638,SPM-AE-BY-02,CALM Buoy - CO760,Marine growth removal on SPM centre well & subsea hose flanges of the SPM buoy.,,,,20/07/2023 21:07,20/07/2023 22:20,1.216666667,Planned Corrective Maint.,Buoy Body,Closed,Aquatic Exposure,Removed,SPM_Offshore,DPR 2361,2023-07 (Jul),P2 - Medium,,July,2023
20/07/2023 15:43,WO0637,SPM-AE-BY-02,CALM Buoy - CO760,Marine growth removal on SPM anode installation locations of the SPM buoy,,,,20/07/2023 15:43,20/07/2023 18:14,2.516666667,Planned Corrective Maint.,Buoy Body,Closed,Aquatic Exposure,Removed,SPM_Offshore,DPR 2361,2023-07 (Jul),P2 - Medium,,July,2023
19/07/2023 15:00,WO0636,Oil-Jetty,Oil Jetty System for Planned Maintenance,Monthly GVI Sump and Sump Pipeline,,,,19/07/2023 15:00,19/07/2023 17:00,2,Planned Maint.,Piping,Closed,,,Oil_Jetty,,2023-07 (Jul),P2 - Medium,,July,2023
18/07/2023 23:58,WO0635,SPM-FT-HS-01,SPM Hose String Assembly (Floating/Submarine),Checks on the hose string leading up to the tanker,,,,18/07/2023 23:58,19/07/2023 00:18,0.333333333,Planned Maint.,Floating Hose,Closed,,,SPM_Offshore,DPR 2359,2023-07 (Jul),P2 - Medium,,July,2023
18/07/2023 15:45,WO0634,SPM-FT-HS-01,SPM Hose String Assembly (Floating/Submarine),Monthly cleaning of the floating hose CV.,,,,18/07/2023 15:45,18/07/2023 17:45,2,Planned Maint.,Floating Hose,Closed,,Cleaned,SPM_Offshore,DPR 2359,2023-07 (Jul),P2 - Medium,,July,2023
18/07/2023 13:33,WO0633,ABB-FT-V-1803,ABB PLEM Valve,"Subsea pre-berthing checks on the PLEM, jumper hoses and hose string on seabed",,,,18/07/2023 13:33,18/07/2023 19:10,5.616666667,Planned Maint.,PLEM Piping and Structure,Closed,,,ABB_Offshore,DPR 2359,2023-07 (Jul),P2 - Medium,,July,2023
17/07/2023 16:00,WO0632,Oil-Jetty,Oil Jetty System for Planned Maintenance,Bi-weekly Servitude Walk/Pipeline Inspection,,,,17/07/2023 16:00,17/07/2023 18:00,2,Planned Maint.,Piping,Closed,,,Oil_Jetty,,2023-07 (Jul),P2 - Medium,,July,2023
17/07/2023 15:30,WO0631,ABB/SPM_Onshore,Onshore ABB_SPM System for Planned Maintenance,Weekly Servitude Walks,,,,17/07/2023 15:30,17/07/2023 17:30,2,Planned Maint.,Piping,Closed,,,ABB_SPM_Onshore,,2023-07 (Jul),P2 - Medium,,July,2023
17/07/2023 14:20,WO0630,SPM-FT-HS-01,SPM Hose String Assembly (Floating/Submarine),Monthly cleaning of the floating hose with Cavi,,,,17/07/2023 14:20,17/07/2023 20:00,5.666666667,Planned Maint.,Floating Hose,Closed,,Cleaned,SPM_Offshore,DPR 2358,2023-07 (Jul),P2 - Medium,,July,2023
16/07/2023 19:45,WO0629,ABB,CMB System for Planned Maint.,Checks on all mooring lines on all buoy hooks completed,,,,16/07/2023 19:45,16/07/2023 20:20,0.583333333,Planned Maint.,Mooring System,Closed,,,ABB_Offshore,DPR 2356,2023-07 (Jul),P2 - Medium,,July,2023
16/07/2023 19:18,WO0628,ABB-FT-HS-01,ABB Submarine Hose Assembly,Checks on the hose string leading up to the tanker,,,,16/07/2023 19:18,16/07/2023 19:36,0.3,Planned Maint.,Submarine Hose,Closed,,,ABB_Offshore,DPR 2356,2023-07 (Jul),P2 - Medium,,July,2023
16/07/2023 14:00,WO0625,ABB-FT-V-1803,ABB PLEM Valve,"Subsea pre-berthing checks on PLEM, jumper hoses & hose string on seabed.",,,,16/07/2023 14:00,16/07/2023 16:40,2.666666667,Planned Maint.,PLEM Piping and Structure,Closed,,,ABB_Offshore,DPR 2356,2023-07 (Jul),P2 - Medium,,July,2023
16/07/2023 14:00,WO0626,ABB-FT-HS-01,ABB Submarine Hose Assembly,Checks on  hose TRH pickup gear & snubbing chains.,,,,16/07/2023 14:00,16/07/2023 14:46,0.766666667,Planned Maint.,Submarine Hose,Closed,,,ABB_Offshore,DPR 2356,2023-07 (Jul),P2 - Medium,,July,2023
16/07/2023 14:00,WO0627,ABB,CMB System for Planned Maint.,3-Monthly GVI of MBC,,,,16/07/2023 14:00,16/07/2023 14:46,0.766666667,Planned Maint.,MBC,Closed,,,ABB_Offshore,DPR 2356,2023-07 (Jul),P2 - Medium,,July,2023
14/07/2023 15:15,WO0620,SPM-AE-BY-02,CALM Buoy - CO760,Weekly greasing of MRB & CS,,,,14/07/2023 15:15,14/07/2023 16:20,1.083333333,Planned Maint.,Lubrication System,Closed,,,SPM_Offshore,DPR 2355,2023-07 (Jul),P2 - Medium,,July,2023
14/07/2023 15:15,WO0624,SPM-AE-BY-02,CALM Buoy - CO760,Weekly solar panels cleaned,,,,14/07/2023 15:15,14/07/2023 16:20,1.083333333,Planned Maint.,NavAids & Power,Closed,,,SPM_Offshore,DPR 2355,2023-07 (Jul),P2 - Medium,,July,2023
14/07/2023 15:15,WO0623,SPM-AE-BY-02,CALM Buoy - CO760,Monthly Soundings,,,,14/07/2023 15:15,14/07/2023 16:20,1.083333333,Planned Maint.,Buoy Body,Closed,,,SPM_Offshore,DPR 2355,2023-07 (Jul),P2 - Medium,,July,2023
14/07/2023 15:15,WO0622,SPM-AE-BY-02,CALM Buoy - CO760,Weekly freeboard/draft checks,,,,14/07/2023 15:15,14/07/2023 16:20,1.083333333,Planned Maint.,Buoy Body,Closed,,,SPM_Offshore,DPR 2355,2023-07 (Jul),P2 - Medium,,July,2023
14/07/2023 15:15,WO0621,SPM-AE-BY-02,CALM Buoy - CO760,GVI of MRB inspection ports,,,,14/07/2023 15:15,14/07/2023 16:20,1.083333333,Planned Maint.,Buoy Body,Closed,,,SPM_Offshore,DPR 2355,2023-07 (Jul),P2 - Medium,,July,2023
14/07/2023 14:24,WO0619,MATHEEW BUOY,Buoy for SW10/Atlantis,"Monthly GVI of Matthew buoy, connections, chain to anchor",,,,14/07/2023 14:24,14/07/2023 14:39,0.25,Planned Maint.,Buoy Body,Closed,,,ABB_Offshore,DPR 2355,2023-07 (Jul),P2 - Medium,,July,2023
13/07/2023 22:55,WO0618,ABB,CMB System for Planned Maint.,Checks on all mooring lines onto all buoy hooks.,,,,13/07/2023 22:55,13/07/2023 23:30,0.583333333,Planned Maint.,Mooring System,Closed,,,ABB_Offshore,DPR 2354,2023-07 (Jul),P2 - Medium,,July,2023
13/07/2023 22:26,WO0617,ABB-FT-HS-01,ABB Submarine Hose Assembly,Checks on the lay of the hose string leading up to the tanker,,,,13/07/2023 22:26,13/07/2023 22:46,0.333333333,Planned Maint.,Submarine Hose,Closed,,,ABB_Offshore,DPR 2354,2023-07 (Jul),P2 - Medium,,July,2023
13/07/2023 18:00,WO0616,ABB,CMB System for Planned Maint.,ABB Pre-Berthing Checks,,,,13/07/2023 18:00,13/07/2023 18:35,0.583333333,Planned Maint.,Buoy Body,Closed,,,ABB_Offshore,DPR 2354,2023-07 (Jul),P2 - Medium,,July,2023
12/07/2023 15:30,WO0615,ABB/SPM_Onshore,Onshore ABB_SPM System for Planned Maintenance,"Monthly GVI of Manifolds, Pig Launchers/Receivers, Spool pieces",,,,12/07/2023 15:30,12/07/2023 17:30,2,Planned Maint.,Piping,Closed,,,ABB_SPM_Onshore,,2023-07 (Jul),P2 - Medium,,July,2023
12/07/2023 15:30,WO0614,ABB/SPM_Onshore,Onshore ABB_SPM System for Planned Maintenance,"Monthly Visual  inspection & Patch painting of above grd section (Gao Lagoon  &
TOR Y-Junction)",,,,12/07/2023 15:30,12/07/2023 17:30,2,Planned Maint.,Piping,Closed,,,ABB_SPM_Onshore,,2023-07 (Jul),P2 - Medium,,July,2023
12/07/2023 14:11,WO0613,ABB-FT-V-1803,ABB PLEM Valve,"Subsea pre-berthing checks on PLEM, jumper hoses & subsea hose string",,,,12/07/2023 14:11,12/07/2023 14:46,0.583333333,Planned Maint.,PLEM Piping and Structure,Closed,,,ABB_Offshore,DPR 2353,2023-07 (Jul),P2 - Medium,,July,2023
11/07/2023 15:30,WO0612,ABB/SPM_Onshore,Onshore ABB_SPM System for Planned Maintenance,Weekly Servitude Walks,,,,11/07/2023 15:30,11/07/2023 17:30,2,Planned Maint.,Piping,Closed,,,ABB_SPM_Onshore,,2023-07 (Jul),P2 - Medium,,July,2023
09/07/2023 15:13,WO0611,SPM-FT-PV-01,SPM PLEM,Marine growth removal from the SPM PLEM with Cavi,,,,09/07/2023 15:13,09/07/2023 18:28,3.25,Planned Corrective Maint.,PLEM Piping and Structure,Closed,Aquatic Exposure,Removed,SPM_Offshore,DPR 2350,2023-07 (Jul),P2 - Medium,,July,2023
09/07/2023 13:30,WO0610,SPM-AE-BY-02,CALM Buoy - CO760,Weekly greasing n buoy MRB & central swivel completed,,,,09/07/2023 13:30,09/07/2023 14:20,0.833333333,Planned Maint.,Buoy Body,Closed,,,SPM_Offshore,DPR 2350,2023-07 (Jul),P2 - Medium,,July,2023
09/07/2023 00:45,WO0609,ABB,CMB System for Planned Maint.,Checks on all mooring buoy lines on all hooks,,,,09/07/2023 00:45,09/07/2023 01:15,0.5,Planned Maint.,Mooring System,Closed,,,ABB_Offshore,DPR 2349,2023-07 (Jul),P2 - Medium,,July,2023
09/07/2023 00:21,WO0608,ABB-FT-HS-01,ABB Submarine Hose Assembly,Checks on the hose string leading up to the tanker,,,,09/07/2023 00:21,09/07/2023 00:39,0.3,Planned Maint.,Submarine Hose,Closed,,,ABB_Offshore,DPR 2349,2023-07 (Jul),P2 - Medium,,July,2023
08/07/2023 13:33,WO0607,ABB,CMB System for Planned Maint.,Subsea pre-berthing checks,,,,08/07/2023 13:33,08/07/2023 15:25,1.866666667,Planned Maint.,Mooring System,Closed,,,ABB_Offshore,DPR 2349,2023-07 (Jul),P2 - Medium,,July,2023
07/07/2023 17:17,WO0606,SPM-FT-HS-01,SPM Hose String Assembly (Floating/Submarine),Monthly GVI of the SPM subsea hoses,,,,07/07/2023 17:17,07/07/2023 18:35,1.3,Planned Maint.,Submarine Hose,Closed,,,SPM_Offshore,DPR 2348,2023-07 (Jul),P2 - Medium,,July,2023
07/07/2023 14:40,WO0605,SPM-FT-HS-01,SPM Hose String Assembly (Floating/Submarine),Monthly GVI of the SPM floating hoses,,07/07/2023,,07/07/2023 14:40,07/07/2023 17:07,2.45,Inspection,Floating Hose,Closed,,,SPM_Offshore,DPR 2348,2023-07 (Jul),P2 - Medium,,July,2023
06/07/2023 15:00,WO0604,Oil-Jetty,Oil Jetty System for Planned Maintenance,Bi-weekly Servitude Walk/Pipeline Inspection,,,,06/07/2023 15:00,06/07/2023 17:00,2,Planned Maint.,Piping,Closed,,,Oil_Jetty,,2023-07 (Jul),P2 - Medium,,July,2023
06/07/2023 13:30,WO0603,SPM-FT-PV-01,SPM PLEM,Marine growth removal on SPM PLEM with Cavi,,,,06/07/2023 13:30,06/07/2023 19:19,5.816666667,Planned Corrective Maint.,PLEM Piping and Structure,Closed,Aquatic Exposure,Removed,SPM_Offshore,DPR 2347,2023-07 (Jul),P2 - Medium,,July,2023
05/07/2023 19:28,WO0602,ABB,CMB System for Planned Maint.,Checks on all mooring lines onto all hooks.,,,,05/07/2023 19:28,05/07/2023 19:40,0.2,Planned Maint.,Mooring System,Closed,,,ABB_Offshore,DPR 2346,2023-07 (Jul),P2 - Medium,,July,2023
05/07/2023 18:40,WO0600,ABB-FT-HS-01,ABB Submarine Hose Assembly,Checks on the hose string leading up to the tanker,,,,05/07/2023 18:40,05/07/2023 19:19,0.65,Planned Maint.,Submarine Hose,Closed,,,ABB_Offshore,DPR 2346,2023-07 (Jul),P2 - Medium,,July,2023
05/07/2023 18:40,WO0601,ABB-FT-V-1803,ABB PLEM Valve,Clean off marine growth on the PLEM,,,,05/07/2023 18:40,05/07/2023 19:19,0.65,Planned Maint.,PLEM Piping and Structure,Closed,Aquatic Exposure,Removed,ABB_Offshore,DPR 2346,2023-07 (Jul),P2 - Medium,,July,2023
05/07/2023 15:30,WO0599,ABB/SPM_Onshore,Onshore ABB_SPM System for Planned Maintenance,Weekly Servitude Walks,,,,05/07/2023 15:30,05/07/2023 17:30,2,Planned Maint.,Piping,Closed,,,ABB_SPM_Onshore,,2023-07 (Jul),P2 - Medium,,July,2023
05/07/2023 13:30,WO0598,ABB-FT-V-1803,ABB PLEM Valve,"ABB pre-berthing subsea checks on PLEM, jumper hoses & stinger box",,,,05/07/2023 13:30,05/07/2023 15:40,2.166666667,Planned Maint.,PLEM Piping and Structure,Closed,,,ABB_Offshore,DPR 2346,2023-07 (Jul),P2 - Medium,,July,2023
04/07/2023 15:36,WO0597,ABB-FT-V-1803,ABB PLEM Valve,MGR on SPM PLEM,,,,04/07/2023 15:36,04/07/2023 17:38,2.033333333,Planned Corrective Maint.,PLEM Piping and Structure,Closed,Aquatic Exposure,Removed,ABB_Offshore,DPR 2345,2023-07 (Jul),P2 - Medium,,July,2023
04/07/2023 14:29,WO0596,ABB-FT-V-1803,ABB PLEM Valve,"6-Monthly Cathodic Potential survey on the ABB PLEM, Jumper hoses & Stinger Box",,,,04/07/2023 14:29,04/07/2023 15:12,0.716666667,Planned Maint.,Cathodic Protection,Closed,,,ABB_Offshore,DPR 2345,2023-07 (Jul),P2 - Medium,,July,2023
03/07/2023 20:22,WO0595,ABB,CMB System for Planned Maint.,Checks on all mooring buoy lines competed.,,,,03/07/2023 20:22,03/07/2023 21:00,0.633333333,Planned Maint.,Mooring System,Closed,,,ABB_Offshore,DPR 2344,2023-07 (Jul),P2 - Medium,,July,2023
03/07/2023 19:50,WO0593,ABB-FT-HS-01,ABB Submarine Hose Assembly,Checks on the hose string leading up to the tanker,,,,03/07/2023 19:50,03/07/2023 20:13,0.383333333,Planned Maint.,Submarine Hose,Closed,,,ABB_Offshore,DPR 2344,2023-07 (Jul),P2 - Medium,,July,2023
03/07/2023 19:50,WO0594,ABB-FT-V-1803,ABB PLEM Valve,MGR on the PLEM valve,,,,03/07/2023 19:50,03/07/2023 20:13,0.383333333,Planned Corrective Maint.,PLEM Piping and Structure,Closed,Aquatic Exposure,Removed,ABB_Offshore,DPR 2344,2023-07 (Jul),P2 - Medium,,July,2023
03/07/2023 13:32,WO0592,ABB-FT-V-1803,ABB PLEM Valve,"ABB pre-berthing checks on the PLEM, jumper hoses & hose string on seabed",,,,03/07/2023 13:32,03/07/2023 15:55,2.383333333,Planned Maint.,PLEM Piping and Structure,Closed,,,ABB_Offshore,DPR 2344,2023-07 (Jul),P2 - Medium,,July,2023
02/07/2023 15:18,WO0591,SPM-FT-PV-01,SPM PLEM,MGR on SPM PLEM with Cavi,,,,02/07/2023 15:18,02/07/2023 18:31,3.216666667,Planned Corrective Maint.,PLEM Piping and Structure,Closed,Aquatic Exposure,Removed,SPM_Offshore,DPR 2343,2023-07 (Jul),P2 - Medium,,July,2023
02/07/2023 14:00,WO0589,SPM-AE-BY-02,CALM Buoy - CO760,Weekly Greasing of the MRB & CS completed,,,,02/07/2023 14:00,02/07/2023 14:40,0.666666667,Planned Maint.,Lubrication System,Closed,,,SPM_Offshore,DPR 2343,2023-07 (Jul),P2 - Medium,,July,2023
02/07/2023 14:00,WO0590,SPM-AE-BY-02,CALM Buoy - CO760,Checks on cargo transfer system General checks around the buoy,,02/07/2023,,02/07/2023 14:00,02/07/2023 14:40,0.666666667,Inspection,Buoy Body,Closed,,,SPM_Offshore,DPR 2343,2023-07 (Jul),P2 - Medium,,July,2023
01/07/2023 14:10,WO0587,SPM-AE-BY-02,CALM Buoy - CO760,Monthly cleaning of the buoy decks with Cavi,,,,01/07/2023 14:10,01/07/2023 15:15,1.083333333,Planned Maint.,Buoy Body,Closed,,,SPM_Offshore,DPR 2342,2023-07 (Jul),P2 - Medium,,July,2023
01/07/2023 14:10,WO0588,SPM-AE-BY-02,CALM Buoy - CO760,Painting maintenance on the buoy,,,,01/07/2023 14:10,01/07/2023 16:20,2.166666667,Planned Maint.,Buoy Body,Closed,Corrosion,Coated,SPM_Offshore,DPR 2342,2023-07 (Jul),P2 - Medium,,July,2023
30/06/2023 19:20,WO0586,ABB,CMB System for Planned Maint.,Checks on all mooring lines onto all hooks completed.,,30/06/2023,,30/06/2023 19:20,30/06/2023 20:00,0.666666667,Inspection,Mooring System,Closed,,,ABB_Offshore,DPR 2341,2023-06 (Jun),P2 - Medium,,June,2023
30/06/2023 18:50,WO0585,ABB-FT-HS-01,ABB Submarine Hose Assembly,Checks on the hose string leading up to the tanker,,30/06/2023,,30/06/2023 18:50,30/06/2023 19:08,0.3,Inspection,Submarine Hose,Closed,,,ABB_Offshore,DPR 2341,2023-06 (Jun),P2 - Medium,,June,2023
30/06/2023 15:30,WO0583,Oil-Jetty,Oil Jetty System for Planned Maintenance,Servitude Clearance,,,,30/06/2023 15:30,30/06/2023 17:30,2,Planned Maint.,Piping,Closed,,,Oil_Jetty,,2023-06 (Jun),P2 - Medium,,June,2023
30/06/2023 15:30,WO0584,ABB/SPM_Onshore,Onshore ABB_SPM System for Planned Maintenance,Monthly Servitude Clearance,,,,30/06/2023 15:30,30/06/2023 18:30,3,Planned Maint.,Piping,Closed,,,ABB_SPM_Onshore,,2023-06 (Jun),P2 - Medium,,June,2023
30/06/2023 13:35,WO0582,ABB-FT-V-1803,ABB PLEM Valve,"Subsea pre-berthing checks on PLEM, jumper hoses & hose string on seabed.",,,,30/06/2023 13:35,30/06/2023 16:15,2.666666667,Planned Maint.,PLEM Piping and Structure,Closed,,,ABB_Offshore,DPR 2341,2023-06 (Jun),P2 - Medium,,June,2023
29/06/2023 15:30,WO0581,ABB/SPM_Onshore,Onshore ABB_SPM System for Planned Maintenance,Weekly Servitude Walks,,,,29/06/2023 15:30,29/06/2023 17:30,2,Planned Maint.,Piping,Closed,,,ABB_SPM_Onshore,,2023-06 (Jun),P2 - Medium,,June,2023
29/06/2023 15:30,WO0580,ABB/SPM_Onshore,Onshore ABB_SPM System for Planned Maintenance,"Monthly GVI of Manifolds, Pig Launchers/Receivers, Spool pieces",,,,29/06/2023 15:30,29/06/2023 17:30,2,Planned Maint.,Piping,Closed,,,ABB_SPM_Onshore,,2023-06 (Jun),P2 - Medium,,June,2023
29/06/2023 15:30,WO0579,ABB/SPM_Onshore,Onshore ABB_SPM System for Planned Maintenance,"Monthly Visual  inspection & Patch painting of above grd section (Gao Lagoon  &
TOR Y-Junction)",,,,29/06/2023 15:30,29/06/2023 17:30,2,Planned Maint.,Piping,Closed,,,ABB_SPM_Onshore,,2023-06 (Jun),P2 - Medium,,June,2023
29/06/2023 15:27,WO0578,ABB-FT-V-1803,ABB PLEM Valve,Marine growth removal on the SPM PLEM.,,,,29/06/2023 15:27,29/06/2023 17:39,2.2,Planned Corrective Maint.,PLEM Piping and Structure,Closed,Aquatic Exposure,Removed,ABB_Offshore,DPR 2340,2023-06 (Jun),P2 - Medium,,June,2023
29/06/2023 15:27,WO0577,SPM-FT-PV-01,SPM PLEM,Marine growth removal on the SPM PLEM,,,,29/06/2023 15:27,29/06/2023 17:39,2.2,Planned Corrective Maint.,PLEM Piping and Structure,Closed,Aquatic Exposure,Removed,SPM_Offshore,DPR 2340,2023-06 (Jun),P2 - Medium,,June,2023
29/06/2023 14:44,WO0576,SPM-FT-PV-01,SPM PLEM,Marine growth removal on the SPM plumb line,,,,29/06/2023 14:44,29/06/2023 15:17,0.55,Planned Corrective Maint.,PLEM Piping and Structure,Closed,Aquatic Exposure,Removed,SPM_Offshore,DPR 2340,2023-06 (Jun),P2 - Medium,,June,2023
28/06/2023 19:39,WO0575,ABB-FT-V-1803,ABB PLEM Valve,Marine growth removal from the ABB PLEM buoy position mooring chain & the crossover line to PLEM,,,,28/06/2023 19:39,28/06/2023 20:28,0.816666667,Planned Corrective Maint.,PLEM Piping and Structure,Closed,Aquatic Exposure,Removed,ABB_Offshore,DPR 2339,2023-06 (Jun),P2 - Medium,,June,2023
28/06/2023 17:36,WO0574,ABB-FT-V-1803,ABB PLEM Valve,Marine growth removal from the ABB PLEM buoy position mooring chain.,,,,28/06/2023 17:36,28/06/2023 18:29,0.883333333,Planned Corrective Maint.,PLEM Piping and Structure,Closed,Aquatic Exposure,Removed,ABB_Offshore,DPR 2339,2023-06 (Jun),P2 - Medium,,June,2023
28/06/2023 16:37,WO0573,ABB,CMB System for Planned Maint.,Marine growth removal from the ABB Cecil buoy position mooring line,,,,28/06/2023 16:37,28/06/2023 17:21,0.733333333,Planned Corrective Maint.,Buoy Body,Closed,Aquatic Exposure,Removed,ABB_Offshore,DPR 2339,2023-06 (Jun),P2 - Medium,,June,2023
28/06/2023 16:37,WO0572,ABB,CMB System for Planned Maint.,Marine growth removal from the ABB Cecil buoy position mooring line,,,,28/06/2023 16:37,28/06/2023 17:21,0.733333333,Planned Corrective Maint.,Buoy Body,Closed,Aquatic Exposure,Removed,ABB_Offshore,DPR 2339,2023-06 (Jun),P2 - Medium,,June,2023
27/06/2023 23:12,WO0571,ABB,CMB System for Planned Maint.,Checks completed on all mooring lines on all hooks,,28/06/2023,,27/06/2023 23:12,28/06/2023 00:00,0.8,Inspection,Mooring System,Closed,,,ABB_Offshore,DPR 2338,2023-06 (Jun),P2 - Medium,,June,2023
27/06/2023 22:25,WO0570,ABB,CMB System for Planned Maint.,MGR on the PLEM valve,,,,27/06/2023 22:25,27/06/2023 23:02,0.616666667,Planned Corrective Maint.,PLEM Piping and Structure,Closed,Aquatic Exposure,Removed,ABB_Offshore,DPR 2338,2023-06 (Jun),P2 - Medium,,June,2023
27/06/2023 22:25,WO0569,ABB-FT-HS-01,ABB Submarine Hose Assembly,Checks on the lay of the hose string leading up to the tanker,,27/06/2023,,27/06/2023 22:25,27/06/2023 23:02,0.616666667,Inspection,Submarine Hose,Closed,,,ABB_Offshore,DPR 2338,2023-06 (Jun),P2 - Medium,,June,2023
27/06/2023 15:49,WO0568,ABB,CMB System for Planned Maint.,Subsea pre-berthing checks,,27/06/2023,,27/06/2023 15:49,27/06/2023 17:45,1.933333333,Inspection,Buoy Body,Closed,,,ABB_Offshore,DPR 2338,2023-06 (Jun),P2 - Medium,,June,2023
26/06/2023 15:30,WO0567,SPM-FT-PV-01,SPM PLEM,Clean off marine growth on the SPM PLEM,,,,26/06/2023 15:30,26/06/2023 18:11,2.683333333,Planned Corrective Maint.,PLEM Piping and Structure,Closed,Aquatic Exposure,Removed,SPM_Offshore,DPR 2337,2023-06 (Jun),P2 - Medium,,June,2023
25/06/2023 18:50,WO0566,ABB,CMB System for Planned Maint.,Checks on all mooring buoy connections Checks on the tanker sides of dents,,25/06/2023,,25/06/2023 18:50,25/06/2023 19:35,0.75,Inspection,Mooring System,Closed,,,ABB_Offshore,DPR 2336,2023-06 (Jun),P2 - Medium,,June,2023
25/06/2023 18:20,WO0565,ABB-FT-HS-01,ABB Submarine Hose Assembly,Checks on the lay of the hose string leading up to the tanker,,25/06/2023,,25/06/2023 18:20,25/06/2023 18:38,0.3,Inspection,Submarine Hose,Closed,,,ABB_Offshore,DPR 2336,2023-06 (Jun),P2 - Medium,,June,2023
25/06/2023 13:30,WO0564,ABB,CMB System for Planned Maint.,Subsea pre-berthing checks,,25/06/2023,,25/06/2023 13:30,25/06/2023 15:35,2.083333333,Inspection,Mooring System,Closed,,,ABB_Offshore,DPR 2336,2023-06 (Jun),P2 - Medium,,June,2023
24/06/2023 16:00,WO0563,Oil-Jetty,Oil Jetty System for Planned Maintenance,Monthly GVI of Sump and Sump Pipelines,,,,24/06/2023 16:00,24/06/2023 18:00,2,Planned Maint.,Piping,Closed,,,Oil_Jetty,,2023-06 (Jun),P2 - Medium,,June,2023
24/06/2023 16:00,WO0562,Oil-Jetty,Oil Jetty System for Planned Maintenance,Monthly Valve maintenance,,,,24/06/2023 16:00,24/06/2023 18:00,2,Planned Maint.,Valve,Closed,,,Oil_Jetty,,2023-06 (Jun),P2 - Medium,,June,2023
24/06/2023 14:36,WO0561,SPM-FT-PV-01,SPM PLEM,Marine growth removal on the SPM PLEM.,,,,24/06/2023 14:36,24/06/2023 15:49,1.216666667,Planned Corrective Maint.,PLEM Piping and Structure,Closed,Aquatic Exposure,Removed,SPM_Offshore,DPR 2335,2023-06 (Jun),P2 - Medium,,June,2023
23/06/2023 16:28,WO0560,SPM-FT-PV-01,SPM PLEM,Marine growth removal on the SPM PLEM,,,,23/06/2023 16:28,23/06/2023 17:41,1.216666667,Planned Maint.,PLEM Piping and Structure,Closed,,,SPM_Offshore,DPR 2334,2023-06 (Jun),P2 - Medium,,June,2023
23/06/2023 14:30,WO0559,SPM-FT-HS-01,SPM Hose String Assembly (Floating/Submarine),Marine growth removal on the SPM subsea hoses,,,,23/06/2023 14:30,23/06/2023 16:20,1.833333333,Planned Maint.,Submarine Hose,Closed,,,SPM_Offshore,DPR 2334,2023-06 (Jun),P2 - Medium,,June,2023
22/06/2023 20:30,WO0558,ABB,CMB System for Planned Maint.,Dive team completes stock inventory update,,,,22/06/2023 20:30,22/06/2023 21:45,1.25,Planned Maint.,Instrumentation,Closed,,,ABB_Offshore,DPR 2333,2023-06 (Jun),P2 - Medium,,June,2023
22/06/2023 17:44,WO0557,ABB-FT-HS-01,ABB Submarine Hose Assembly,Checks the lay of the hose string leading up to the tanker,,,,22/06/2023 17:44,22/06/2023 18:03,0.316666667,Planned Maint.,Submarine Hose,Closed,,,ABB_Offshore,DPR 2333,2023-06 (Jun),P2 - Medium,,June,2023
22/06/2023 15:30,WO0556,ABB/SPM_Onshore,Onshore ABB_SPM System for Planned Maintenance,Weekly Servitude Walks,,,,22/06/2023 15:30,22/06/2023 17:30,2,Planned Maint.,Piping,Closed,,,ABB_SPM_Onshore,,2023-06 (Jun),P2 - Medium,,June,2023
22/06/2023 13:00,WO0555,ABB,CMB System for Planned Maint.,ABB pre-berthing checks completed.,,,,22/06/2023 13:00,22/06/2023 14:30,1.5,Planned Maint.,Buoy Body,Closed,,,ABB_Offshore,DPR 2333,2023-06 (Jun),P2 - Medium,,June,2023
21/06/2023 16:00,WO0554,ABB-ME-BY-02,ABB  Bravo Buoy,Dive team onto Bravo buoy for dewatering of flooded compartment & conduct pre-berthing checks on all buoys,,,,21/06/2023 16:00,21/06/2023 17:00,1,Planned Maint.,Buoy Body,Closed,,,ABB_Offshore,DPR 2332,2023-06 (Jun),P2 - Medium,,June,2023
21/06/2023 15:30,WO0553,ABB/SPM_Onshore,Onshore ABB_SPM System for Planned Maintenance,Monthly Onshore CP reading and TP/CB structure  inspection,,,,21/06/2023 15:30,21/06/2023 17:30,2,Planned Maint.,Cathodic Protection,Closed,,,ABB_SPM_Onshore,,2023-06 (Jun),P2 - Medium,,June,2023
21/06/2023 14:30,WO0552,ABB,CMB System for Planned Maint.,Pre-berthing system checks,,,,21/06/2023 14:30,21/06/2023 17:10,2.666666667,Planned Maint.,Buoy Body,Closed,,,ABB_Offshore,DPR 2332,2023-06 (Jun),P2 - Medium,,June,2023
20/06/2023 20:48,WO0551,SPM-FT-HS-01,SPM Hose String Assembly (Floating/Submarine),Marine Growth Removal from West Side Subsea hose.,,,,20/06/2023 20:48,20/06/2023 21:10,0.366666667,Planned Corrective Maint.,Submarine Hose,Closed,Aquatic Exposure,Removed,SPM_Offshore,DPR 2331,2023-06 (Jun),P2 - Medium,,June,2023
20/06/2023 15:02,WO0550,SPM-FT-HS-01,SPM Hose String Assembly (Floating/Submarine),Marine Growth Removal from West Side Subsea hose,,,,20/06/2023 15:02,20/06/2023 17:25,2.383333333,Planned Corrective Maint.,Submarine Hose,Closed,Aquatic Exposure,Removed,SPM_Offshore,DPR 2331,2023-06 (Jun),P2 - Medium,,June,2023
20/06/2023 15:00,WO0549,Oil-Jetty,Oil Jetty System for Planned Maintenance,Bi-weekly Servitude Walk/Pipeline Inspection,,,,20/06/2023 15:00,20/06/2023 17:00,2,Planned Maint.,Piping,Closed,,,Oil_Jetty,,2023-06 (Jun),P2 - Medium,,June,2023
18/06/2023 19:28,WO0548,ABB,CMB System for Planned Maint.,Checked all mooring lines secured on mooring hooks after Cargo hose connection,,,,18/06/2023 19:28,18/06/2023 19:35,0.116666667,Planned Maint.,Submarine Hose,Closed,,,ABB_Offshore,DPR 2329,2023-06 (Jun),P2 - Medium,,June,2023
18/06/2023 18:59,WO0547,ABB,CMB System for Planned Maint.,GVI Cargo hose after connection,,,,18/06/2023 18:59,18/06/2023 19:17,0.3,Planned Maint.,Submarine Hose,Closed,,,ABB_Offshore,DPR 2329,2023-06 (Jun),P2 - Medium,,June,2023
18/06/2023 13:37,WO0544,ABB-FT-HS-01,ABB Submarine Hose Assembly,GVI Cargo hose,,,,18/06/2023 13:37,18/06/2023 14:16,0.65,Planned Maint.,Submarine Hose,Closed,,,ABB_Offshore,DPR 2329,2023-06 (Jun),P2 - Medium,,June,2023
18/06/2023 13:37,WO0545,ABB,CMB System for Planned Maint.,Pre-Berthing checks - UKP Bush checks. - Lubrication,,,,18/06/2023 13:37,18/06/2023 15:38,2.016666667,Planned Maint.,Lubrication System,Closed,,,ABB_Offshore,DPR 2329,2023-06 (Jun),P2 - Medium,,June,2023
18/06/2023 13:37,WO0546,ABB,CMB System for Planned Maint.,ABB 02 & 05 hand scrubbing deck cleaning – Black Algae,,,,18/06/2023 13:37,18/06/2023 15:38,2.016666667,Planned Corrective Maint.,Buoy Body,Closed,Aquatic Exposure,Cleaned,ABB_Offshore,DPR 2329,2023-06 (Jun),P2 - Medium,,June,2023
17/06/2023 16:11,WO0543,SPM-FT-HS-01,SPM Hose String Assembly (Floating/Submarine),Marine Growth Removal from Subsea hoses (Chinese Lantern),,,,17/06/2023 16:11,17/06/2023 21:11,5,Planned Maint.,Submarine Hose,Closed,Aquatic Exposure,Removed,SPM_Offshore,DPR 2328,2023-06 (Jun),P2 - Medium,,June,2023
17/06/2023 15:22,WO0541,SPM-FT-PV-01,SPM PLEM,PLEM & Seabed survey,,,,17/06/2023 15:22,17/06/2023 15:57,0.583333333,Planned Maint.,PLEM Piping and Structure,Closed,,,SPM_Offshore,DPR 2328,2023-06 (Jun),P2 - Medium,,June,2023
17/06/2023 15:22,WO0542,ABB-FT-V-1803,ABB PLEM Valve,GVI Subsea relief valves East & West,,,,17/06/2023 15:22,17/06/2023 15:57,0.583333333,Planned Maint.,Valve,Closed,,,ABB_Offshore,DPR 2328,2023-06 (Jun),P2 - Medium,,June,2023
16/06/2023 22:33,WO0540,ABB,CMB System for Planned Maint.,Check all mooring lines secure on mooring hooks,,,,16/06/2023 22:33,16/06/2023 22:40,0.116666667,Planned Maint.,Mooring System,Closed,,,ABB_Offshore,DPR 2327,2023-06 (Jun),P2 - Medium,,June,2023
16/06/2023 22:07,WO0539,ABB-FT-HS-01,ABB Submarine Hose Assembly,GVI Cargo hose after connection,,,,16/06/2023 22:07,16/06/2023 22:25,0.3,Planned Maint.,Submarine Hose,Closed,,,ABB_Offshore,DPR 2327,2023-06 (Jun),P2 - Medium,,June,2023
16/06/2023 16:16,WO0537,ABB,CMB System for Planned Maint.,Pre-Berthing checks UKP Bush checks. - UKP Bush lubrication.,,,,16/06/2023 16:16,16/06/2023 17:17,1.016666667,Planned Maint.,Mooring System,Closed,,,ABB_Offshore,DPR 2327,2023-06 (Jun),P2 - Medium,,June,2023
16/06/2023 16:16,WO0538,ABB,CMB System for Planned Maint.,Hand scrub mooring buoy decks – black algae,,,,16/06/2023 16:16,16/06/2023 17:17,1.016666667,Planned Corrective Maint.,Buoy Body,Closed,Aquatic Exposure,Cleaned,ABB_Offshore,DPR 2327,2023-06 (Jun),P2 - Medium,,June,2023
15/06/2023 23:20,WO0536,ABB,CMB System for Planned Maint.,All mooring lines checked and secure on mooring hooks,,,,15/06/2023 23:20,15/06/2023 23:25,0.083333333,Planned Maint.,Mooring System,Closed,,,ABB_Offshore,DPR 2326,2023-06 (Jun),P2 - Medium,,June,2023
15/06/2023 22:41,WO0535,ABB-FT-HS-01,ABB Submarine Hose Assembly,GVI Cargo hose after connection,,,,15/06/2023 22:41,15/06/2023 23:03,0.366666667,Planned Maint.,Submarine Hose,Closed,,,ABB_Offshore,DPR 2326,2023-06 (Jun),P2 - Medium,,June,2023
15/06/2023 17:30,WO0534,ABB,CMB System for Planned Maint.,Pre-Berthing checks - GVI Cargo hose,,,,15/06/2023 17:30,15/06/2023 19:35,2.083333333,Planned Maint.,Submarine Hose,Closed,,,ABB_Offshore,DPR 2326,2023-06 (Jun),P2 - Medium,,June,2023
14/06/2023 14:47,WO0530,SPM-ME-BD-01,SPM Mooring Bridle,"Weekly Lubrication – Main Bearing, center bearing, torque arm &amp; mooring bridle holding points",,,,14/06/2023 14:47,14/06/2023 18:00,3.216666667,Planned Maint.,Lubrication System,Closed,,,SPM_Offshore,DPR 2325,2023-06 (Jun),P2 - Medium,,June,2023
14/06/2023 14:47,WO0531,SPM-AE-BY-02,CALM Buoy - CO760,Weekly GVI Solar Panels,,,,14/06/2023 14:47,14/06/2023 18:00,3.216666667,Planned Maint.,NavAids & Power,Closed,,,SPM_Offshore,DPR 2325,2023-06 (Jun),P2 - Medium,,June,2023
14/06/2023 14:47,WO0532,SPM-AE-BY-02,CALM Buoy - CO760,Weekly freeboard checks,,,,14/06/2023 14:47,14/06/2023 18:00,3.216666667,Planned Maint.,Buoy Body,Closed,,,SPM_Offshore,DPR 2325,2023-06 (Jun),P2 - Medium,,June,2023
14/06/2023 14:47,WO0533,SPM-AE-BY-02,CALM Buoy - CO760,Coating repairs,,,,14/06/2023 14:47,14/06/2023 18:00,3.216666667,Planned Corrective Maint.,Buoy Body,Closed,Corrosion,Coated,SPM_Offshore,DPR 2325,2023-06 (Jun),P2 - Medium,,June,2023
13/06/2023 16:55,WO0529,SPM-FT-HS-01,SPM Hose String Assembly (Floating/Submarine),MGR from Subsea floatation collars.,,,,13/06/2023 16:55,13/06/2023 21:16,4.35,Planned Corrective Maint.,Submarine Hose,Closed,Aquatic Exposure,Removed,SPM_Offshore,DPR 2324,2023-06 (Jun),P2 - Medium,,June,2023
13/06/2023 15:30,WO0528,ABB/SPM_Onshore,Onshore ABB_SPM System for Planned Maintenance,Weekly Servitude Walks,,,,13/06/2023 15:30,13/06/2023 17:30,2,Planned Maint.,Piping,Closed,,,ABB_SPM_Onshore,,2023-06 (Jun),P2 - Medium,,June,2023
13/06/2023 15:30,WO0527,Oil-Jetty,Oil Jetty System for Planned Maintenance,3-monthly Lubrication,,,,13/06/2023 15:30,13/06/2023 17:30,2,Planned Maint.,Valve,Closed,,,Oil_Jetty,,2023-06 (Jun),P2 - Medium,,June,2023
13/06/2023 15:10,WO0525,ABB,CMB System for Planned Maint.,GVI Samson mooring shackles,,,,13/06/2023 15:10,13/06/2023 16:15,1.083333333,Planned Maint.,Anchoring System,Closed,,,ABB_Offshore,DPR 2324,2023-06 (Jun),P2 - Medium,,June,2023
13/06/2023 15:10,WO0526,ABB,CMB System for Planned Maint.,MGR on ABB PLEM Valve 1803,,,,13/06/2023 15:10,13/06/2023 16:15,1.083333333,Planned Corrective Maint.,PLEM Piping and Structure,Closed,Aquatic Exposure,Removed,ABB_Offshore,DPR 2324,2023-06 (Jun),P2 - Medium,,June,2023
12/06/2023 13:32,WO0524,ABB-FT-HS-01,ABB Submarine Hose Assembly,GVI Cargo Hose end,,,,12/06/2023 13:32,12/06/2023 15:50,2.3,Planned Maint.,Submarine Hose,Closed,,,ABB_Offshore,DPR 2323,2023-06 (Jun),P2 - Medium,,June,2023
12/06/2023 13:32,WO0522,ABB,CMB System for Planned Maint.,UKP Bush Checks and UKP lubrication,,,,12/06/2023 13:32,12/06/2023 15:50,2.3,Planned Maint.,Lubrication System,Closed,,,ABB_Offshore,DPR 2323,2023-06 (Jun),P2 - Medium,,June,2023
12/06/2023 13:32,WO0523,ABB,CMB System for Planned Maint.,Weekly Mooring buoy Freeboard checks,,,,12/06/2023 13:32,12/06/2023 15:50,2.3,Planned Maint.,Buoy Body,Closed,,,ABB_Offshore,DPR 2323,2023-06 (Jun),P2 - Medium,,June,2023
11/06/2023 19:30,WO0521,MATHEEW BUOY,Buoy for SW10/Atlantis,Mooring line replacement,,,,11/06/2023 19:30,11/06/2023 20:08,0.633333333,Planned Maint.,Anchoring System,Closed,,,ABB_Offshore,DPR 2322,2023-06 (Jun),P2 - Medium,,June,2023
09/06/2023 16:00,WO0520,Oil-Jetty,Oil Jetty System for Planned Maintenance,Bi-weekly Servitude Walk/Pipeline Inspection,,,,09/06/2023 16:00,09/06/2023 18:00,2,Planned Maint.,Piping,Closed,,,Oil_Jetty,,2023-06 (Jun),P2 - Medium,,June,2023
09/06/2023 15:30,WO0519,ABB/SPM_Onshore,Onshore ABB_SPM System for Planned Maintenance,Weekly Servitude Walks,,,,09/06/2023 15:30,09/06/2023 18:30,3,Planned Maint.,Piping,Closed,,,ABB_SPM_Onshore,,2023-06 (Jun),P2 - Medium,,June,2023
09/06/2023 15:07,WO0518,ABB-ME-BY-04,ABB Charlie Buoy,"Monthly GVI ABB Mooring buoy Pins, Swivel & Touchdown area on Chains ABB 04",,,,09/06/2023 15:07,09/06/2023 16:41,1.566666667,Planned Maint.,Anchoring System,Closed,,,ABB_Offshore,DPR 2320,2023-06 (Jun),P2 - Medium,,June,2023
09/06/2023 15:07,WO0517,ABB-ME-BY-03,ABB Delta Buoy,"Monthly GVI ABB Mooring buoy Pins, Swivel & Touchdown area on Chains ABB 03",,,,09/06/2023 15:07,09/06/2023 16:41,1.566666667,Planned Maint.,Anchoring System,Closed,,,ABB_Offshore,DPR 2320,2023-06 (Jun),P2 - Medium,,June,2023
09/06/2023 14:19,WO0516,ABB,CMB System for Planned Maint.,GVI H link secure and safety pins,,,,09/06/2023 14:19,09/06/2023 14:29,0.166666667,Planned Maint.,Buoy Body,Closed,,,ABB_Offshore,DPR 2320,2023-06 (Jun),P2 - Medium,,June,2023
09/06/2023 13:31,WO0515,ABB-FT-HS-01,ABB Submarine Hose Assembly,GVI Cargo hose – Pre-Berthing checks,,,,09/06/2023 13:31,09/06/2023 16:41,3.166666667,Planned Maint.,Submarine Hose,Closed,,,ABB_Offshore,DPR 2320,2023-06 (Jun),P2 - Medium,,June,2023
08/06/2023 19:50,WO0514,SPM-AE-BY-02,CALM Buoy - CO760,Bi-weekly turntable rotation,,,,08/06/2023 19:50,08/06/2023 20:45,0.916666667,Planned Maint.,Buoy Body,Closed,,,SPM_Offshore,DPR 2319,2023-06 (Jun),P2 - Medium,,June,2023
07/06/2023 16:50,WO0513,SPM-FT-HS-01,SPM Hose String Assembly (Floating/Submarine),Marine Growth Removal from floating hose,,,,07/06/2023 16:50,07/06/2023 19:50,3,Planned Corrective Maint.,Submarine Hose,Closed,Aquatic Exposure,Removed,SPM_Offshore,DPR 2318,2023-06 (Jun),P2 - Medium,,June,2023
07/06/2023 15:28,WO0512,SPM-AE-BY-02,CALM Buoy - CO760,Weekly Lubrication,,,,07/06/2023 15:28,07/06/2023 16:40,1.2,Planned Maint.,Lubrication System,Closed,,,SPM_Offshore,DPR 2318,2023-06 (Jun),P2 - Medium,,June,2023
07/06/2023 15:25,WO0510,SPM-ME-BD-01,SPM Mooring Bridle,Monthly GVI Mooring Bridle,,,,07/06/2023 15:25,07/06/2023 16:40,1.25,Planned Maint.,Mooring System,Closed,,,SPM_Offshore,DPR 2318,2023-06 (Jun),P2 - Medium,,June,2023
07/06/2023 15:25,WO0511,SPM-AE-BY-02,CALM Buoy - CO760,Weekly GVI Solar Panels,,,,07/06/2023 15:25,07/06/2023 16:40,1.25,Planned Maint.,NavAids & Power,Closed,,,SPM_Offshore,DPR 2318,2023-06 (Jun),P2 - Medium,,June,2023
07/06/2023 15:25,WO0509,SPM-AE-BY-02,CALM Buoy - CO760,Weekly freeboard checks,,,,07/06/2023 15:25,07/06/2023 16:40,1.25,Planned Maint.,Buoy Body,Closed,,,SPM_Offshore,DPR 2318,2023-06 (Jun),P2 - Medium,,June,2023
07/06/2023 14:26,WO0508,MATHEEW BUOY,Buoy for SW10/Atlantis,GVI - Samson mooring line and Fixtures checked,,,,07/06/2023 14:26,07/06/2023 14:33,0.116666667,Planned Maint.,Anchoring System,Closed,,,ABB_Offshore,DPR 2318,2023-06 (Jun),P2 - Medium,,June,2023
06/06/2023 14:58,WO0507,ABB-ME-BY-02,ABB  Bravo Buoy,"Monthly GVI Mooring buoys ABB 02 (Bravo Position), Pins, Shackles, Swivel & TD",,,,06/06/2023 14:58,06/06/2023 15:11,0.216666667,Planned Maint.,Buoy Body,Closed,,,ABB_Offshore,DPR 2317,2023-06 (Jun),P2 - Medium,,June,2023
06/06/2023 14:58,WO0506,ABB-ME-BY-05,ABB Alpha Buoy,"Monthly GVI Mooring buoys ABB 05 (Alpha Position), Pins, Shackles, Swivel & TD",,,,06/06/2023 14:58,06/06/2023 15:11,0.216666667,Planned Maint.,Buoy Body,Closed,,,ABB_Offshore,DPR 2317,2023-06 (Jun),P2 - Medium,,June,2023
06/06/2023 13:26,WO0505,ABB-FT-HS-01,ABB Submarine Hose Assembly,GVI Jumper hoses & Cargo hoses – Pre-Berthing Checks.,,,,06/06/2023 13:26,06/06/2023 16:00,2.566666667,Planned Maint.,Submarine Hose,Closed,,,ABB_Offshore,DPR 2317,2023-06 (Jun),P2 - Medium,,June,2023
05/06/2023 14:30,WO0504,SPM-FT-HS-01,SPM Hose String Assembly (Floating/Submarine),MGR on floating hose,,,,05/06/2023 14:30,05/06/2023 15:00,0.5,Planned Corrective Maint.,Floating Hose,Closed,Aquatic Exposure,Removed,SPM_Offshore,DPR 2316,2023-06 (Jun),P2 - Medium,,June,2023
05/06/2023 14:00,WO0503,SPM-FT-HS-01,SPM Hose String Assembly (Floating/Submarine),Monthly GVI SPM Floating hose pickup equipment,,,,05/06/2023 14:00,05/06/2023 14:30,0.5,Planned Maint.,Floating Hose,Closed,,,SPM_Offshore,DPR 2316,2023-06 (Jun),P2 - Medium,,June,2023
04/06/2023 16:50,WO0502,MATHEEW BUOY,Buoy for SW10/Atlantis,6-Monthly chain wear measurements,,,,04/06/2023 16:50,04/06/2023 18:00,1.166666667,Planned Maint.,Mooring System,Closed,,,ABB_Offshore,DPR 2315,2023-06 (Jun),P2 - Medium,,June,2023
04/06/2023 15:16,WO0501,SPM-ME-CH-01,SPM Mooring Chain,3- Monthly Chain Angle Measurements on Mooring Chains,,,,04/06/2023 15:16,04/06/2023 16:26,1.166666667,Planned Maint.,Mooring System,Closed,,,SPM_Offshore,DPR 2315,2023-06 (Jun),P2 - Medium,,June,2023
04/06/2023 14:33,WO0500,SPM-ME-CH-01,SPM Mooring Chain,Yearly Chain wear measurements,,,,04/06/2023 14:33,04/06/2023 15:01,0.466666667,Planned Maint.,Mooring System,Closed,,,SPM_Offshore,DPR 2315,2023-06 (Jun),P2 - Medium,,June,2023
03/06/2023 13:36,WO0498,ABB-FT-HS-01,ABB Submarine Hose Assembly,GVI Cargo Hose – Pre-Berthing,,,,03/06/2023 13:36,03/06/2023 19:25,5.816666667,Planned Maint.,Submarine Hose,Closed,,,ABB_Offshore,DPR 2314,2023-06 (Jun),P2 - Medium,,June,2023
03/06/2023 13:36,WO0499,ABB,CMB System for Planned Maint.,UKP Bush checks UKP lubrication,,,,03/06/2023 13:36,03/06/2023 15:40,2.066666667,Planned Maint.,Lubrication System,Closed,,,ABB_Offshore,DPR 2314,2023-06 (Jun),P2 - Medium,,June,2023
02/06/2023 17:51,WO0497,SPM-FT-HS-01,SPM Hose String Assembly (Floating/Submarine),MGR from 1st two floatation collars on West subsea hose.,,,,02/06/2023 17:51,02/06/2023 18:43,0.866666667,Planned Corrective Maint.,Submarine Hose,Closed,Aquatic Exposure,Removed,SPM_Offshore,DPR 2313,2023-06 (Jun),P2 - Medium,,June,2023
02/06/2023 17:00,WO0496,SPM-FT-HS-01,SPM Hose String Assembly (Floating/Submarine),Chinese Lantern monthly GVI,,,,02/06/2023 17:00,02/06/2023 17:39,0.65,Planned Maint.,Submarine Hose,Closed,,,SPM_Offshore,DPR 2313,2023-06 (Jun),P2 - Medium,,June,2023
02/06/2023 16:03,WO0495,SPM-FT-HS-01,SPM Hose String Assembly (Floating/Submarine),Floating hose monthly GVI,,,,02/06/2023 16:03,02/06/2023 16:27,0.4,Planned Maint.,Floating Hose,Closed,,,SPM_Offshore,DPR 2313,2023-06 (Jun),P2 - Medium,,June,2023
02/06/2023 15:05,WO0490,SPM-AE-BY-02,CALM Buoy - CO760,Weekly Lubrication,,,,02/06/2023 15:05,02/06/2023 16:00,0.916666667,Planned Maint.,Lubrication System,Closed,,,SPM_Offshore,DPR 2313,2023-06 (Jun),P2 - Medium,,June,2023
02/06/2023 15:05,WO0494,SPM-AE-BY-02,CALM Buoy - CO760,Monthly GVI Navigational light,,,,02/06/2023 15:05,02/06/2023 16:00,0.916666667,Planned Maint.,NavAids & Power,Closed,,,SPM_Offshore,DPR 2313,2023-06 (Jun),P2 - Medium,,June,2023
02/06/2023 15:05,WO0493,SPM-AE-BY-02,CALM Buoy - CO760,Weekly GVI Solar Panels,,,,02/06/2023 15:05,02/06/2023 16:00,0.916666667,Planned Maint.,NavAids & Power,Closed,,,SPM_Offshore,DPR 2313,2023-06 (Jun),P2 - Medium,,June,2023
02/06/2023 15:05,WO0492,SPM-AE-BY-02,CALM Buoy - CO760,Cargo System GVI c/w valve operations,,,,02/06/2023 15:05,02/06/2023 16:00,0.916666667,Planned Maint.,Buoy Body,Closed,,,SPM_Offshore,DPR 2313,2023-06 (Jun),P2 - Medium,,June,2023
02/06/2023 15:05,WO0491,SPM-AE-BY-02,CALM Buoy - CO760,Weekly freeboard checks,,,,02/06/2023 15:05,02/06/2023 16:00,0.916666667,Planned Maint.,Buoy Body,Closed,,,SPM_Offshore,DPR 2313,2023-06 (Jun),P2 - Medium,,June,2023
31/05/2023 14:08,WO0489,ABB,CMB System for Planned Maint.,6- Monthly GVI Anodes & CP readings on mooring buoys,,,,31/05/2023 14:08,31/05/2023 14:35,0.45,Planned Maint.,Cathodic Protection,Closed,,,ABB_Offshore,DPR 2311,2023-05 (May),P2 - Medium,,May,2023
30/05/2023 15:30,WO0488,ABB/SPM_Onshore,Onshore ABB_SPM System for Planned Maintenance,Monthly Servitude Clearance,,,,30/05/2023 15:30,30/05/2023 18:30,3,Planned Maint.,Piping,Closed,,,ABB_SPM_Onshore,,2023-05 (May),P2 - Medium,,May,2023
30/05/2023 15:00,WO0487,Oil-Jetty,Oil Jetty System for Planned Maintenance,Servitude Clearance,,,,30/05/2023 15:00,30/05/2023 17:00,2,Planned Maint.,Piping,Closed,,,Oil_Jetty,,2023-05 (May),P2 - Medium,,May,2023
30/05/2023 12:50,WO0486,ABB-ME-BY-02,ABB  Bravo Buoy,Pre-Berthing checks - UKP bush checks - UKP & hook lubrication,,,,30/05/2023 12:50,30/05/2023 21:55,9.083333333,Planned Maint.,Lubrication System,Closed,,,ABB_Offshore,DPR 2310,2023-05 (May),P2 - Medium,,May,2023
29/05/2023 13:40,WO0485,ABB-ME-BY-02,ABB  Bravo Buoy,Pre-berthing Checks,,29/05/2023,,29/05/2023 13:40,29/05/2023 14:22,0.7,Inspection,Buoy Body,Closed,,,ABB_Offshore,DPR 2309,2023-05 (May),P1 - High,,May,2023
28/05/2023 18:00,WO0484,ABB,CMB System for Planned Maint.,Clean & Prep chain for installation,,,,28/05/2023 18:00,28/05/2023 21:00,3,Planned Maint.,Anchoring System,Closed,,,ABB_Offshore,DPR 2308,2023-05 (May),P2 - Medium,,May,2023
27/05/2023 15:30,WO0483,ABB/SPM_Onshore,Onshore ABB_SPM System for Planned Maintenance,Monthly Onshore CP reading and TP/CB structure  inspection,,,,27/05/2023 15:30,27/05/2023 17:30,2,Planned Maint.,Cathodic Protection,Closed,,,ABB_SPM_Onshore,,2023-05 (May),P2 - Medium,,May,2023
27/05/2023 00:44,WO0482,ABB,CMB System for Planned Maint.,All mooring lines checked and secure on mooring hooks,,,,27/05/2023 00:44,27/05/2023 00:50,0.1,Planned Maint.,Mooring System,Closed,,,ABB_Offshore,DPR 2306,2023-05 (May),P2 - Medium,,May,2023
27/05/2023 00:17,WO0481,ABB-FT-HS-01,ABB Submarine Hose Assembly,GVI Cargo hose after connection,,,,27/05/2023 00:17,27/05/2023 00:35,0.3,Planned Maint.,Submarine Hose,Closed,,,ABB_Offshore,DPR 2306,2023-05 (May),P2 - Medium,,May,2023
26/05/2023 15:45,WO0480,ABB-ME-BY-02,ABB  Bravo Buoy,Continue to do 6-monthly sounding on ABB 02 (Bravo Position),,,,26/05/2023 15:45,26/05/2023 19:15,3.5,Planned Maint.,Buoy Body,Closed,,,ABB_Offshore,DPR 2306,2023-05 (May),P2 - Medium,,May,2023
26/05/2023 15:45,WO0479,ABB-ME-BY-05,ABB Alpha Buoy,6-Monthly Sounding on ABB05,,,,26/05/2023 15:45,26/05/2023 19:15,3.5,Planned Maint.,Buoy Body,Closed,,,ABB_Offshore,DPR 2306,2023-05 (May),P2 - Medium,,May,2023
26/05/2023 13:35,WO0477,ABB-FT-HS-01,ABB Submarine Hose Assembly,GVI Cargo hose,,,,26/05/2023 13:35,26/05/2023 14:07,0.533333333,Planned Maint.,Submarine Hose,Closed,,,ABB_Offshore,DPR 2306,2023-05 (May),P2 - Medium,,May,2023
26/05/2023 13:35,WO0478,ABB,CMB System for Planned Maint.,Pre-berthing Checks,,,,26/05/2023 13:35,26/05/2023 15:40,2.083333333,Planned Maint.,Mooring System,Closed,,,ABB_Offshore,DPR 2306,2023-05 (May),P2 - Medium,,May,2023
24/05/2023 16:41,WO0476,SPM-ME-CH-01,SPM Mooring Chain,Marine Growth Removal from SPM2 Mooring chain,,,,24/05/2023 16:41,24/05/2023 21:48,5.116666667,Planned Corrective Maint.,Anchoring System,Closed,Aquatic Exposure,Removed,SPM_Offshore,DPR 2304,2023-05 (May),P2 - Medium,,May,2023
24/05/2023 15:20,WO0473,SPM-AE-BY-02,CALM Buoy - CO760,"Weekly Lubrication – Main bearing, Centre pipe bearing, Torque Arm and Mooring
bridle fixing point",,,,24/05/2023 15:20,24/05/2023 16:25,1.083333333,Planned Maint.,Lubrication System,Closed,,,SPM_Offshore,DPR 2304,2023-05 (May),P2 - Medium,,May,2023
24/05/2023 15:20,WO0474,SPM-AE-BY-02,CALM Buoy - CO760,Weekly solar panel checks,,,,24/05/2023 15:20,24/05/2023 16:25,1.083333333,Planned Maint.,NavAids & Power,Closed,,,SPM_Offshore,DPR 2304,2023-05 (May),P2 - Medium,,May,2023
24/05/2023 15:20,WO0475,SPM-AE-BY-02,CALM Buoy - CO760,Coating repair - yellow coat,,,,24/05/2023 15:20,24/05/2023 16:25,1.083333333,Planned Corrective Maint.,Buoy Body,Closed,Corrosion,Coated,SPM_Offshore,DPR 2304,2023-05 (May),P2 - Medium,,May,2023
23/05/2023 21:00,WO0472,SPM-AE-BY-02,CALM Buoy - CO760,Coating repairs,,,,23/05/2023 21:00,23/05/2023 23:10,2.166666667,Planned Corrective Maint.,Buoy Body,Closed,Corrosion,Coated,SPM_Offshore,DPR 2303,2023-05 (May),P2 - Medium,,May,2023
23/05/2023 15:30,WO0471,ABB/SPM_Onshore,Onshore ABB_SPM System for Planned Maintenance,Weekly Servitude Walks,,,,23/05/2023 15:30,23/05/2023 18:30,3,Planned Maint.,Piping,Closed,,,ABB_SPM_Onshore,,2023-05 (May),P2 - Medium,,May,2023
23/05/2023 13:33,WO0470,ABB,CMB System for Planned Maint.,Pre-Berthing checks - UKP Bush checks - Hook & Bush lubrication,,,,23/05/2023 13:33,23/05/2023 15:37,2.066666667,Planned Maint.,Lubrication System,Closed,,,ABB_Offshore,DPR 2303,2023-05 (May),P2 - Medium,,May,2023
22/05/2023 17:00,WO0469,SPM-AE-BY-02,CALM Buoy - CO760,Bi-weekly turntable rotation,,,,22/05/2023 17:00,22/05/2023 18:10,1.166666667,Planned Maint.,Buoy Body,Closed,,,SPM_Offshore,DPR 2302,2023-05 (May),P2 - Medium,,May,2023
21/05/2023 14:00,WO0468,ABB-ME-BY-02,ABB  Bravo Buoy,Marine growth removal on mooring buoy body sides ABB 02 (Bravo Position),,,,21/05/2023 14:00,21/05/2023 15:10,1.166666667,Planned Corrective Maint.,Buoy Body,Closed,Aquatic Exposure,Removed,ABB_Offshore,DPR 2301,2023-05 (May),P2 - Medium,,May,2023
21/05/2023 14:00,WO0467,ABB-ME-BY-05,ABB Alpha Buoy,Marine growth removal on mooring buoy body sides ABB 05 (Alpha Position),,,,21/05/2023 14:00,21/05/2023 15:10,1.166666667,Planned Corrective Maint.,Buoy Body,Closed,Aquatic Exposure,Removed,ABB_Offshore,DPR 2301,2023-05 (May),P2 - Medium,,May,2023
20/05/2023 16:42,WO0466,ABB-FT-HS-01,ABB Submarine Hose Assembly,GVI Cargo hose after snubbing chains installed,,,,20/05/2023 16:42,20/05/2023 17:28,0.766666667,Planned Maint.,Submarine Hose,Closed,,,ABB_Offshore,DPR 2300,2023-05 (May),P2 - Medium,,May,2023
20/05/2023 13:32,WO0465,ABB,CMB System for Planned Maint.,Pre-Berthing Checks - CVI UKP - GVI UKP Bushes - UKP Bush lubrication,,,,20/05/2023 13:32,20/05/2023 19:35,6.05,Planned Maint.,Lubrication System,Closed,,,ABB_Offshore,DPR 2300,2023-05 (May),P2 - Medium,,May,2023
19/05/2023 20:16,WO0464,SPM-FT-PV-01,SPM PLEM,Marine Growth Removal from SPM2 PLEM Anodes,,,,19/05/2023 20:16,19/05/2023 20:45,0.483333333,Planned Corrective Maint.,PLEM Piping and Structure,Closed,Aquatic Exposure,Removed,SPM_Offshore,DPR 2299,2023-05 (May),P2 - Medium,,May,2023
19/05/2023 16:26,WO0463,SPM-FT-HS-01,SPM Hose String Assembly (Floating/Submarine),Marine Growth Removal from Chinese lantern floating collars,,,,19/05/2023 16:26,19/05/2023 20:16,3.833333333,Planned Corrective Maint.,Submarine Hose,Closed,Aquatic Exposure,Removed,SPM_Offshore,DPR 2299,2023-05 (May),P2 - Medium,,May,2023
19/05/2023 15:00,WO0462,SPM-ME-CH-01,SPM Mooring Chain,Marine Growth Removal from mooring chain tails,,,,19/05/2023 15:00,19/05/2023 16:12,1.2,Planned Corrective Maint.,Mooring System,Closed,Aquatic Exposure,Removed,SPM_Offshore,DPR 2299,2023-05 (May),P2 - Medium,,May,2023
18/05/2023 21:00,WO0461,SPM-AE-BY-02,CALM Buoy - CO760,"Weekly Lubrication on Main bearing, Centre pipe bearing, Torque arm & Mooring
bridle fixing points",,,,18/05/2023 21:00,18/05/2023 22:15,1.25,Planned Maint.,Lubrication System,Closed,,,SPM_Offshore,DPR 2298,2023-05 (May),P2 - Medium,,May,2023
17/05/2023 18:51,WO0460,ABB-FT-HS-01,ABB Submarine Hose Assembly,GVI Cargo hose after connection,,,,17/05/2023 18:51,17/05/2023 19:16,0.416666667,Planned Maint.,Submarine Hose,Closed,,,ABB_Offshore,DPR 2297,2023-05 (May),P2 - Medium,,May,2023
17/05/2023 15:50,WO0459,ABB-ME-BY-04,ABB Charlie Buoy,MGR from mooring buoy body sides on buoy ABB 04 (Charlie Position),,,,17/05/2023 15:50,17/05/2023 16:15,0.416666667,Planned Corrective Maint.,Buoy Body,Closed,Aquatic Exposure,Removed,ABB_Offshore,DPR 2297,2023-05 (May),P2 - Medium,,May,2023
17/05/2023 15:50,WO0458,ABB-ME-BY-03,ABB Delta Buoy,MGR from mooring buoy body sides on buoys ABB 03 (Delta Position),,,,17/05/2023 15:50,17/05/2023 16:15,0.416666667,Planned Corrective Maint.,Buoy Body,Closed,Aquatic Exposure,Removed,ABB_Offshore,DPR 2297,2023-05 (May),P2 - Medium,,May,2023
17/05/2023 15:30,WO0457,Oil-Jetty,Oil Jetty System for Planned Maintenance,Monthly GVI of Sump and Sump Pipeline,,,,17/05/2023 15:30,17/05/2023 17:30,2,Planned Maint.,Piping,Closed,,,Oil_Jetty,,2023-05 (May),P2 - Medium,,May,2023
17/05/2023 15:30,WO0456,Oil-Jetty,Oil Jetty System for Planned Maintenance,Monthly Valve Maintenance and inspection of Pressure Safety Devices,,,,17/05/2023 15:30,17/05/2023 17:30,2,Planned Maint.,Valve,Closed,,,Oil_Jetty,,2023-05 (May),P2 - Medium,,May,2023
17/05/2023 15:00,WO0455,Oil-Jetty,Oil Jetty System for Planned Maintenance,Bi-weekly Servitude Walk/Pipeline Inspection,,,,17/05/2023 15:00,17/05/2023 17:00,2,Planned Maint.,Piping,Closed,,,Oil_Jetty,,2023-05 (May),P2 - Medium,,May,2023
17/05/2023 13:31,WO0454,ABB-FT-HS-01,ABB Submarine Hose Assembly,Pre-Berthing Checks GVI Cargo Hose,,17/05/2023,,17/05/2023 13:31,17/05/2023 15:45,2.233333333,Inspection,Buoy Body,Closed,,,ABB_Offshore,DPR 2297,2023-05 (May),P1 - High,,May,2023
16/05/2023 19:32,WO0453,SPM-ME-CH-01,SPM Mooring Chain,Marine Growth Removal from SPM2 mooring chain legs,,,,16/05/2023 19:32,16/05/2023 21:56,2.4,Planned Corrective Maint.,Anchoring System,Closed,Aquatic Exposure,Removed,SPM_Offshore,DPR 2296,2023-05 (May),P2 - Medium,,May,2023
15/05/2023 18:00,WO0452,SPM-AE-BY-02,CALM Buoy - CO760,Weekly Free board checks,,,,15/05/2023 18:00,15/05/2023 20:05,2.083333333,Planned Maint.,Buoy Body,Closed,,,SPM_Offshore,DPR 2295,2023-05 (May),P2 - Medium,,May,2023
14/05/2023 14:34,WO0451,ABB-ME-BY-02,ABB  Bravo Buoy,"Monthly Mooring buoy chain, swivel, links & Touch down checks –  ABB02",,,,14/05/2023 14:34,14/05/2023 14:40,0.1,Planned Maint.,Buoy Body,Closed,,,ABB_Offshore,DPR 2294,2023-05 (May),P2 - Medium,,May,2023
14/05/2023 14:34,WO0450,ABB-ME-BY-05,ABB Alpha Buoy,"Monthly Mooring buoy chain, swivel, links & Touch down checks – ABB05",,,,14/05/2023 14:34,14/05/2023 14:40,0.1,Planned Maint.,Buoy Body,Closed,,,ABB_Offshore,DPR 2294,2023-05 (May),P2 - Medium,,May,2023
14/05/2023 13:16,WO0449,ABB,CMB System for Planned Maint.,Pre-berthing Checks,,14/05/2023,,14/05/2023 13:16,14/05/2023 15:33,2.283333333,Inspection,Buoy Body,Closed,,,ABB_Offshore,DPR 2294,2023-05 (May),P1 - High,,May,2023
13/05/2023 21:25,WO0448,SPM-AE-BY-02,CALM Buoy - CO760,Complete Marine growth removal from chain leg # 6,,,,13/05/2023 21:25,13/05/2023 22:20,0.916666667,Planned Corrective Maint.,Anchoring System,Closed,Aquatic Exposure,Removed,SPM_Offshore,DPR 2293,2023-05 (May),P2 - Medium,,May,2023
13/05/2023 19:55,WO0447,SPM-AE-BY-02,CALM Buoy - CO760,Complete Marine growth removal from chain leg # 1,,,,13/05/2023 19:55,13/05/2023 20:23,0.466666667,Planned Corrective Maint.,Anchoring System,Closed,Aquatic Exposure,Removed,SPM_Offshore,DPR 2293,2023-05 (May),P2 - Medium,,May,2023
12/05/2023 20:34,WO0446,SPM-AE-BY-02,CALM Buoy - CO760,Marine growth removal from chain leg # 1 to 25fsw,,,,12/05/2023 20:34,12/05/2023 21:12,0.633333333,Planned Corrective Maint.,Anchoring System,Closed,Aquatic Exposure,Removed,SPM_Offshore,DPR 2292,2023-05 (May),P2 - Medium,,May,2023
12/05/2023 19:29,WO0445,SPM-AE-BY-02,CALM Buoy - CO760,"Marine growth removal from chain leg # 3, 4, 5, & 6 to 20fsw",,,,12/05/2023 19:29,12/05/2023 20:19,0.833333333,Planned Corrective Maint.,Anchoring System,Closed,Aquatic Exposure,Removed,SPM_Offshore,DPR 2292,2023-05 (May),P2 - Medium,,May,2023
12/05/2023 16:55,WO0444,SPM-AE-BY-02,CALM Buoy - CO760,Bi-weekly turntable rotation,,,,12/05/2023 16:55,12/05/2023 17:30,0.583333333,Planned Maint.,Buoy Body,Closed,,,SPM_Offshore,DPR 2292,2023-05 (May),P2 - Medium,,May,2023
11/05/2023 15:01,WO0443,ABB-ME-BY-04,ABB Charlie Buoy,"Monthly ABB/CBM Mooring buoy chain, swivel, links & Touch down checks – ABB04",,,,11/05/2023 15:01,11/05/2023 15:21,0.333333333,Planned Maint.,Buoy Body,Closed,,,ABB_Offshore,DPR 2291,2023-05 (May),P2 - Medium,,May,2023
11/05/2023 15:01,WO0442,ABB-ME-BY-03,ABB Delta Buoy,"Monthly ABB/CBM Mooring buoy chain, swivel, links & Touch down checks – ABB 03 (Delta Position)",,,,11/05/2023 15:01,11/05/2023 15:21,0.333333333,Planned Maint.,Buoy Body,Closed,,,ABB_Offshore,DPR 2291,2023-05 (May),P2 - Medium,,May,2023
11/05/2023 13:39,WO0441,ABB,CMB System for Planned Maint.,Pre-berthing Checks,,,,11/05/2023 13:39,11/05/2023 16:15,2.6,Planned Maint.,Buoy Body,Closed,,,ABB_Offshore,DPR 2291,2023-05 (May),P2 - Medium,,May,2023
10/05/2023 17:32,WO0440,SPM-AE-BY-02,CALM Buoy - CO760,Marine Growth removal on SPM chain locker area & chain leg,,,,10/05/2023 17:32,10/05/2023 17:55,0.383333333,Planned Corrective Maint.,Buoy Body,Closed,Aquatic Exposure,Removed,SPM_Offshore,DPR 2290,2023-05 (May),P2 - Medium,,May,2023
10/05/2023 16:10,WO0439,SPM-AE-BY-02,CALM Buoy - CO760,Monthly Clean & GVI Mooring bridle & re-grease lightly,,,,10/05/2023 16:10,10/05/2023 17:20,1.166666667,Planned Maint.,Mooring System,Closed,,,SPM_Offshore,DPR 2290,2023-05 (May),P2 - Medium,,May,2023
10/05/2023 16:10,WO0438,SPM-AE-BY-02,CALM Buoy - CO760,"Weekly lubrication of Main bearing, Centre pipe bearing, Torque arm & Mooring
bridle attachments",,,,10/05/2023 16:10,10/05/2023 17:20,1.166666667,Planned Maint.,Lubrication System,Closed,,,SPM_Offshore,DPR 2290,2023-05 (May),P2 - Medium,,May,2023
10/05/2023 15:46,WO0437,MATHEEW BUOY,Buoy for SW10/Atlantis,3-Monthly GVI Mathew &amp; Samson buoy moorings,,,,10/05/2023 15:46,10/05/2023 16:02,0.266666667,Planned Maint.,Buoy Body,Closed,,,ABB_Offshore,DPR 2290,2023-05 (May),P2 - Medium,,May,2023
09/05/2023 19:44,WO0436,SPM-AE-BY-02,CALM Buoy - CO760,Marine Growth Removal from Chain locker area,,,,09/05/2023 19:44,09/05/2023 20:07,0.383333333,Planned Corrective Maint.,Anchoring System,Closed,Aquatic Exposure,Removed,SPM_Offshore,DPR 2289,2023-05 (May),P2 - Medium,,May,2023
09/05/2023 16:18,WO0435,SPM-AE-BY-02,CALM Buoy - CO760,"Marine Growth Removal on buoy body, skirt & flat bottom",,,,09/05/2023 16:18,09/05/2023 18:27,2.15,Planned Corrective Maint.,Buoy Body,Closed,Aquatic Exposure,Removed,SPM_Offshore,DPR 2289,2023-05 (May),P2 - Medium,,May,2023
09/05/2023 14:53,WO0434,ABB,CMB System for Planned Maint.,4-Monthly Stinger Box GVI & Cleaning,,,,09/05/2023 14:53,09/05/2023 15:40,0.783333333,Planned Maint.,Piping,Closed,,,ABB_Offshore,DPR 2289,2023-05 (May),P2 - Medium,,May,2023
08/05/2023 13:38,WO0432,ABB,CMB System for Planned Maint.,Pre-Berthing Checks - UKP Bush checks - Hook lubrication,,,,08/05/2023 13:38,08/05/2023 16:15,2.616666667,Planned Maint.,Lubrication System,Closed,,,ABB_Offshore,DPR 2288,2023-05 (May),P2 - Medium,,May,2023
08/05/2023 13:38,WO0433,ABB,CMB System for Planned Maint.,Monthly mooring buoy body deck brushed clean,,,,08/05/2023 13:38,08/05/2023 16:15,2.616666667,Planned Maint.,Buoy Body,Closed,,,ABB_Offshore,DPR 2288,2023-05 (May),P2 - Medium,,May,2023
07/05/2023 17:39,WO0431,SPM-ME-CH-01,SPM Mooring Chain,Fishing net removal from SPM Mooring buoy chain legs,,,,07/05/2023 17:39,07/05/2023 18:27,0.8,Planned Corrective Maint.,Buoy Body,Closed,Marine Fouling / Foreign Object,Removed,SPM_Offshore,DPR 2287,2023-05 (May),P2 - Medium,,May,2023
07/05/2023 16:40,WO0430,SPM-AE-BY-02,CALM Buoy - CO760,"Gasket marked out Manhole cover replaced, and tightened securely",,,,07/05/2023 16:40,07/05/2023 17:29,0.816666667,Planned Maint.,Buoy Body,Closed,,,SPM_Offshore,DPR 2287,2023-05 (May),P2 - Medium,,May,2023
07/05/2023 15:34,WO0429,ABB,CMB System for Planned Maint.,"GVI retro fitted anodes on ABB pipeline between stinger box & 

jumper hoses & Seabed survey around ABB PLEM",,,,07/05/2023 15:34,07/05/2023 16:20,0.766666667,Planned Maint.,PLEM Piping and Structure,Closed,,,ABB_Offshore,DPR 2287,2023-05 (May),P2 - Medium,,May,2023
05/05/2023 16:00,WO0428,Oil-Jetty,Oil Jetty System for Planned Maintenance,Bi-weekly Servitude Walk/Pipeline Inspection,,,,05/05/2023 16:00,05/05/2023 18:00,2,Planned Maint.,Piping,Closed,,,Oil_Jetty,,2023-05 (May),P2 - Medium,,May,2023
05/05/2023 15:30,WO0427,ABB/SPM_Onshore,Onshore ABB_SPM System for Planned Maintenance,Valves - Quarterly Monthly  GVI for leaks & Lubrication,,,,05/05/2023 15:30,05/05/2023 17:30,2,Planned Maint.,Valve,Closed,,,ABB_SPM_Onshore,,2023-05 (May),P2 - Medium,,May,2023
05/05/2023 13:55,WO0426,ABB,CMB System for Planned Maint.,3-Monthly CP readings on ABB Cargo Hose Flanges,,,,05/05/2023 13:55,05/05/2023 14:04,0.15,Planned Maint.,Submarine Hose,Closed,,,ABB_Offshore,DPR 2285,2023-05 (May),P2 - Medium,,May,2023
04/05/2023 20:55,WO0425,ABB,CMB System for Planned Maint.,Pre-berthing Checks,,04/05/2023,,04/05/2023 20:55,04/05/2023 23:23,2.466666667,Inspection,Buoy Body,Closed,,,ABB_Offshore,DPR 2284,2023-05 (May),P1 - High,,May,2023
04/05/2023 14:00,WO0423,SPM-AE-BY-02,CALM Buoy - CO760,"Weekly Lubrication – Main Bearing, Centre pipe bearing, Torque Arm & Mooring
bridle holding Pad eyes",,,,04/05/2023 14:00,04/05/2023 17:40,3.666666667,Planned Maint.,Lubrication System,Closed,,,SPM_Offshore,DPR 2284,2023-05 (May),P2 - Medium,,May,2023
04/05/2023 14:00,WO0424,SPM-AE-BY-02,CALM Buoy - CO760,HPWJ Turntable & buoy body,,,,04/05/2023 14:00,04/05/2023 17:40,3.666666667,Planned Maint.,Buoy Body,Closed,,,SPM_Offshore,DPR 2284,2023-05 (May),P2 - Medium,,May,2023
03/05/2023 15:30,WO0422,ABB/SPM_Onshore,Onshore ABB_SPM System for Planned Maintenance,Weekly Servitude Walks,,,,03/05/2023 15:30,03/05/2023 17:30,2,Planned Maint.,Piping,Closed,,,ABB_SPM_Onshore,,2023-05 (May),P2 - Medium,,May,2023
03/05/2023 15:30,WO0421,ABB/SPM_Onshore,Onshore ABB_SPM System for Planned Maintenance,"Monthly GVI of Manifolds, Pig Launchers/Receivers, Spool pieces",,,,03/05/2023 15:30,03/05/2023 17:30,2,Planned Maint.,Piping,Closed,,,ABB_SPM_Onshore,,2023-05 (May),P2 - Medium,,May,2023
03/05/2023 15:30,WO0420,ABB/SPM_Onshore,Onshore ABB_SPM System for Planned Maintenance,"Monthly Visual  inspection & Patch painting of above grd section (Gao Lagoon  &
TOR Y-Junction)",,,,03/05/2023 15:30,03/05/2023 17:30,2,Planned Maint.,Piping,Closed,,,ABB_SPM_Onshore,,2023-05 (May),P2 - Medium,,May,2023
03/05/2023 14:30,WO0419,SPM-ME-BD-01,SPM Mooring Bridle,Clean and grease mooring bridle,,,,03/05/2023 14:30,03/05/2023 15:10,0.666666667,Planned Maint.,Mooring System,Closed,,,SPM_Offshore,DPR 2283,2023-05 (May),P2 - Medium,,May,2023
03/05/2023 14:30,WO0418,SPM-FT-BY-02,CALM Buoy - CO760 Cargo transfer System,3-monthly coating touch ups on Turntable & Buoy body,,,,03/05/2023 14:30,03/05/2023 15:10,0.666666667,Planned Maint.,Buoy Body,Closed,,Coated,SPM_Offshore,DPR 2283,2023-05 (May),P2 - Medium,,May,2023
03/05/2023 14:30,WO0417,SPM-AE-BY-02,CALM Buoy - CO760,Denzo repairs and touch ups on Centre pipe & nuts & Bolts,,,,03/05/2023 14:30,03/05/2023 15:10,0.666666667,Planned Corrective Maint.,Piping,Closed,Corrosion,Repaired,SPM_Offshore,DPR 2283,2023-05 (May),P2 - Medium,,May,2023
02/05/2023 16:30,WO0416,SPM-FT-HS-01,SPM Hose String Assembly (Floating/Submarine),MGR on Subsea hose East floatation collars.,,,,02/05/2023 16:30,02/05/2023 17:09,0.65,Planned Corrective Maint.,Submarine Hose,Closed,Aquatic Exposure,Removed,SPM_Offshore,DPR 2282,2023-05 (May),P2 - Medium,,May,2023
02/05/2023 15:12,WO0415,SPM-AE-BY-02,CALM Buoy - CO760,"Yearly GVI Mooring legs 1,2,3,4,5 & 6 on SPM to Touch Down.",,,,02/05/2023 15:12,02/05/2023 16:13,1.016666667,Planned Maint.,Mooring System,Closed,,,SPM_Offshore,DPR 2282,2023-05 (May),P2 - Medium,,May,2023
02/05/2023 14:00,WO0412,SPM-FT-BY-02,CALM Buoy - CO760 Cargo transfer System,GVI of Cargo Transfer System,,,,02/05/2023 14:00,02/05/2023 15:00,1,Planned Maint.,Submarine Hose,Closed,,,SPM_Offshore,DPR 2282,2023-05 (May),P2 - Medium,,May,2023
02/05/2023 14:00,WO0414,SPM-AE-BY-02,CALM Buoy - CO760,Weekly Clean & GVI Solar Panel,,,,02/05/2023 14:00,02/05/2023 15:00,1,Planned Maint.,NavAids & Power,Closed,,,SPM_Offshore,DPR 2282,2023-05 (May),P2 - Medium,,May,2023
02/05/2023 14:00,WO0413,SPM-AE-BY-02,CALM Buoy - CO760,Monthly GVI Temporary Navigational light,,,,02/05/2023 14:00,02/05/2023 15:00,1,Planned Maint.,NavAids & Power,Closed,,,SPM_Offshore,DPR 2282,2023-05 (May),P2 - Medium,,May,2023
02/05/2023 00:10,WO0411,SPM-FT-HS-01,SPM Hose String Assembly (Floating/Submarine),GVI Cargo hose,,,,02/05/2023 00:10,02/05/2023 00:30,0.333333333,Planned Maint.,Submarine Hose,Closed,,,SPM_Offshore,DPR 2281,2023-05 (May),P2 - Medium,,May,2023
01/05/2023 18:44,WO0410,ABB,CMB System for Planned Maint.,Pre-Berthing Checks -UKP Bush checks -Hook & UKP Bush Lubrication,,,,01/05/2023 18:44,01/05/2023 20:49,2.083333333,Planned Maint.,Lubrication System,Closed,,,ABB_Offshore,DPR 2281,2023-05 (May),P2 - Medium,,May,2023
01/05/2023 16:19,WO0409,SPM-FT-HS-01,SPM Hose String Assembly (Floating/Submarine),SPM Monthly GVI Chinese Lantern,,,,01/05/2023 16:19,01/05/2023 16:45,0.433333333,Planned Maint.,Submarine Hose,Closed,,,SPM_Offshore,DPR 2281,2023-05 (May),P2 - Medium,,May,2023
01/05/2023 15:40,WO0408,SPM-FT-HS-01,SPM Hose String Assembly (Floating/Submarine),SPM Floating hose monthly GVI,,,,01/05/2023 15:40,01/05/2023 16:05,0.416666667,Planned Maint.,Floating Hose,Closed,,,SPM_Offshore,DPR 2281,2023-05 (May),P2 - Medium,,May,2023
01/05/2023 14:20,WO0407,SPM-AE-BY-02,CALM Buoy - CO760,Bi-weekly turntable rotation,,,,01/05/2023 14:20,01/05/2023 15:30,1.166666667,Planned Maint.,Buoy Body,Closed,,,SPM_Offshore,DPR 2281,2023-05 (May),P2 - Medium,,May,2023
30/04/2023 20:20,WO0406,ABB,CMB System for Planned Maint.,Oil and grease Snubbing chains & pickup wire - Grease chaff chain,,,,30/04/2023 20:20,01/05/2023 01:00,4.666666667,Planned Maint.,Anchoring System,Closed,,,ABB_Offshore,DPR 2280,2023-05 (May),P2 - Medium,,April,2023
30/04/2023 18:12,WO0405,ABB-FT-HS-01,ABB Submarine Hose Assembly,MGR fromflanges,,,,30/04/2023 18:12,30/04/2023 18:54,0.7,Planned Corrective Maint.,Submarine Hose,Closed,Aquatic Exposure,Removed,ABB_Offshore,DPR 2280,2023-04 (Apr),P2 - Medium,,April,2023
30/04/2023 18:12,WO0404,ABB-CP-01,ABB Cathodic Protection System - Offshore,Monthly checks on flange anodes secure on Jumper hoses,,30/04/2023,,30/04/2023 18:12,30/04/2023 18:54,0.7,Inspection,Cathodic Protection,Closed,,,ABB_Offshore,DPR 2280,2023-04 (Apr),P2 - Medium,,April,2023
30/04/2023 16:56,WO0403,ABB-FT-V-1803,ABB PLEM Valve,MGR from PLEM Buoy chain and Valve 1803,,,,30/04/2023 16:56,30/04/2023 17:59,1.05,Planned Corrective Maint.,PLEM Piping and Structure,Closed,Aquatic Exposure,Removed,ABB_Offshore,DPR 2280,2023-04 (Apr),P2 - Medium,,April,2023
30/04/2023 15:55,WO0402,SPM-FT-PV-01,SPM PLEM,MGR from Valves 3604 A & B,,,,30/04/2023 15:55,30/04/2023 16:26,0.516666667,Planned Corrective Maint.,Valve,Closed,Aquatic Exposure,Removed,SPM_Offshore,DPR 2280,2023-04 (Apr),P2 - Medium,,April,2023
30/04/2023 15:30,WO0401,ABB/SPM_Onshore,Onshore ABB_SPM System for Planned Maintenance,Monthly Servitude Clearance,,,,30/04/2023 15:30,30/04/2023 18:30,3,Planned Maint.,Piping,Closed,,,ABB_SPM_Onshore,,2023-04 (Apr),P2 - Medium,,April,2023
30/04/2023 15:00,WO0400,Oil-Jetty,Oil Jetty System for Planned Maintenance,Servitude Clearance,,,,30/04/2023 15:00,30/04/2023 17:00,2,Planned Maint.,Piping,Closed,,,Oil_Jetty,,2023-04 (Apr),P2 - Medium,,April,2023
30/04/2023 14:55,WO0399,SPM-ME-CH-01,SPM Mooring Chain,"SPM Turntable, centre pipe, torque arm & Mooring chain greasing",,,,30/04/2023 14:55,30/04/2023 15:45,0.833333333,Planned Maint.,Lubrication System,Closed,,,SPM_Offshore,DPR 2280,2023-04 (Apr),P2 - Medium,,April,2023
29/04/2023 19:34,WO0398,ABB-FT-HS-01,ABB Submarine Hose Assembly,GVI Cargo hose after connection,,,,29/04/2023 19:34,29/04/2023 19:57,0.383333333,Planned Maint.,Submarine Hose,Closed,,,ABB_Offshore,DPR 2279,2023-04 (Apr),P2 - Medium,,April,2023
29/04/2023 14:50,WO0397,ABB-ME-BY-02,ABB  Bravo Buoy,ABB 02 (Bravo Position) Hook change out,,,,29/04/2023 14:50,29/04/2023 16:13,1.383333333,Planned Maint.,Buoy Body,Closed,,,ABB_Offshore,DPR 2279,2023-04 (Apr),P2 - Medium,,April,2023
29/04/2023 14:50,WO0396,ABB,CMB System for Planned Maint.,Pre-Berthing checks c/w - UKP Bush checks - UKP Bush greasing,,,,29/04/2023 14:50,29/04/2023 16:13,1.383333333,Planned Maint.,Lubrication System,Closed,,,ABB_Offshore,DPR 2279,2023-04 (Apr),P2 - Medium,,April,2023
27/04/2023 15:20,WO0395,SPM-ME-HW-02,SPM Mooring Hawser,SPM2 hawser installation,,,,27/04/2023 15:20,27/04/2023 16:50,1.5,Planned Maint.,Mooring System,Closed,,,SPM_Offshore,DPR 2277,2023-04 (Apr),P2 - Medium,,April,2023
27/04/2023 13:47,WO0393,SPM-FT-HS-01,SPM Hose String Assembly (Floating/Submarine),GVI Cargo hose,,,,27/04/2023 13:47,27/04/2023 14:17,0.5,Planned Maint.,Submarine Hose,Closed,,,SPM_Offshore,DPR 2277,2023-04 (Apr),P2 - Medium,,April,2023
27/04/2023 13:47,WO0394,SPM-AE-BY-02,CALM Buoy - CO760,Pre-berthing Checks,,27/04/2023,,27/04/2023 13:47,27/04/2023 16:50,3.05,Inspection,Mooring System,Closed,,,SPM_Offshore,DPR 2277,2023-04 (Apr),P1 - High,,April,2023
26/04/2023 20:35,WO0392,SPM-FT-HS-01,SPM Hose String Assembly (Floating/Submarine),Install snubbing chains - Install hose end pickup wire,,,,26/04/2023 20:35,26/04/2023 20:50,0.25,Planned Maint.,Anchoring System,Closed,,,SPM_Offshore,DPR 2276,2023-04 (Apr),P2 - Medium,,April,2023
26/04/2023 15:00,WO0391,SPM-CP-01,SPM Cathodic Protection System - Offshore,3-Monthly Cleaning & GVI of Anodes,,,,26/04/2023 15:00,26/04/2023 15:10,0.166666667,Planned Maint.,Cathodic Protection,Closed,,,SPM_Offshore,DPR 2276,2023-04 (Apr),P2 - Medium,,April,2023
26/04/2023 15:00,WO0390,SPM-AE-BY-02,CALM Buoy - CO760,Cleaning & GVI of Camlock,,26/04/2023,,26/04/2023 15:00,26/04/2023 15:10,0.166666667,Inspection,Mooring System,Closed,,,SPM_Offshore,DPR 2276,2023-04 (Apr),P2 - Medium,,April,2023
25/04/2023 14:20,WO0389,SPM-FT-HS-01,SPM Hose String Assembly (Floating/Submarine),Commence with HPWJ’ing the floating hose,,,,25/04/2023 14:20,25/04/2023 22:30,8.166666667,Planned Maint.,Floating Hose,Closed,,,SPM_Offshore,DPR 2275,2023-04 (Apr),P2 - Medium,,April,2023
24/04/2023 23:11,WO0388,ABB,CMB System for Planned Maint.,Check all mooring lines secured on mooring buoy hooks,,24/04/2023,,24/04/2023 23:11,24/04/2023 23:20,0.15,Inspection,Mooring System,Closed,,,ABB_Offshore,DPR 2274,2023-04 (Apr),P2 - Medium,,April,2023
24/04/2023 22:45,WO0387,ABB-FT-HS-01,ABB Submarine Hose Assembly,GVI Cargo hose after connection,,,,24/04/2023 22:45,24/04/2023 23:03,0.3,Planned Maint.,Submarine Hose,Closed,,,ABB_Offshore,DPR 2274,2023-04 (Apr),P2 - Medium,,April,2023
24/04/2023 16:56,WO0384,ABB-FT-HS-01,ABB Submarine Hose Assembly,Monthly GVI Cargo Hose,,,,24/04/2023 16:56,24/04/2023 17:29,0.55,Planned Maint.,Submarine Hose,Closed,,,ABB_Offshore,DPR 2274,2023-04 (Apr),P2 - Medium,,April,2023
24/04/2023 16:56,WO0385,ABB,CMB System for Planned Maint.,Pre-Berthing UKP Bush checks - Mooring buoy hook greasing,,,,24/04/2023 16:56,24/04/2023 20:08,3.2,Planned Maint.,Lubrication System,Closed,,,ABB_Offshore,DPR 2274,2023-04 (Apr),P2 - Medium,,April,2023
24/04/2023 16:56,WO0386,ABB-ME-BY-05,ABB Alpha Buoy,Change out hook on ABB05 (Alpha Position),,,,24/04/2023 16:56,24/04/2023 20:08,3.2,Planned Corrective Maint.,Buoy Body,Closed,Worn,Replaced,ABB_Offshore,DPR 2274,2023-04 (Apr),P1 - High,,April,2023
23/04/2023 15:33,WO0383,ABB,CMB System for Planned Maint.,CBM/ABB Pipeline Survey,,,,23/04/2023 15:33,23/04/2023 17:07,1.566666667,Planned Maint.,Piping,Closed,,,ABB_Offshore,DPR 2273,2023-04 (Apr),P2 - Medium,,April,2023
22/04/2023 20:28,WO0382,ABB,CMB System for Planned Maint.,Check all mooring lines secured on mooring hooks after berthing completed,,22/04/2023,,22/04/2023 20:28,22/04/2023 20:35,0.116666667,Inspection,Mooring System,Closed,,,ABB_Offshore,DPR 2272,2023-04 (Apr),P2 - Medium,,April,2023
22/04/2023 19:57,WO0381,ABB-FT-HS-01,ABB Submarine Hose Assembly,GVI Cargo hose after connection,,,,22/04/2023 19:57,22/04/2023 20:20,0.383333333,Planned Maint.,Submarine Hose,Closed,,,ABB_Offshore,DPR 2272,2023-04 (Apr),P2 - Medium,,April,2023
22/04/2023 19:57,WO0380,ABB-FT-HS-01,ABB Submarine Hose Assembly,Secure Cargo hose flange anodes,,,,22/04/2023 19:57,22/04/2023 20:20,0.383333333,Planned Maint.,Submarine Hose,Closed,,,ABB_Offshore,DPR 2272,2023-04 (Apr),P2 - Medium,,April,2023
22/04/2023 18:49,WO0379,ABB,CMB System for Planned Maint.,Change out snubbing chain split pin,,,,22/04/2023 18:49,22/04/2023 19:23,0.566666667,Planned Corrective Maint.,Submarine Hose,Closed,Worn,Replaced,ABB_Offshore,DPR 2272,2023-04 (Apr),P2 - Medium,,April,2023
22/04/2023 13:40,WO0377,ABB-FT-HS-01,ABB Submarine Hose Assembly,Monthly GVI Cargo Hose,,,,22/04/2023 13:40,22/04/2023 14:14,0.566666667,Planned Maint.,Submarine Hose,Closed,,,ABB_Offshore,DPR 2272,2023-04 (Apr),P2 - Medium,,April,2023
22/04/2023 13:40,WO0378,ABB,CMB System for Planned Maint.,Pre-Berthing Checks - UKP Bush checks - Hook lubrication,,,,22/04/2023 13:40,22/04/2023 16:08,2.466666667,Planned Maint.,Lubrication System,Closed,,,ABB_Offshore,DPR 2272,2023-04 (Apr),P2 - Medium,,April,2023
21/04/2023 16:36,WO0376,ABB,CMB System for Planned Maint.,Continue CBM/ABB 18” Pipeline Survey,,,,21/04/2023 16:36,21/04/2023 20:49,4.216666667,Planned Maint.,Piping,Closed,,,ABB_Offshore,DPR 2271,2023-04 (Apr),P2 - Medium,,April,2023
21/04/2023 15:41,WO0375,ABB,CMB System for Planned Maint.,Continue CBM/ABB 18” Pipeline Survey Checking for Anodes,,,,21/04/2023 15:41,21/04/2023 16:16,0.583333333,Planned Maint.,Piping,Closed,,,ABB_Offshore,DPR 2271,2023-04 (Apr),P2 - Medium,,April,2023
20/04/2023 17:05,WO0374,ABB-FT-V-1803,ABB PLEM Valve,Marine Growth Removal from CBM PLEM buoy,,,,20/04/2023 17:05,20/04/2023 18:14,1.15,Planned Corrective Maint.,PLEM Piping and Structure,Closed,Aquatic Exposure,Removed,ABB_Offshore,DPR 2270,2023-04 (Apr),P2 - Medium,,April,2023
20/04/2023 15:35,WO0372,SPM-AE-BY-02,CALM Buoy - CO760,"Weekly lubrication on Main turntable bearing, Centre dome bearing, torque arm &
mooring bridle main securing pins",,,,20/04/2023 15:35,20/04/2023 16:40,1.083333333,Planned Maint.,Lubrication System,Closed,,,SPM_Offshore,DPR 2270,2023-04 (Apr),P2 - Medium,,April,2023
20/04/2023 15:35,WO0373,SPM-AE-BY-02,CALM Buoy - CO760,Clean old grease from buoy body below turntable,,,,20/04/2023 15:35,20/04/2023 16:40,1.083333333,Planned Maint.,Buoy Body,Closed,,Cleaned,SPM_Offshore,DPR 2270,2023-04 (Apr),P2 - Medium,,April,2023
19/04/2023 20:13,WO0371,ABB,CMB System for Planned Maint.,Check all mooring lines secured onto mooring buoys after berthing completed,,19/04/2023,,19/04/2023 20:13,19/04/2023 20:35,0.366666667,Inspection,Mooring System,Closed,,,ABB_Offshore,DPR 2269,2023-04 (Apr),P2 - Medium,,April,2023
19/04/2023 19:42,WO0370,ABB-FT-HS-01,ABB Submarine Hose Assembly,GVI Cargo hose after connection,,,,19/04/2023 19:42,19/04/2023 20:04,0.366666667,Planned Maint.,Submarine Hose,Closed,,,ABB_Offshore,DPR 2269,2023-04 (Apr),P2 - Medium,,April,2023
19/04/2023 15:30,WO0369,Oil-Jetty,Oil Jetty System for Planned Maintenance,Bi-weekly Servitude Walk/Pipeline Inspection,,,,19/04/2023 15:30,19/04/2023 17:30,2,Planned Maint.,Piping,Closed,,,Oil_Jetty,,2023-04 (Apr),P2 - Medium,,April,2023
19/04/2023 13:48,WO0367,ABB-ME-BY-03,ABB Delta Buoy,Mooring line hook change out on Mooring buoy ABB 03 (Delta Position),,,,19/04/2023 13:48,19/04/2023 16:38,2.833333333,Planned Maint.,Buoy Body,Closed,,,ABB_Offshore,DPR 2269,2023-04 (Apr),P2 - Medium,,April,2023
19/04/2023 13:48,WO0365,ABB-FT-HS-01,ABB Submarine Hose Assembly,Monthly GVI Cargo Hose,,,,19/04/2023 13:48,19/04/2023 14:27,0.65,Planned Maint.,Submarine Hose,Closed,,,ABB_Offshore,DPR 2269,2023-04 (Apr),P2 - Medium,,April,2023
19/04/2023 13:48,WO0366,ABB,CMB System for Planned Maint.,Pre-Berthing checks UKP Bush lubrication - UKP bush checks,,,,19/04/2023 13:48,19/04/2023 16:38,2.833333333,Planned Maint.,Mooring System,Closed,,,ABB_Offshore,DPR 2269,2023-04 (Apr),P2 - Medium,,April,2023
19/04/2023 13:48,WO0368,ABB,CMB System for Planned Maint.,Mooring buoy location checks - Mooring buoy Freeboard checks,,19/04/2023,,19/04/2023 13:48,19/04/2023 16:38,2.833333333,Inspection,Mooring System,Closed,,,ABB_Offshore,DPR 2269,2023-04 (Apr),P2 - Medium,,April,2023
18/04/2023 17:40,WO0364,SPM-FT-HS-01,SPM Hose String Assembly (Floating/Submarine),MGR from SPM subsea hoses,,,,18/04/2023 17:40,18/04/2023 21:43,4.05,Planned Corrective Maint.,Submarine Hose,Closed,Aquatic Exposure,Removed,SPM_Offshore,DPR 2268,2023-04 (Apr),P2 - Medium,,April,2023
18/04/2023 16:00,WO0363,Oil-Jetty,Oil Jetty System for Planned Maintenance,Monthly Pressure Safety Devices Valve Maintenance,,,,18/04/2023 16:00,18/04/2023 18:00,2,Planned Maint.,Valve,Closed,,,Oil_Jetty,,2023-04 (Apr),P2 - Medium,,April,2023
18/04/2023 16:00,WO0362,Oil-Jetty,Oil Jetty System for Planned Maintenance,Monthly Gate Valve Maintenance,,,,18/04/2023 16:00,18/04/2023 18:00,2,Planned Maint.,Valve,Closed,,,Oil_Jetty,,2023-04 (Apr),P2 - Medium,,April,2023
18/04/2023 15:00,WO0361,Oil-Jetty,Oil Jetty System for Planned Maintenance,Monthly Ball Valves Maintenance,,,,18/04/2023 15:00,18/04/2023 18:00,3,Planned Maint.,Valve,Closed,,,Oil_Jetty,,2023-04 (Apr),P2 - Medium,,April,2023
17/04/2023 20:12,WO0360,SPM-AE-BY-02,CALM Buoy - CO760,MGR on SPM2 # 6 chain & # 1 chain,,,,17/04/2023 20:12,17/04/2023 21:55,1.716666667,Planned Corrective Maint.,Anchoring System,Closed,Aquatic Exposure,Removed,SPM_Offshore,DPR 2267,2023-04 (Apr),P2 - Medium,,April,2023
17/04/2023 17:39,WO0358,SPM-CP-01,SPM Cathodic Protection System - Offshore,GVI SPM2 buoy anodes,,,,17/04/2023 17:39,17/04/2023 18:57,1.3,Planned Maint.,Buoy Body,Closed,,,SPM_Offshore,DPR 2267,2023-04 (Apr),P2 - Medium,,April,2023
17/04/2023 17:39,WO0359,SPM-AE-BY-02,CALM Buoy - CO760,MGR in centre well,,,,17/04/2023 17:39,17/04/2023 18:57,1.3,Planned Corrective Maint.,Buoy Body,Closed,Aquatic Exposure,Removed,SPM_Offshore,DPR 2267,2023-04 (Apr),P2 - Medium,,April,2023
17/04/2023 15:30,WO0357,ABB/SPM_Onshore,Onshore ABB_SPM System for Planned Maintenance,Weekly Servitude Walks,,,,17/04/2023 15:30,17/04/2023 17:30,2,Planned Maint.,Piping,Closed,,,ABB_SPM_Onshore,,2023-04 (Apr),P2 - Medium,,April,2023
17/04/2023 15:30,WO0356,ABB/SPM_Onshore,Onshore ABB_SPM System for Planned Maintenance,"Monthly GVI of Manifolds, Pig Launchers/Receivers, Spool pieces",,,,17/04/2023 15:30,17/04/2023 17:30,2,Planned Maint.,Piping,Closed,,,ABB_SPM_Onshore,,2023-04 (Apr),P2 - Medium,,April,2023
17/04/2023 15:30,WO0355,ABB/SPM_Onshore,Onshore ABB_SPM System for Planned Maintenance,"Monthly Visual  inspection & Patch painting of above grd section (Gao Lagoon  &
TOR Y-Junction)",,,,17/04/2023 15:30,17/04/2023 17:30,2,Planned Maint.,Piping,Closed,,,ABB_SPM_Onshore,,2023-04 (Apr),P2 - Medium,,April,2023
16/04/2023 18:41,WO0354,ABB,CMB System for Planned Maint.,Check all mooring lines secured on mooring hooks after Berthing competed,,,,16/04/2023 18:41,16/04/2023 19:00,0.316666667,Planned Maint.,Mooring System,Closed,,,ABB_Offshore,DPR 2266,2023-04 (Apr),P2 - Medium,,April,2023
16/04/2023 18:10,WO0353,ABB-FT-HS-01,ABB Submarine Hose Assembly,GVI Cargo hose after connection,,,,16/04/2023 18:10,16/04/2023 18:30,0.333333333,Planned Maint.,Submarine Hose,Closed,,,ABB_Offshore,DPR 2266,2023-04 (Apr),P2 - Medium,,April,2023
16/04/2023 14:24,WO0352,ABB,CMB System for Planned Maint.,"Monthly GVI ABB 02, 03, 04 & 05",,,,16/04/2023 14:24,16/04/2023 15:06,0.7,Planned Maint.,Buoy Body,Closed,,,ABB_Offshore,DPR 2266,2023-04 (Apr),P2 - Medium,,April,2023
15/04/2023 21:40,WO0351,ABB,CMB System for Planned Maint.,check new replacement mooring hooks,,15/04/2023,,15/04/2023 21:40,15/04/2023 23:50,2.166666667,Inspection,Mooring System,Closed,,,ABB_Offshore,DPR 2265,2023-04 (Apr),P2 - Medium,,April,2023
15/04/2023 14:10,WO0350,ABB-ME-BY-04,ABB Charlie Buoy,Mooring buoy ABB 04(Charlie Position) hood change out completed,,,,15/04/2023 14:10,15/04/2023 16:10,2,Planned Maint.,Buoy Body,Closed,,,ABB_Offshore,DPR 2265,2023-04 (Apr),P2 - Medium,,April,2023
15/04/2023 14:10,WO0349,ABB,CMB System for Planned Maint.,Pre-berthing Checks,,15/04/2023,,15/04/2023 14:10,15/04/2023 18:55,4.75,Inspection,Mooring System,Closed,,,ABB_Offshore,DPR 2265,2023-04 (Apr),P1 - High,,April,2023
14/04/2023 23:24,WO0348,ABB-FT-HS-01,ABB Submarine Hose Assembly,GVI Cargo hoses,,,,14/04/2023 23:24,14/04/2023 23:56,0.533333333,Planned Maint.,Submarine Hose,Closed,,,ABB_Offshore,DPR 2264,2023-04 (Apr),P2 - Medium,,April,2023
14/04/2023 17:40,WO0347,SPM-AE-BY-02,CALM Buoy - CO760,Marine Growth Removal on SPM2 Chain # 6,,,,14/04/2023 17:40,14/04/2023 18:48,1.133333333,Planned Corrective Maint.,Anchoring System,Closed,Aquatic Exposure,Removed,SPM_Offshore,DPR 2264,2023-04 (Apr),P2 - Medium,,April,2023
14/04/2023 16:05,WO0345,SPM-FT-HS-01,SPM Hose String Assembly (Floating/Submarine),Monthly GVI Floating hose,,,,14/04/2023 16:05,14/04/2023 17:20,1.25,Planned Maint.,Floating Hose,Closed,,,SPM_Offshore,DPR 2264,2023-04 (Apr),P2 - Medium,,April,2023
14/04/2023 16:05,WO0344,SPM-ME-BD-01,SPM Mooring Bridle,GVI &amp; Grease Mooring bridle.,,,,14/04/2023 16:05,14/04/2023 17:20,1.25,Planned Maint.,Lubrication System,Closed,,,SPM_Offshore,DPR 2264,2023-04 (Apr),P2 - Medium,,April,2023
14/04/2023 16:05,WO0346,SPM-AE-BY-02,CALM Buoy - CO760,Quarterly GVI of MBC,,,,14/04/2023 16:05,14/04/2023 17:20,1.25,Planned Maint.,MBC,Closed,,,SPM_Offshore,DPR 2264,2023-04 (Apr),P2 - Medium,,April,2023
14/04/2023 16:05,WO0343,SPM-AE-BY-02,CALM Buoy - CO760,Bi-weekly Rotate SPM2 Turntable,,,,14/04/2023 16:05,14/04/2023 17:20,1.25,Planned Maint.,Buoy Body,Closed,,,SPM_Offshore,DPR 2264,2023-04 (Apr),P2 - Medium,,April,2023
13/04/2023 15:30,WO0342,SPM-AE-BY-02,CALM Buoy - CO760,Recheck leak reported,,,,13/04/2023 15:30,13/04/2023 18:30,3,Planned Maint.,Buoy Body,Closed,,,SPM_Offshore,DPR 2263,2023-04 (Apr),P2 - Medium,,April,2023
13/04/2023 15:30,WO0341,SPM-AE-BY-02,CALM Buoy - CO760,Weekly freeboard checks,,,,13/04/2023 15:30,13/04/2023 18:30,3,Planned Maint.,Buoy Body,Closed,,,SPM_Offshore,DPR 2263,2023-04 (Apr),P2 - Medium,,April,2023
13/04/2023 15:30,WO0340,SPM-AE-BY-02,CALM Buoy - CO760,Monthly SPM2 Soundings,,,,13/04/2023 15:30,13/04/2023 18:30,3,Planned Maint.,Buoy Body,Closed,,,SPM_Offshore,DPR 2263,2023-04 (Apr),P2 - Medium,,April,2023
13/04/2023 15:30,WO0339,SPM-AE-BY-02,CALM Buoy - CO760,Weekly greasing of Main bearing and Centre pipe bearing,,,,13/04/2023 15:30,13/04/2023 18:30,3,Planned Maint.,Buoy Body,Closed,,,SPM_Offshore,DPR 2263,2023-04 (Apr),P2 - Medium,,April,2023
12/04/2023 22:47,WO0338,ABB,CMB System for Planned Maint.,Check mooring lines secured on mooring buoy hooks after MT berthing completed,,12/04/2023,,12/04/2023 22:47,12/04/2023 23:00,0.216666667,Inspection,Mooring System,Closed,,,ABB_Offshore,DPR 2262,2023-04 (Apr),P2 - Medium,,April,2023
12/04/2023 22:20,WO0337,ABB-FT-HS-01,ABB Submarine Hose Assembly,GVI Cargo hose after connection,,,,12/04/2023 22:20,12/04/2023 22:37,0.283333333,Planned Maint.,Submarine Hose,Closed,,,ABB_Offshore,DPR 2262,2023-04 (Apr),P2 - Medium,,April,2023
12/04/2023 16:12,WO0335,ABB-FT-HS-01,ABB Submarine Hose Assembly,GVI Cargo hose,,,,12/04/2023 16:12,12/04/2023 16:43,0.516666667,Planned Maint.,Submarine Hose,Closed,,,ABB_Offshore,DPR 2262,2023-04 (Apr),P2 - Medium,,April,2023
12/04/2023 16:12,WO0336,ABB,CMB System for Planned Maint.,Pre-Berthing checks UKP Bush checks & lubrication,,,,12/04/2023 16:12,12/04/2023 19:00,2.8,Planned Maint.,Lubrication System,Closed,,,ABB_Offshore,DPR 2262,2023-04 (Apr),P2 - Medium,,April,2023
11/04/2023 14:25,WO0334,SPM-FT-HS-01,SPM Hose String Assembly (Floating/Submarine),Checks on subsea hoses of the SPM,,11/04/2023,,11/04/2023 14:25,11/04/2023 14:43,0.3,Inspection,Submarine Hose,Closed,,,SPM_Offshore,DPR 2261,2023-04 (Apr),P2 - Medium,,April,2023
10/04/2023 20:42,WO0333,ABB-FT-V-1803,ABB PLEM Valve,Clean off marine growth on the PLEM,,,,10/04/2023 20:42,10/04/2023 21:10,0.466666667,Planned Corrective Maint.,PLEM Piping and Structure,Closed,Aquatic Exposure,Removed,ABB_Offshore,DPR 2260,2023-04 (Apr),P2 - Medium,,April,2023
10/04/2023 20:42,WO0332,ABB-FT-HS-01,ABB Submarine Hose Assembly,Checks on the hose string leading up to the tanker,,10/04/2023,,10/04/2023 20:42,10/04/2023 21:10,0.466666667,Inspection,Submarine Hose,Closed,,,ABB_Offshore,DPR 2260,2023-04 (Apr),P2 - Medium,,April,2023
10/04/2023 15:45,WO0331,ABB,CMB System for Planned Maint.,ABB Pre-Berthing Checks,,10/04/2023,,10/04/2023 15:45,10/04/2023 17:25,1.666666667,Inspection,Mooring System,Closed,,,ABB_Offshore,DPR 2260,2023-04 (Apr),P1 - High,,April,2023
08/04/2023 17:00,WO0330,ABB,CMB System for Planned Maint.,Monthly Cleaning of all buoys.,,,,08/04/2023 17:00,08/04/2023 18:05,1.083333333,Planned Maint.,Buoy Body,Closed,,,ABB_Offshore,DPR 2258,2023-04 (Apr),P2 - Medium,,April,2023
08/04/2023 15:50,WO0329,SPM-AE-BY-02,CALM Buoy - CO760,"Checks around Tanker, Buoy & Floating Hose",,08/04/2023,,08/04/2023 15:50,08/04/2023 18:25,2.583333333,Inspection,Buoy Body,Closed,,,SPM_Offshore,DPR 2258,2023-04 (Apr),P2 - Medium,,April,2023
07/04/2023 17:55,WO0328,SPM-FT-BY-02,CALM Buoy - CO760 Cargo transfer System,CALM buoy pre-berthing checks,,07/04/2023,,07/04/2023 17:55,07/04/2023 18:30,0.583333333,Inspection,Buoy Body,Closed,,,SPM_Offshore,DPR 2257,2023-04 (Apr),P2 - Medium,,April,2023
07/04/2023 16:57,WO0327,ABB,CMB System for Planned Maint.,"Yearly Chain wear CVI of Alpha, Bravo, Charlie & Delta buoy chains at the
touchdown positions.",,,,07/04/2023 16:57,07/04/2023 17:46,0.816666667,Planned Maint.,Anchoring System,Closed,,,ABB_Offshore,DPR 2257,2023-04 (Apr),P2 - Medium,,April,2023
07/04/2023 15:30,WO0326,ABB/SPM_Onshore,Onshore ABB_SPM System for Planned Maintenance,Weekly Servitude Walks,,,,07/04/2023 15:30,07/04/2023 17:30,2,Planned Maint.,Piping,Closed,,,ABB_SPM_Onshore,,2023-04 (Apr),P2 - Medium,,April,2023
06/04/2023 13:40,WO0325,SPM-FT-PV-01,SPM PLEM,"Subsea checks on the PLEM, jumper hoses and hose string on seabed",,06/04/2023,,06/04/2023 13:40,06/04/2023 14:08,0.466666667,Inspection,PLEM Piping and Structure,Closed,,,SPM_Offshore,DPR 2256,2023-04 (Apr),P2 - Medium,,April,2023
05/04/2023 19:21,WO0324,ABB-FT-PL-18,"ABB Offshore/Onshore Pipeline - 18""",ABB – Bi-annual PLEM to shore pipeline inspection,,,,05/04/2023 19:21,05/04/2023 20:14,0.883333333,Planned Maint.,Piping,Closed,,,ABB_Offshore,DPR 2255,2023-04 (Apr),P2 - Medium,,April,2023
05/04/2023 17:40,WO0323,SPM-FT-HS-01,SPM Hose String Assembly (Floating/Submarine),Checks on the SPM subsea hoses,,,,05/04/2023 17:40,05/04/2023 17:55,0.25,Planned Maint.,Submarine Hose,Closed,,,SPM_Offshore,DPR 2255,2023-04 (Apr),P2 - Medium,,April,2023
05/04/2023 17:20,WO0322,SPM-FT-HS-01,SPM Hose String Assembly (Floating/Submarine),"Snubbing chains & hose end pickup wire installed onto TRH. Checks completed on
the TRH",,,,05/04/2023 17:20,05/04/2023 17:25,0.083333333,Planned Maint.,Floating Hose,Closed,,,SPM_Offshore,DPR 2255,2023-04 (Apr),P2 - Medium,,April,2023
05/04/2023 16:10,WO0321,SPM-FT-HS-01,SPM Hose String Assembly (Floating/Submarine),Monthly cleaning of  with floating hose cavi,,,,05/04/2023 16:10,05/04/2023 17:00,0.833333333,Planned Maint.,Floating Hose,Closed,,,SPM_Offshore,DPR 2255,2023-04 (Apr),P2 - Medium,,April,2023
05/04/2023 14:45,WO0320,SPM-ME-HW-02,SPM Mooring Hawser,Installation of the mooring hawser onto the mooring deck of the buoy.,,05/04/2023,,05/04/2023 14:45,05/04/2023 15:50,1.083333333,Inspection,Mooring System,Closed,,,SPM_Offshore,DPR 2255,2023-04 (Apr),P2 - Medium,,April,2023
04/04/2023 17:15,WO0319,SPM-FT-HS-01,SPM Hose String Assembly (Floating/Submarine),Monthly SPM floating hose GVI,,,,04/04/2023 17:15,04/04/2023 17:40,0.416666667,Planned Maint.,Floating Hose,Closed,,,SPM_Offshore,DPR 2254,2023-04 (Apr),P2 - Medium,,April,2023
03/04/2023 22:34,WO0318,ABB,CMB System for Planned Maint.,Checks on all mooring lines on all hooks,,03/04/2023,,03/04/2023 22:34,03/04/2023 23:10,0.6,Inspection,Mooring System,Closed,,,ABB_Offshore,DPR 2253,2023-04 (Apr),P2 - Medium,,April,2023
03/04/2023 22:06,WO0317,ABB-FT-HS-01,ABB Submarine Hose Assembly,ABB 18” Checks on the hose string leading up to the tanker,,03/04/2023,,03/04/2023 22:06,03/04/2023 22:24,0.3,Inspection,Submarine Hose,Closed,,,ABB_Offshore,DPR 2253,2023-04 (Apr),P2 - Medium,,April,2023
03/04/2023 17:15,WO0316,ABB-CP-01,ABB Cathodic Protection System - Offshore,Monthly checks on anodes on pipeline,,,,03/04/2023 17:15,03/04/2023 17:41,0.433333333,Planned Maint.,Cathodic Protection,Closed,,,ABB_Offshore,DPR 2253,2023-04 (Apr),P2 - Medium,,April,2023
03/04/2023 17:15,WO0315,ABB-FT-V-1803,ABB PLEM Valve,"Pre-berthing checks on PLEM, jumper hoses,  & hose string on seabed",,03/04/2023,,03/04/2023 17:15,03/04/2023 19:30,2.25,Inspection,PLEM Piping and Structure,Closed,,,ABB_Offshore,DPR 2253,2023-04 (Apr),P1 - High,,April,2023
02/04/2023 16:15,WO0314,ABB-FT-PL-18,"ABB Offshore/Onshore Pipeline - 18""",ABB – Bi-annual PLEM to shore pipeline inspection,,,,02/04/2023 16:15,05/04/2023 20:14,75.98333333,Planned Maint.,Piping,Closed,,,ABB_Offshore,DPR 2252/2255,2023-04 (Apr),P2 - Medium,,April,2023
02/04/2023 14:52,WO0313,SPM-FT-HS-01,SPM Hose String Assembly (Floating/Submarine),Photographic survey of SSH Floatation collars,,,,02/04/2023 14:52,02/04/2023 15:04,0.2,Planned Maint.,Floating Hose,Closed,,,SPM_Offshore,DPR 2252,2023-04 (Apr),P2 - Medium,,April,2023
01/04/2023 19:09,WO0312,MATHEEW BUOY,Buoy for SW10/Atlantis,3- Monthly Matthew buoy GVI with photography,,,,01/04/2023 19:09,01/04/2023 19:21,0.2,Planned Maint.,Buoy Body,Closed,,,ABB_Offshore,DPR 2251,2023-04 (Apr),P2 - Medium,,April,2023
01/04/2023 18:07,WO0311,ABB-FT-HS-01,ABB Submarine Hose Assembly,Checks on the hose string leading up to the tanker,,01/04/2023,,01/04/2023 18:07,01/04/2023 18:25,0.3,Inspection,Submarine Hose,Closed,,,ABB_Offshore,DPR 2251,2023-04 (Apr),P2 - Medium,,April,2023
01/04/2023 14:20,WO0310,ABB,CMB System for Planned Maint.,ABB Pre-Berthing Checks,,01/04/2023,,01/04/2023 14:20,01/04/2023 15:10,0.833333333,Inspection,Mooring System,Closed,,,ABB_Offshore,DPR 2251,2023-04 (Apr),P2 - Medium,,April,2023
31/03/2023 16:00,WO0309,Oil-Jetty,Oil Jetty System for Planned Maintenance,Bi-weekly Servitude Walk/Pipeline Inspection,,,,31/03/2023 16:00,31/03/2023 18:00,2,Planned Maint.,Piping,Closed,,,Oil_Jetty,,2023-03 (Mar),P2 - Medium,,March,2023
31/03/2023 13:38,WO0308,ABB-FT-V-1803,ABB PLEM Valve,"Subsea pre-berthing checks on the PLEM, jumper hoses & hose string on seabed",,31/03/2023,,31/03/2023 13:38,31/03/2023 15:30,1.866666667,Inspection,PLEM Piping and Structure,Closed,,,ABB_Offshore,DPR 2250,2023-03 (Mar),P2 - Medium,,March,2023
30/03/2023 19:30,WO0307,ABB,CMB System for Planned Maint.,Checks on all mooring line connection to buoys,,,,30/03/2023 19:30,30/03/2023 20:30,1,Planned Maint.,Mooring System,Closed,,,ABB_Offshore,DPR 2249,2023-03 (Mar),P2 - Medium,,March,2023
30/03/2023 19:02,WO0306,ABB-FT-HS-01,ABB Submarine Hose Assembly,Checks on the hose string leading up to the tanker,,30/03/2023,,30/03/2023 19:02,30/03/2023 19:18,0.266666667,Inspection,Submarine Hose,Closed,,,ABB_Offshore,DPR 2249,2023-03 (Mar),P2 - Medium,,March,2023
30/03/2023 15:30,WO0305,ABB/SPM_Onshore,Onshore ABB_SPM System for Planned Maintenance,Weekly Servitude Walks,,,,30/03/2023 15:30,30/03/2023 17:30,2,Planned Maint.,Piping,Closed,,,ABB_SPM_Onshore,,2023-03 (Mar),P2 - Medium,,March,2023
30/03/2023 15:30,WO0304,ABB/SPM_Onshore,Onshore ABB_SPM System for Planned Maintenance,Monthly Servitude Clearance,,,,30/03/2023 15:30,30/03/2023 18:30,3,Planned Maint.,Piping,Closed,,,ABB_SPM_Onshore,,2023-03 (Mar),P2 - Medium,,March,2023
30/03/2023 14:00,WO0303,ABB-FT-V-1803,ABB PLEM Valve,"Subsea pre-berthing checks on PLEM, jumper hoses & hose string on seabed",,30/03/2023,,30/03/2023 14:00,30/03/2023 15:50,1.833333333,Inspection,PLEM Piping and Structure,Closed,,,ABB_Offshore,DPR 2249,2023-03 (Mar),P2 - Medium,,March,2023
29/03/2023 16:32,WO0302,SPM-FT-HS-01,SPM Hose String Assembly (Floating/Submarine),Clean off marine growth on the SPM flanges & flotation collars,,,,29/03/2023 16:32,29/03/2023 18:40,2.133333333,Planned Corrective Maint.,Submarine Hose,Closed,Aquatic Exposure,Removed,SPM_Offshore,DPR 2248,2023-03 (Mar),P2 - Medium,,March,2023
29/03/2023 15:53,WO0300,SPM-FT-PV-01,SPM PLEM,Rotate the SPM PLEM valves,,,,29/03/2023 15:53,29/03/2023 16:24,0.516666667,Planned Maint.,PLEM Piping and Structure,Closed,,,SPM_Offshore,DPR 2248,2023-03 (Mar),P2 - Medium,,March,2023
29/03/2023 15:53,WO0301,SPM-FT-PV-01,SPM PLEM,Clean off marine growth on SPM PLEM & flotation collars,,,,29/03/2023 15:53,29/03/2023 16:24,0.516666667,Planned Corrective Maint.,PLEM Piping and Structure,Closed,Aquatic Exposure,Removed,SPM_Offshore,DPR 2248,2023-03 (Mar),P2 - Medium,,March,2023
29/03/2023 15:07,WO0299,SPM-CP-01,SPM Cathodic Protection System - Offshore,"6-Monthly CP (Cathodic Potential) CVI of survey subsea hose flanges & floatation
collars.",,,,29/03/2023 15:07,29/03/2023 15:39,0.533333333,Planned Maint.,Submarine Hose,Closed,,,SPM_Offshore,DPR 2248,2023-03 (Mar),P2 - Medium,,March,2023
28/03/2023 20:20,WO0298,ABB,CMB System for Planned Maint.,Checks on all mooring lines onto buoy hooks.,,28/03/2023,,28/03/2023 20:20,28/03/2023 21:00,0.666666667,Inspection,Mooring System,Closed,,,ABB_Offshore,DPR 2247,2023-03 (Mar),P2 - Medium,,March,2023
28/03/2023 19:41,WO0297,ABB-FT-V-1803,ABB PLEM Valve,Clean off marine growth on the PLEM,,,,28/03/2023 19:41,28/03/2023 20:12,0.516666667,Planned Corrective Maint.,PLEM Piping and Structure,Closed,Aquatic Exposure,Removed,ABB_Offshore,DPR 2247,2023-03 (Mar),P2 - Medium,,March,2023
28/03/2023 19:41,WO0296,ABB-FT-HS-01,ABB Submarine Hose Assembly,Checks of the hose string leading up to the tanker,,28/03/2023,,28/03/2023 19:41,28/03/2023 20:12,0.516666667,Inspection,Submarine Hose,Closed,,,ABB_Offshore,DPR 2247,2023-03 (Mar),P2 - Medium,,March,2023
28/03/2023 14:15,WO0295,ABB,CMB System for Planned Maint.,ABB Pre-Berthing Checks,,28/03/2023,,28/03/2023 14:15,28/03/2023 14:50,0.583333333,Inspection,Mooring System,Closed,,,ABB_Offshore,DPR 2247,2023-03 (Mar),P1 - High,,March,2023
27/03/2023 14:18,WO0294,ABB-FT-V-1803,ABB PLEM Valve,"Pre-berthing subsea checks on PLEM, jumper hoses and hose string on seabed.",,,,27/03/2023 14:18,27/03/2023 14:53,0.583333333,Planned Maint.,PLEM Piping and Structure,Closed,,,ABB_Offshore,DPR 2246,2023-03 (Mar),P2 - Medium,,March,2023
26/03/2023 15:51,WO0293,SPM-AE-BY-02,CALM Buoy - CO760,"GVI of the chain #1, #2, #6 to the anchors. GVI of the chain #3 to the gravity
bases",,,,26/03/2023 15:51,26/03/2023 17:33,1.7,Planned Maint.,Anchoring System,Closed,,,SPM_Offshore,DPR 2245,2023-03 (Mar),P2 - Medium,,March,2023
26/03/2023 15:15,WO0292,SPM-CP-01,SPM Cathodic Protection System - Offshore,Photographic survey of the anodes the centre well,,,,26/03/2023 15:15,26/03/2023 15:42,0.45,Planned Maint.,Cathodic Protection,Closed,,,SPM_Offshore,DPR 2245,2023-03 (Mar),P2 - Medium,,March,2023
25/03/2023 17:34,WO0291,ABB-FT-HS-01,ABB Submarine Hose Assembly,Checks on the hose string leading up to the tanker,,25/03/2023,,25/03/2023 17:34,25/03/2023 17:50,0.266666667,Inspection,Submarine Hose,Closed,,,ABB_Offshore,DPR 2244,2023-03 (Mar),P2 - Medium,,March,2023
25/03/2023 14:20,WO0290,ABB,CMB System for Planned Maint.,ABB Pre-Berthing Checks,,25/03/2023,,25/03/2023 14:20,25/03/2023 15:00,0.666666667,Inspection,Mooring System,Closed,,,ABB_Offshore,DPR 2244,2023-03 (Mar),P1 - High,,March,2023
24/03/2023 22:00,WO0289,MATHEEW BUOY,Buoy for SW10/Atlantis,"3-Monthly Matthew buoy , all connections &amp; chain cleaned with Cavi.",,,,24/03/2023 22:00,24/03/2023 22:45,0.75,Planned Maint.,Buoy Body,Closed,,,ABB_Offshore,DPR 2243,2023-03 (Mar),P2 - Medium,,March,2023
24/03/2023 19:01,WO0288,ABB,CMB System for Planned Maint.,Weekly Draft/freeboard checks,,,,24/03/2023 19:01,24/03/2023 19:52,0.85,Planned Maint.,Buoy Body,Closed,,,ABB_Offshore,DPR 2243,2023-03 (Mar),P2 - Medium,,March,2023
24/03/2023 19:01,WO0287,ABB,CMB System for Planned Maint.,Monthly all buoys decks washed.,,,,24/03/2023 19:01,24/03/2023 19:52,0.85,Planned Maint.,Buoy Body,Closed,,,ABB_Offshore,DPR 2243,2023-03 (Mar),P2 - Medium,,March,2023
24/03/2023 17:36,WO0286,ABB-FT-V-1803,ABB PLEM Valve,"Pre-berthing checks on the PLEM, jumper hoses, hose & hose string on seabed",,24/03/2023,,24/03/2023 17:36,24/03/2023 19:52,2.266666667,Inspection,PLEM Piping and Structure,Closed,,,ABB_Offshore,DPR 2243,2023-03 (Mar),P2 - Medium,,March,2023
23/03/2023 18:10,WO0285,SPM-AE-BY-02,CALM Buoy - CO760,Weekly Complete lubrication of the MRB & CS.,,,,23/03/2023 18:10,23/03/2023 18:45,0.583333333,Planned Maint.,Lubrication System,Closed,,,SPM_Offshore,DPR 2242,2023-03 (Mar),P2 - Medium,,March,2023
23/03/2023 17:11,WO0284,ABB-CP-01,ABB Cathodic Protection System - Offshore,Photographic survey of the Stinger box anodes,,,,23/03/2023 17:11,23/03/2023 17:29,0.3,Planned Maint.,Mooring System,Closed,,,ABB_Offshore,DPR 2242,2023-03 (Mar),P2 - Medium,,March,2023
23/03/2023 16:04,WO0283,SPM-AE-BY-02,CALM Buoy - CO760,"GVI CALM buoy #4, #5 chain to gravity block",,,,23/03/2023 16:04,23/03/2023 16:46,0.7,Planned Maint.,Buoy Body,Closed,,,SPM_Offshore,DPR 2242,2023-03 (Mar),P2 - Medium,,March,2023
23/03/2023 15:30,WO0282,ABB/SPM_Onshore,Onshore ABB_SPM System for Planned Maintenance,Monthly Onshore CP reading and TP/CB structure  inspection,,,,23/03/2023 15:30,23/03/2023 17:30,2,Planned Maint.,Cathodic Protection,Closed,,,ABB_SPM_Onshore,,2023-03 (Mar),P2 - Medium,,March,2023
23/03/2023 15:00,WO0280,SPM-CP-01,SPM Cathodic Protection System - Offshore,6- Monthly CP CVI of the CALM buoy subsea.,,,,23/03/2023 15:00,23/03/2023 15:52,0.866666667,Planned Maint.,Buoy Body,Closed,,,SPM_Offshore,DPR 2242,2023-03 (Mar),P2 - Medium,,March,2023
23/03/2023 15:00,WO0281,SPM-AE-BY-02,CALM Buoy - CO760,Remove fishing net from the buoy & chains.,,,,23/03/2023 15:00,23/03/2023 15:52,0.866666667,Planned Corrective Maint.,Buoy Body,Closed,Marine Fouling / Foreign Object,Removed,SPM_Offshore,DPR 2242,2023-03 (Mar),P2 - Medium,,March,2023
21/03/2023 21:08,WO0279,ABB,CMB System for Planned Maint.,Checks on all mooring buoy & lines,,21/03/2023,,21/03/2023 21:08,21/03/2023 22:00,0.866666667,Inspection,Mooring System,Closed,,,ABB_Offshore,DPR 2240,2023-03 (Mar),P2 - Medium,,March,2023
21/03/2023 20:39,WO0278,ABB-FT-HS-01,ABB Submarine Hose Assembly,Checks on the hose string leading up to the tanker,,21/03/2023,,21/03/2023 20:39,21/03/2023 20:57,0.3,Inspection,Submarine Hose,Closed,,,ABB_Offshore,DPR 2240,2023-03 (Mar),P2 - Medium,,March,2023
21/03/2023 14:29,WO0277,ABB-FT-HS-01,ABB Submarine Hose Assembly,Check lay of the hose string on seabed.,,21/03/2023,,21/03/2023 14:29,21/03/2023 14:56,0.45,Inspection,Submarine Hose,Closed,,,ABB_Offshore,DPR 2240,2023-03 (Mar),P2 - Medium,,March,2023
21/03/2023 13:48,WO0276,ABB-FT-V-1803,ABB PLEM Valve,"Pre-berthing checks on the PLEM, Jumper hoses and anodes on Jumper Pipeline",,21/03/2023,,21/03/2023 13:48,21/03/2023 16:10,2.366666667,Inspection,Mooring System,Closed,,,ABB_Offshore,DPR 2240,2023-03 (Mar),P1 - High,,March,2023
19/03/2023 18:30,WO0275,SPM-AE-BY-02,CALM Buoy - CO760,Weekly checks & clean the solar panels,,,,19/03/2023 18:30,19/03/2023 19:30,1,Planned Maint.,NavAids & Power,Closed,,,SPM_Offshore,DPR 2238,2023-03 (Mar),P2 - Medium,,March,2023
19/03/2023 18:30,WO0274,SPM-FT-HS-01,SPM Hose String Assembly (Floating/Submarine),Monthly General checks around floating hose,,19/03/2023,,19/03/2023 18:30,19/03/2023 19:30,1,Inspection,Floating Hose,Closed,,,SPM_Offshore,DPR 2238,2023-03 (Mar),P2 - Medium,,March,2023
19/03/2023 18:30,WO0273,SPM-AE-BY-02,CALM Buoy - CO760,SPM general checks around buoy,,19/03/2023,,19/03/2023 18:30,19/03/2023 19:30,1,Inspection,Buoy Body,Closed,,,SPM_Offshore,DPR 2238,2023-03 (Mar),P2 - Medium,,March,2023
19/03/2023 14:46,WO0272,ABB,CMB System for Planned Maint.,Conduct yearly GVI of the ABB buoy anchoring position anchors,,,,19/03/2023 14:46,19/03/2023 16:28,1.7,Planned Maint.,Buoy Body,Closed,,,ABB_Offshore,DPR 2238,2023-03 (Mar),P2 - Medium,,March,2023
18/03/2023 21:18,WO0271,ABB,CMB System for Planned Maint.,Checks on all mooring lines on buoy hooks,,18/03/2023,,18/03/2023 21:18,18/03/2023 21:50,0.533333333,Inspection,Mooring System,Closed,,,ABB_Offshore,DPR 2237,2023-03 (Mar),P2 - Medium,,March,2023
18/03/2023 20:38,WO0269,ABB-CP-01,ABB Cathodic Protection System - Offshore,Photography of the new installed anodes on the jumper pipeline,,,,18/03/2023 20:38,18/03/2023 21:08,0.5,Planned Maint.,Cathodic Protection,Closed,,,ABB_Offshore,DPR 2237,2023-03 (Mar),P2 - Medium,,March,2023
18/03/2023 20:38,WO0270,ABB-FT-HS-01,ABB Submarine Hose Assembly,Checks of the hose string leading up to the tanker,,18/03/2023,,18/03/2023 20:38,18/03/2023 21:08,0.5,Inspection,Submarine Hose,Closed,,,ABB_Offshore,DPR 2237,2023-03 (Mar),P2 - Medium,,March,2023
18/03/2023 16:46,WO0268,ABB-ME-BY-04,ABB Charlie Buoy,Remove fishing net from Charlie buoy,,,,18/03/2023 16:46,18/03/2023 17:11,0.416666667,Planned Corrective Maint.,Buoy Body,Closed,Marine Fouling / Foreign Object,Removed,ABB_Offshore,DPR 2237,2023-03 (Mar),P2 - Medium,,March,2023
18/03/2023 16:07,WO0265,ABB,CMB System for Planned Maint.,"Conduct monthly  GVI of the ABB buoys subsea LKP, linkages, chain & touchdown
positions",,,,18/03/2023 16:07,18/03/2023 18:10,2.05,Planned Maint.,Buoy Body,Closed,,,ABB_Offshore,DPR 2237,2023-03 (Mar),P2 - Medium,,March,2023
18/03/2023 16:07,WO0266,ABB-ME-BY-05,ABB Alpha Buoy,Remove fishing net from Alpha buoy,,,,18/03/2023 16:07,18/03/2023 16:36,0.483333333,Planned Corrective Maint.,Buoy Body,Closed,Marine Fouling / Foreign Object,Removed,ABB_Offshore,DPR 2237,2023-03 (Mar),P2 - Medium,,March,2023
18/03/2023 16:07,WO0267,ABB,CMB System for Planned Maint.,ABB Pre-Berthing Checks,,18/03/2023,,18/03/2023 16:07,18/03/2023 17:35,1.466666667,Inspection,Mooring System,Closed,,,ABB_Offshore,DPR 2237,2023-03 (Mar),P1 - High,,March,2023
18/03/2023 15:30,WO0264,ABB/SPM_Onshore,Onshore ABB_SPM System for Planned Maintenance,Bi-Annual Inspection Lifting Equipment,,,,18/03/2023 15:30,18/03/2023 17:30,2,Planned Maint.,Hoisting & Lifting,Closed,,,ABB_SPM_Onshore,,2023-03 (Mar),P2 - Medium,,March,2023
17/03/2023 21:14,WO0263,SPM-CP-01,SPM Cathodic Protection System - Offshore,Photography of the new installed anodes on the jumper pipeline,,,,17/03/2023 21:14,17/03/2023 21:45,0.516666667,Planned Maint.,Cathodic Protection,Closed,,,SPM_Offshore,DPR 2236,2023-03 (Mar),P2 - Medium,,March,2023
17/03/2023 21:14,WO0262,SPM-FT-PV-01,SPM PLEM,"6-Monthly checks on PLEM, jumper hoses & hose string on seabed",,,,17/03/2023 21:14,17/03/2023 21:45,0.516666667,Planned Maint.,PLEM Piping and Structure,Closed,,,SPM_Offshore,DPR 2236,2023-03 (Mar),P2 - Medium,,March,2023
17/03/2023 16:00,WO0261,SPM-ME-BD-01,SPM Mooring Bridle,Monthly wear checks on the mooring deck bridle system,,,,17/03/2023 16:00,17/03/2023 17:50,1.833333333,Planned Maint.,Mooring System,Closed,,,SPM_Offshore,DPR 2236,2023-03 (Mar),P2 - Medium,,March,2023
17/03/2023 16:00,WO0260,SPM-AE-BY-02,CALM Buoy - CO760,Lubrication of the MRB & CS,,,,17/03/2023 16:00,17/03/2023 17:50,1.833333333,Planned Maint.,Lubrication System,Closed,,,SPM_Offshore,DPR 2236,2023-03 (Mar),P2 - Medium,,March,2023
17/03/2023 16:00,WO0259,SPM-AE-BY-02,CALM Buoy - CO760,Monthly Soundings Checks,,,,17/03/2023 16:00,17/03/2023 17:50,1.833333333,Planned Maint.,Buoy Body,Closed,,,SPM_Offshore,DPR 2236,2023-03 (Mar),P2 - Medium,,March,2023
17/03/2023 15:26,WO0258,SPM-FT-HS-01,SPM Hose String Assembly (Floating/Submarine),Conduct Monthly GVI of the SPM floating hose,,,,17/03/2023 15:26,17/03/2023 15:44,0.3,Planned Maint.,Floating Hose,Closed,,,SPM_Offshore,DPR 2236,2023-03 (Mar),P2 - Medium,,March,2023
16/03/2023 18:08,WO0257,SPM-FT-HS-01,SPM Hose String Assembly (Floating/Submarine),Clean off marine growth on the SPM Subsea Hose Floatation Collars,,,,16/03/2023 18:08,16/03/2023 21:11,3.05,Planned Corrective Maint.,Submarine Hose,Closed,Aquatic Exposure,Removed,SPM_Offshore,DPR 2235,2023-03 (Mar),P2 - Medium,,March,2023
16/03/2023 17:24,WO0256,ABB-FT-V-1803,ABB PLEM Valve,Conduct 6-Monthly CP survey on the ABB jumper pipeline between the Stinger Box & the PLEM,,,,16/03/2023 17:24,16/03/2023 17:44,0.333333333,Planned Maint.,Submarine Hose,Closed,,,ABB_Offshore,DPR 2235,2023-03 (Mar),P2 - Medium,,March,2023
15/03/2023 19:43,WO0255,ABB,CMB System for Planned Maint.,All mooring line checks on all buoys,,15/03/2023,,15/03/2023 19:43,15/03/2023 20:00,0.283333333,Inspection,Mooring System,Closed,,,ABB_Offshore,DPR 2234,2023-03 (Mar),P2 - Medium,,March,2023
15/03/2023 19:30,WO0254,ABB-FT-V-1803,ABB PLEM Valve,Clean off marine growth on the PLEM,,,,15/03/2023 19:30,15/03/2023 20:53,1.383333333,Planned Corrective Maint.,PLEM Piping and Structure,Closed,Aquatic Exposure,Removed,ABB_Offshore,DPR 2234,2023-03 (Mar),P2 - Medium,,March,2023
15/03/2023 18:53,WO0253,ABB-FT-HS-01,ABB Submarine Hose Assembly,Checks on the hose string leading up to the tanker,,15/03/2023,,15/03/2023 18:53,15/03/2023 19:30,0.616666667,Inspection,Submarine Hose,Closed,,,ABB_Offshore,DPR 2234,2023-03 (Mar),P2 - Medium,,March,2023
15/03/2023 16:00,WO0252,Oil-Jetty,Oil Jetty System for Planned Maintenance,Monthly GVI of Sump and Sump Pipeline,,,,15/03/2023 16:00,15/03/2023 18:00,2,Planned Maint.,Piping,Closed,,,Oil_Jetty,,2023-03 (Mar),P2 - Medium,,March,2023
15/03/2023 15:30,WO0251,Oil-Jetty,Oil Jetty System for Planned Maintenance,Monthly Pressure Safety Devices Valve Maintenance,,,,15/03/2023 15:30,15/03/2023 17:30,2,Planned Maint.,Valve,Closed,,,Oil_Jetty,,2023-03 (Mar),P2 - Medium,,March,2023
15/03/2023 15:30,WO0250,Oil-Jetty,Oil Jetty System for Planned Maintenance,Monthly Gate Valve Maintenance,,,,15/03/2023 15:30,15/03/2023 17:30,2,Planned Maint.,Valve,Closed,,,Oil_Jetty,,2023-03 (Mar),P2 - Medium,,March,2023
15/03/2023 15:00,WO0249,Oil-Jetty,Oil Jetty System for Planned Maintenance,Monthly Ball Valves Maintenance,,,,15/03/2023 15:00,15/03/2023 17:00,2,Planned Maint.,Valve,Closed,,,Oil_Jetty,,2023-03 (Mar),P2 - Medium,,March,2023
15/03/2023 13:37,WO0248,ABB-FT-V-1803,ABB PLEM Valve,"Pre-berthing checks on PLEM, jumper hoses, stinger box & hose string n seabed",,,,15/03/2023 13:37,15/03/2023 15:40,2.05,Planned Maint.,PLEM Piping and Structure,Closed,,,ABB_Offshore,DPR 2234,2023-03 (Mar),P2 - Medium,,March,2023
14/03/2023 19:43,WO0247,SPM-AE-BY-02,CALM Buoy - CO760,Cleaning of SSH floatation collar.,,,,14/03/2023 19:43,14/03/2023 21:06,1.383333333,Planned Maint.,Buoy Body,Closed,,,SPM_Offshore,DPR 2233,2023-03 (Mar),P2 - Medium,,March,2023
14/03/2023 18:52,WO0246,SPM-AE-BY-02,CALM Buoy - CO760,SPM SSH GVI,,,,14/03/2023 18:52,14/03/2023 19:22,0.5,Planned Maint.,Buoy Body,Closed,,,SPM_Offshore,DPR 2233,2023-03 (Mar),P2 - Medium,,March,2023
14/03/2023 16:53,WO0245,SPM-AE-BY-02,CALM Buoy - CO760,SPM chain angles,,,,14/03/2023 16:53,14/03/2023 17:52,0.983333333,Planned Maint.,Anchoring System,Closed,,,SPM_Offshore,DPR 2233,2023-03 (Mar),P2 - Medium,,March,2023
14/03/2023 15:26,WO0244,ABB,CMB System for Planned Maint.,"Yearly UT measurements of the jumper pipeline & anode installation field joint
positions.",,,,14/03/2023 15:26,14/03/2023 16:08,0.7,Planned Maint.,PLEM Piping and Structure,Closed,,,ABB_Offshore,DPR 2233,2023-03 (Mar),P2 - Medium,,March,2023
13/03/2023 21:39,WO0243,ABB,CMB System for Planned Maint.,Replace new Cecil buoy downline at the Stinger Box position.,,,,13/03/2023 21:39,13/03/2023 21:55,0.266666667,Planned Maint.,Buoy Body,Closed,,,ABB_Offshore,DPR 2232,2023-03 (Mar),P2 - Medium,,March,2023
13/03/2023 20:34,WO0242,ABB-CP-01,ABB Cathodic Protection System - Offshore,Install one new anode onto the new bracket on jumper pipeline. Remove one old anode from the pipeline,,,,13/03/2023 20:34,13/03/2023 21:28,0.9,Planned Maint.,Cathodic Protection,Closed,,,ABB_Offshore,DPR 2232,2023-03 (Mar),P2 - Medium,,March,2023
13/03/2023 19:26,WO0241,ABB-FT-V-1803,ABB PLEM Valve,Remove one old anode bracket from jumper pipeline. Attach a new bracket onto the pipeline & secure.,,,,13/03/2023 19:26,13/03/2023 20:24,0.966666667,Planned Maint.,PLEM Piping and Structure,Closed,,,ABB_Offshore,DPR 2232,2023-03 (Mar),P2 - Medium,,March,2023
12/03/2023 18:53,WO0240,ABB,CMB System for Planned Maint.,Checks on the tanker mooring lines onto all mooring buoys.,,,,12/03/2023 18:53,12/03/2023 19:45,0.866666667,Planned Maint.,Mooring System,Closed,,,ABB_Offshore,DPR 2231,2023-03 (Mar),P2 - Medium,,March,2023
12/03/2023 18:06,WO0239,ABB-FT-V-1803,ABB PLEM Valve,Check the pipeline between stinger box & PLEM field joints.,,,,12/03/2023 18:06,12/03/2023 18:39,0.55,Planned Maint.,PLEM Piping and Structure,Closed,,,ABB_Offshore,DPR 2231,2023-03 (Mar),P2 - Medium,,March,2023
12/03/2023 18:06,WO0238,ABB-FT-HS-01,ABB Submarine Hose Assembly,Check lay of the hose string leading up to the tanker,,,,12/03/2023 18:06,12/03/2023 18:39,0.55,Planned Maint.,Submarine Hose,Closed,,,ABB_Offshore,DPR 2231,2023-03 (Mar),P2 - Medium,,March,2023
12/03/2023 14:10,WO0237,ABB,CMB System for Planned Maint.,ABB Pre-Berthing Checks,,,,12/03/2023 14:10,12/03/2023 14:40,0.5,Planned Maint.,Mooring System,Closed,,,ABB_Offshore,DPR 2231,2023-03 (Mar),P2 - Medium,,March,2023
12/03/2023 14:10,WO0236,ABB,CMB System for Planned Maint.,Install new Cecil buoy at the Stinger Box position.,,,,12/03/2023 14:10,12/03/2023 14:19,0.15,Planned Maint.,Buoy Body,Closed,,,ABB_Offshore,DPR 2231,2023-03 (Mar),P2 - Medium,,March,2023
11/03/2023 20:35,WO0234,SPM-FT-PV-01,SPM PLEM,"Pre-berthing checks on PLEM, jumper hoses and hose string on seabed.",,,,11/03/2023 20:35,11/03/2023 21:06,0.516666667,Planned Maint.,PLEM Piping and Structure,Closed,,,SPM_Offshore,DPR 2230,2023-03 (Mar),P2 - Medium,,March,2023
11/03/2023 20:35,WO0235,ABB,CMB System for Planned Maint.,Test fit a clamp half shell onto the pipeline between SB & PLEM,,,,11/03/2023 20:35,11/03/2023 21:06,0.516666667,Planned Maint.,PLEM Piping and Structure,Closed,,,ABB_Offshore,DPR 2230,2023-03 (Mar),P2 - Medium,,March,2023
11/03/2023 17:47,WO0233,SPM-FT-PV-01,SPM PLEM,Rotate valves on PLEM,,,,11/03/2023 17:47,11/03/2023 18:11,0.4,Planned Maint.,PLEM Piping and Structure,Closed,,,SPM_Offshore,DPR 2230,2023-03 (Mar),P2 - Medium,,March,2023
11/03/2023 16:30,WO0232,SPM-AE-BY-02,CALM Buoy - CO760,Check solar panels,,,,11/03/2023 16:30,11/03/2023 16:45,0.25,Planned Maint.,Buoy Body,Closed,,,SPM_Offshore,DPR 2230,2023-03 (Mar),P2 - Medium,,March,2023
10/03/2023 16:00,WO0231,SPM-AE-BY-02,CALM Buoy - CO760,Rotate valves  and check sizes for the missing grating in center well,,,,10/03/2023 16:00,10/03/2023 17:00,1,Planned Maint.,Valve,Closed,,,SPM_Offshore,DPR 2229,2023-03 (Mar),P2 - Medium,,March,2023
09/03/2023 20:13,WO0229,ABB-FT-HS-01,ABB Submarine Hose Assembly,Checks on the hose string leading up to the tanker,,,,09/03/2023 20:13,09/03/2023 20:37,0.4,Planned Maint.,Submarine Hose,Closed,,,ABB_Offshore,DPR 2238,2023-03 (Mar),P2 - Medium,,March,2023
09/03/2023 20:13,WO0230,ABB,CMB System for Planned Maint.,Checks on system bolt sizes,,,,09/03/2023 20:13,09/03/2023 20:37,0.4,Planned Maint.,Buoy Body,Closed,,,ABB_Offshore,DPR 2238,2023-03 (Mar),P2 - Medium,,March,2023
09/03/2023 19:22,WO0228,ABB-FT-HS-01,ABB Submarine Hose Assembly,Removed damaged downline from the Stinger Box,,,,09/03/2023 19:22,09/03/2023 19:49,0.45,Planned Maint.,PLEM Piping and Structure,Closed,,,ABB_Offshore,DPR 2238,2023-03 (Mar),P2 - Medium,,March,2023
09/03/2023 15:00,WO0227,ABB,CMB System for Planned Maint.,ABB Pre-Berthing Checks,,,,09/03/2023 15:00,09/03/2023 15:40,0.666666667,Planned Maint.,Mooring System,Closed,,,ABB_Offshore,DPR 2238,2023-03 (Mar),P2 - Medium,,March,2023
08/03/2023 19:00,WO0226,ABB-ME-BY-05,ABB Alpha Buoy,Bush changed on Alpha buoy UKP hook,,,,08/03/2023 19:00,08/03/2023 19:30,0.5,Planned Maint.,Buoy Body,Closed,,,ABB_Offshore,DPR 2227,2023-03 (Mar),P2 - Medium,,March,2023
08/03/2023 17:20,WO0225,SPM-FT-HS-01,SPM Hose String Assembly (Floating/Submarine),Rotation of the floating hose & turntable,,,,08/03/2023 17:20,08/03/2023 17:46,0.433333333,Planned Maint.,Submarine Hose,Closed,,,SPM_Offshore,DPR 2227,2023-03 (Mar),P2 - Medium,,March,2023
08/03/2023 16:50,WO0223,SPM-AE-BY-02,CALM Buoy - CO760,Complete weekly buoy lubrication of MRB & CS,,,,08/03/2023 16:50,08/03/2023 17:15,0.416666667,Planned Maint.,Lubrication System,Closed,,,SPM_Offshore,DPR 2227,2023-03 (Mar),P2 - Medium,,March,2023
08/03/2023 16:50,WO0224,SPM-FT-BY-02,CALM Buoy - CO760 Cargo transfer System,Checks on the cargo transfer system,,08/03/2023,,08/03/2023 16:50,08/03/2023 17:15,0.416666667,Inspection,Buoy Body,Closed,,,SPM_Offshore,DPR 2227,2023-03 (Mar),P2 - Medium,,March,2023
08/03/2023 16:30,WO0222,ABB/SPM_Onshore,Onshore ABB_SPM System for Planned Maintenance,Weekly Servitude Walks,,,,08/03/2023 16:30,08/03/2023 18:30,2,Planned Maint.,Piping,Closed,,,ABB_SPM_Onshore,,2023-03 (Mar),P2 - Medium,,March,2023
08/03/2023 16:30,WO0221,ABB/SPM_Onshore,Onshore ABB_SPM System for Planned Maintenance,"Monthly GVI of Manifolds, Pig Launchers/Receivers, Spool pieces",,,,08/03/2023 16:30,08/03/2023 18:30,2,Planned Maint.,Piping,Closed,,,ABB_SPM_Onshore,,2023-03 (Mar),P2 - Medium,,March,2023
08/03/2023 16:30,WO0220,ABB/SPM_Onshore,Onshore ABB_SPM System for Planned Maintenance,"Monthly Visual  inspection & Patch painting of above grd section (Gao Lagoon  &
TOR Y-Junction)",,,,08/03/2023 16:30,08/03/2023 18:30,2,Planned Maint.,Piping,Closed,,,ABB_SPM_Onshore,,2023-03 (Mar),P2 - Medium,,March,2023
08/03/2023 15:03,WO0219,ABB,CMB System for Planned Maint.,"Pre-berthing checks on the PLEM, jumper hoses & hose string on seabed.",,08/03/2023,,08/03/2023 15:03,08/03/2023 19:00,3.95,Inspection,PLEM Piping and Structure,Closed,,,ABB_Offshore,DPR 2227,2023-03 (Mar),P1 - High,,March,2023
06/03/2023 19:44,WO0218,ABB,CMB System for Planned Maint.,Checks on all mooring buoys & line connection completed,,06/03/2023,,06/03/2023 19:44,06/03/2023 20:35,0.85,Inspection,Buoy Body,Closed,,,ABB_Offshore,DPR 2225,2023-03 (Mar),P2 - Medium,,March,2023
06/03/2023 19:19,WO0217,ABB-FT-HS-01,ABB Submarine Hose Assembly,Checks of the lay of the hose string leading up to the tanker,,06/03/2023,,06/03/2023 19:19,06/03/2023 19:34,0.25,Inspection,Submarine Hose,Closed,,,ABB_Offshore,DPR 2225,2023-03 (Mar),P1 - High,,March,2023
06/03/2023 15:00,WO0216,ABB,CMB System for Planned Maint.,ABB Pre-Berthing Checks,,06/03/2023,,06/03/2023 15:00,06/03/2023 16:43,1.716666667,Inspection,Mooring System,Closed,,,ABB_Offshore,DPR 2225,2023-03 (Mar),P1 - High,,March,2023
05/03/2023 20:51,WO0215,ABB,CMB System for Planned Maint.,"Pre-berthing checks on PLEM, jumper hoses & hose string on seabed",,05/03/2023,,05/03/2023 20:51,05/03/2023 21:21,0.5,Inspection,PLEM Piping and Structure,Closed,,,ABB_Offshore,DPR  2224,2023-03 (Mar),P2 - Medium,,March,2023
04/03/2023 18:56,WO0214,SPM-FT-PV-01,SPM PLEM,Clean off marine growth on the SPM PLEM,,,,04/03/2023 18:56,04/03/2023 19:30,0.566666667,Planned Corrective Maint.,Mooring System,Closed,Aquatic Exposure,Removed,SPM_Offshore,DPR 2223,2023-03 (Mar),P2 - Medium,,March,2023
04/03/2023 18:40,WO0213,SPM-AE-BY-02,CALM Buoy - CO760,Survey the turntable braking system,,,,04/03/2023 18:40,04/03/2023 18:56,0.266666667,Planned Maint.,PLEM Piping and Structure,Closed,,,SPM_Offshore,DPR 2223,2023-03 (Mar),P2 - Medium,,March,2023
04/03/2023 18:04,WO0212,ABB-CP-01,ABB Cathodic Protection System - Offshore,Conduct 6-Monthly CP survey on the ABB Stinger Box,,04/03/2023,,04/03/2023 18:04,04/03/2023 18:16,0.2,Inspection,Submarine Hose,Closed,,,ABB_Offshore,DPR 2223,2023-03 (Mar),P2 - Medium,,March,2023
03/03/2023 20:23,WO0211,ABB,CMB System for Planned Maint.,Checks on all mooring buoy line connections,,03/03/2023,,03/03/2023 20:23,03/03/2023 21:00,0.616666667,Inspection,Buoy Body,Closed,,,ABB_Offshore,DPR 2222,2023-03 (Mar),P2 - Medium,,March,2023
03/03/2023 19:58,WO0210,ABB-FT-HS-01,ABB Submarine Hose Assembly,Checks on the hose string leading up to the tanker,,03/03/2023,,03/03/2023 19:58,03/03/2023 20:16,0.3,Inspection,Submarine Hose,Closed,,,ABB_Offshore,DPR 2222,2023-03 (Mar),P2 - Medium,,March,2023
03/03/2023 14:50,WO0209,ABB-FT-V-1803,ABB PLEM Valve,"Pre-berthing checks on PLEM, jumper hoses and hose string on seabed.",,03/03/2023,,03/03/2023 14:50,03/03/2023 16:40,1.833333333,Inspection,PLEM Piping and Structure,Closed,,,ABB_Offshore,DPR 2222,2023-03 (Mar),P2 - Medium,,March,2023
02/03/2023 20:33,WO0208,SPM-CP-01,SPM Cathodic Protection System - Offshore,6-monthly CP survey on the SPM PLEM,,,,02/03/2023 20:33,02/03/2023 20:55,0.366666667,Planned Maint.,PLEM Piping and Structure,Closed,,,SPM_Offshore,DPR 2221,2023-03 (Mar),P2 - Medium,,March,2023
02/03/2023 19:51,WO0207,SPM-FT-PV-01,SPM PLEM,Clean off marine growth on the SPM PLEM.,,,,02/03/2023 19:51,02/03/2023 20:25,0.566666667,Planned Corrective Maint.,PLEM Piping and Structure,Closed,Aquatic Exposure,Removed,SPM_Offshore,DPR 2221,2023-03 (Mar),P2 - Medium,,March,2023
02/03/2023 15:54,WO0206,ABB,CMB System for Planned Maint.,Install 2 new anodes onto the ABB Stinger Box,,,,02/03/2023 15:54,02/03/2023 17:25,1.516666667,Planned Maint.,Buoy Body,Closed,,,ABB_Offshore,DPR 2221,2023-03 (Mar),P2 - Medium,,March,2023
28/02/2023 20:16,WO0205,ABB,CMB System for Planned Maint.,Checks on all mooring lines onto all hooks,,28/02/2023,,28/02/2023 20:16,28/02/2023 21:00,0.733333333,Inspection,Mooring System,Closed,,,ABB_Offshore,DPR 2219,2023-02 (Feb),P2 - Medium,,February,2023
28/02/2023 19:51,WO0204,ABB,CMB System for Planned Maint.,Checks on the hose string leading up to the tanker,,28/02/2023,,28/02/2023 19:51,28/02/2023 20:09,0.3,Inspection,Submarine Hose,Closed,,,ABB_Offshore,DPR 2219,2023-02 (Feb),P2 - Medium,,February,2023
28/02/2023 18:00,WO0203,SPM-AE-BY-02,CALM Buoy - CO760,Install new fabricated bracket onto radar reflector,,,,28/02/2023 18:00,28/02/2023 18:50,0.833333333,Planned Maint.,Mooring System,Closed,,,SPM_Offshore,DPR 2218,2023-02 (Feb),P2 - Medium,,February,2023
28/02/2023 16:30,WO0202,ABB/SPM_Onshore,Onshore ABB_SPM System for Planned Maintenance,Weekly Servitude Walks,,,,28/02/2023 16:30,28/02/2023 18:30,2,Planned Maint.,Piping,Closed,,,ABB_SPM_Onshore,,2023-02 (Feb),P2 - Medium,,February,2023
28/02/2023 16:30,WO0201,ABB/SPM_Onshore,Onshore ABB_SPM System for Planned Maintenance,Monthly Servitude Clearance,,,,28/02/2023 16:30,28/02/2023 19:30,3,Planned Maint.,Piping,Closed,,,ABB_SPM_Onshore,,2023-02 (Feb),P2 - Medium,,February,2023
28/02/2023 15:08,WO0199,ABB,CMB System for Planned Maint.,Clean off marine growth on the Cecil Buoy mooring line.,,,,28/02/2023 15:08,28/02/2023 18:12,3.066666667,Planned Corrective Maint.,Buoy Body,Closed,Aquatic Exposure,Removed,ABB_Offshore,DPR 2219,2023-02 (Feb),P2 - Medium,,February,2023
28/02/2023 15:08,WO0200,ABB,CMB System for Planned Maint.,ABB Pre-Berthing Checks,,28/02/2023,,28/02/2023 15:08,28/02/2023 16:12,1.066666667,Inspection,Mooring System,Closed,,,ABB_Offshore,DPR 2219,2023-02 (Feb),P1 - High,,February,2023
27/02/2023 23:39,WO0198,SPM-AE-BY-02,CALM Buoy - CO760,"Pre-berthing checks on the PLEM, jumper hoses & hose string on seabed",,28/02/2023,,27/02/2023 23:39,28/02/2023 00:32,0.883333333,Inspection,PLEM Piping and Structure,Closed,,,SPM_Offshore,DPR 2218,2023-02 (Feb),P2 - Medium,,February,2023
26/02/2023 18:43,WO0197,ABB,CMB System for Planned Maint.,Remove 4 old anodes & recover,,,,26/02/2023 18:43,26/02/2023 19:36,0.883333333,Planned Maint.,Cathodic Protection,Closed,,,ABB_Offshore,DPR 2217,2023-02 (Feb),P2 - Medium,,February,2023
26/02/2023 17:38,WO0196,ABB,CMB System for Planned Maint.,Install 1 new anode onto the ABB stinger box,,,,26/02/2023 17:38,26/02/2023 18:34,0.933333333,Planned Maint.,Cathodic Protection,Closed,,,ABB_Offshore,DPR 2217,2023-02 (Feb),P2 - Medium,,February,2023
26/02/2023 16:46,WO0195,ABB,CMB System for Planned Maint.,Install 3 new anodes onto the ABB stinger box,,,,26/02/2023 16:46,26/02/2023 17:30,0.733333333,Planned Maint.,Cathodic Protection,Closed,,,ABB_Offshore,DPR 2217,2023-02 (Feb),P2 - Medium,,February,2023
26/02/2023 15:35,WO0194,SPM-AE-BY-02,CALM Buoy - CO760,Complete greasing of the MRB,,,,26/02/2023 15:35,26/02/2023 16:35,1,Planned Maint.,Lubrication System,Closed,,,SPM_Offshore,DPR 2217,2023-02 (Feb),P2 - Medium,,February,2023
26/02/2023 15:20,WO0193,SPM-AE-BY-02,CALM Buoy - CO760,Install the radar reflector onto the SPM overhead protection framework.,,,,26/02/2023 15:20,26/02/2023 16:35,1.25,Planned Maint.,Mooring System,Closed,,,SPM_Offshore,DPR 2217,2023-02 (Feb),P2 - Medium,,February,2023
25/02/2023 21:20,WO0191,ABB,CMB System for Planned Maint.,Checks on the hose string leading up to the tanker,,,,25/02/2023 21:20,25/02/2023 21:38,0.3,Planned Maint.,Submarine Hose,Closed,,,ABB_Offshore,DPR 2216,2023-02 (Feb),P2 - Medium,,February,2023
25/02/2023 21:20,WO0192,ABB,CMB System for Planned Maint.,Clean off marine growth on the PLEM,,,,25/02/2023 21:20,25/02/2023 21:38,0.3,Planned Corrective Maint.,PLEM Piping and Structure,Closed,Aquatic Exposure,Removed,ABB_Offshore,DPR 2216,2023-02 (Feb),P2 - Medium,,February,2023
25/02/2023 14:40,WO0190,ABB,CMB System for Planned Maint.,"Pre-berthing checks on PLEM, jumper hoses & hose string on seabed",,,,25/02/2023 14:40,25/02/2023 16:50,2.166666667,Planned Maint.,PLEM Piping and Structure,Closed,,,ABB_Offshore,DPR 2216,2023-02 (Feb),P2 - Medium,,February,2023
23/02/2023 20:52,WO0189,ABB,CMB System for Planned Maint.,Checks on the hose string leading up to the tanker,,,,23/02/2023 20:52,23/02/2023 21:08,0.266666667,Planned Maint.,Submarine Hose,Closed,,,ABB_Offshore,DPR 2214,2023-02 (Feb),P2 - Medium,,February,2023
23/02/2023 14:57,WO0188,ABB,CMB System for Planned Maint.,"Pre-berthing checks on PLEM, jumper hoses & hose string n seabed",,,,23/02/2023 14:57,23/02/2023 16:45,1.8,Planned Maint.,PLEM Piping and Structure,Closed,,,ABB_Offshore,DPR 2214,2023-02 (Feb),P2 - Medium,,February,2023
22/02/2023 17:07,WO0187,SPM-AE-BY-02,CALM Buoy - CO760,Clean off marine growth on the SPM chains,,,,22/02/2023 17:07,22/02/2023 19:35,2.466666667,Planned Corrective Maint.,Anchoring System,Closed,Aquatic Exposure,Removed,SPM_Offshore,DPR 2213,2023-02 (Feb),P2 - Medium,,February,2023
21/02/2023 17:17,WO0186,SPM-AE-BY-02,CALM Buoy - CO760,Clean off marine growth on the SPM chains,,,,21/02/2023 17:17,21/02/2023 18:44,1.45,Planned Corrective Maint.,Anchoring System,Closed,Aquatic Exposure,Removed,SPM_Offshore,DPR 2212,2023-02 (Feb),P2 - Medium,,February,2023
21/02/2023 17:00,WO0184,SPM-AE-BY-02,CALM Buoy - CO760,Complete measurements for grating in center well,,,,21/02/2023 17:00,21/02/2023 17:17,0.283333333,Planned Maint.,Instrumentation,Closed,,,SPM_Offshore,DPR 2212,2023-02 (Feb),P2 - Medium,,February,2023
21/02/2023 17:00,WO0185,SPM-AE-BY-02,CALM Buoy - CO760,1st coat of primer paint to handrails applied,,,,21/02/2023 17:00,21/02/2023 17:17,0.283333333,Planned Corrective Maint.,Buoy Body,Closed,Corrosion,Coated,SPM_Offshore,DPR 2212,2023-02 (Feb),P2 - Medium,,February,2023
20/02/2023 22:35,WO0183,SPM-AE-BY-02,CALM Buoy - CO760,Clean off marine growth on the SPM chains,,,,20/02/2023 22:35,20/02/2023 22:45,0.166666667,Planned Corrective Maint.,Anchoring System,Closed,Aquatic Exposure,Removed,SPM_Offshore,DPR 2211,2023-02 (Feb),P2 - Medium,,February,2023
20/02/2023 20:13,WO0182,ABB,CMB System for Planned Maint.,Check all mooring buoy line connections.,,,,20/02/2023 20:13,20/02/2023 20:25,0.2,Planned Maint.,Mooring System,Closed,,,ABB_Offshore,DPR 2211,2023-02 (Feb),P2 - Medium,,February,2023
20/02/2023 19:45,WO0181,ABB,CMB System for Planned Maint.,Checks on the hose string leading up to the tanker,,,,20/02/2023 19:45,20/02/2023 20:06,0.35,Planned Maint.,Submarine Hose,Closed,,,ABB_Offshore,DPR 2211,2023-02 (Feb),P2 - Medium,,February,2023
20/02/2023 14:00,WO0180,ABB,CMB System for Planned Maint.,ABB pre-berthing checks completed,,,,20/02/2023 14:00,20/02/2023 14:35,0.583333333,Planned Maint.,Buoy Body,Closed,,,ABB_Offshore,DPR 2211,2023-02 (Feb),P2 - Medium,,February,2023
19/02/2023 18:20,WO0179,ABB,CMB System for Planned Maint.,"ABB pre-berthing checks, draft/freeboard of all buoys & location checks
completed",,,,19/02/2023 18:20,19/02/2023 18:38,0.3,Planned Maint.,Buoy Body,Closed,,,ABB_Offshore,DPR 2210,2023-02 (Feb),P2 - Medium,,February,2023
19/02/2023 16:55,WO0178,ABB,CMB System for Planned Maint.,Subsea pre-berthing checks & setup of the hose string pickup wire,,,,19/02/2023 16:55,19/02/2023 17:28,0.55,Planned Maint.,Buoy Body,Closed,,,ABB_Offshore,DPR 2210,2023-02 (Feb),P2 - Medium,,February,2023
19/02/2023 15:28,WO0177,ABB,CMB System for Planned Maint.,Remove large fishing net wrapped around the MT British Captain ridder & propeller.,,,,19/02/2023 15:28,19/02/2023 16:37,1.15,Planned Corrective Maint.,Buoy Body,Closed,Marine Fouling / Foreign Object,Removed,ABB_Offshore,DPR 2210,2023-02 (Feb),P2 - Medium,,February,2023
18/02/2023 17:02,WO0176,SPM-ME-CH-01,SPM Mooring Chain,MGR removal on SPM mooring chains,,,,18/02/2023 17:02,18/02/2023 17:58,0.933333333,Planned Corrective Maint.,Anchoring System,Closed,Aquatic Exposure,Removed,SPM_Offshore,DPR 2209,2023-02 (Feb),P2 - Medium,,February,2023
18/02/2023 16:04,WO0175,SPM-AE-BY-02,CALM Buoy - CO760,3-monthly Inspection of all SPM anode positions & existing anodes.,,,,18/02/2023 16:04,18/02/2023 16:48,0.733333333,Planned Maint.,NavAids & Power,Closed,,,SPM_Offshore,DPR 2209,2023-02 (Feb),P2 - Medium,,February,2023
17/02/2023 20:00,WO0174,SPM-ME-CH-01,SPM Mooring Chain,MGR removal on SPM mooring chains,,,,17/02/2023 20:00,17/02/2023 21:15,1.25,Planned Corrective Maint.,Anchoring System,Closed,Aquatic Exposure,Removed,SPM_Offshore,DPR 2208,2023-02 (Feb),P2 - Medium,,February,2023
17/02/2023 19:00,WO0173,SPM-AE-BY-02,CALM Buoy - CO760,Inspect SPM floating hose chafe chain on deck,,,,17/02/2023 19:00,17/02/2023 20:00,1,Planned Maint.,Floating Hose,Closed,,,SPM_Offshore,DPR 2208,2023-02 (Feb),P2 - Medium,,February,2023
17/02/2023 17:45,WO0172,SPM-AE-BY-02,CALM Buoy - CO760,Weekly Lubrication of MRB & CS.,,,,17/02/2023 17:45,17/02/2023 18:00,0.25,Planned Maint.,Lubrication System,Closed,,,SPM_Offshore,DPR 2208,2023-02 (Feb),P2 - Medium,,February,2023
16/02/2023 23:13,WO0171,SPM-ME-CH-01,SPM Mooring Chain,MGR removal on SPM mooring chains.,,,,16/02/2023 23:13,17/02/2023 00:29,1.266666667,Planned Corrective Maint.,Anchoring System,Closed,Aquatic Exposure,Removed,SPM_Offshore,DPR 2207,2023-02 (Feb),P2 - Medium,,February,2023
16/02/2023 19:48,WO0170,ABB,CMB System for Planned Maint.,Checks of all mooring buoy line connections completed.,,16/02/2023,,16/02/2023 19:48,16/02/2023 20:45,0.95,Inspection,Mooring System,Closed,,,ABB_Offshore,DPR 2207,2023-02 (Feb),P2 - Medium,,February,2023
16/02/2023 19:21,WO0169,ABB-FT-HS-01,ABB Submarine Hose Assembly,Checks on hose string leading up to the tanker,,,,16/02/2023 19:21,16/02/2023 19:38,0.283333333,Planned Maint.,Submarine Hose,Closed,,,ABB_Offshore,DPR 2207,2023-02 (Feb),P2 - Medium,,February,2023
16/02/2023 16:30,WO0168,ABB/SPM_Onshore,Onshore ABB_SPM System for Planned Maintenance,Weekly Servitude Walks,,,,16/02/2023 16:30,16/02/2023 18:30,2,Planned Maint.,Piping,Closed,,,ABB_SPM_Onshore,,2023-02 (Feb),P2 - Medium,,February,2023
16/02/2023 16:30,WO0167,ABB/SPM_Onshore,Onshore ABB_SPM System for Planned Maintenance,"Monthly GVI of Manifolds, Pig Launchers/Receivers, Spool pieces",,,,16/02/2023 16:30,16/02/2023 18:30,2,Planned Maint.,Piping,Closed,,,ABB_SPM_Onshore,,2023-02 (Feb),P2 - Medium,,February,2023
16/02/2023 16:30,WO0166,ABB/SPM_Onshore,Onshore ABB_SPM System for Planned Maintenance,"Monthly Visual  inspection & Patch painting of above grd section (Gao Lagoon  &
TOR Y-Junction)",,,,16/02/2023 16:30,16/02/2023 18:30,2,Planned Maint.,Piping,Closed,,,ABB_SPM_Onshore,,2023-02 (Feb),P2 - Medium,,February,2023
16/02/2023 15:00,WO0165,ABB,CMB System for Planned Maint.,ABB Pre-Berthing Checks,,16/02/2023,,16/02/2023 15:00,16/02/2023 16:00,1,Inspection,Mooring System,Closed,,,ABB_Offshore,,2023-02 (Feb),P1 - High,,February,2023
15/02/2023 16:30,WO0164,ABB/SPM_Onshore,Onshore ABB_SPM System for Planned Maintenance,Monthly Onshore CP reading and TP/CB structure  inspection,,,,15/02/2023 16:30,15/02/2023 18:30,2,Planned Maint.,Cathodic Protection,Closed,,,ABB_SPM_Onshore,,2023-02 (Feb),P2 - Medium,,February,2023
15/02/2023 14:32,WO0163,ABB,CMB System for Planned Maint.,Pre-berthing Checks,,,,15/02/2023 14:32,15/02/2023 16:25,1.883333333,Planned Maint.,Mooring System,Closed,,,ABB_Offshore,,2023-02 (Feb),P2 - Medium,,February,2023
15/02/2023 14:32,WO0162,ABB-FT-HS-01,ABB Submarine Hose Assembly,GVI Cargo hose,,,,15/02/2023 14:32,15/02/2023 15:01,0.483333333,Planned Maint.,Submarine Hose,Closed,,,ABB_Offshore,DPR 2206,2023-02 (Feb),P2 - Medium,,February,2023
14/02/2023 19:22,WO0161,ABB,CMB System for Planned Maint.,Remove 2 x Anodes from ABB Stinger Box,,,,14/02/2023 19:22,14/02/2023 22:11,2.816666667,Planned Maint.,Cathodic Protection,Closed,,,ABB_Offshore,DPR 2205,2023-02 (Feb),P2 - Medium,,February,2023
14/02/2023 18:00,WO0160,SPM-AE-BY-02,CALM Buoy - CO760,Rotate turntable with Samson work boat bi-weekly,,,,14/02/2023 18:00,14/02/2023 18:50,0.833333333,Planned Maint.,Buoy Body,Closed,,,SPM_Offshore,DPR 2205,2023-02 (Feb),P2 - Medium,,February,2023
14/02/2023 17:54,WO0158,SPM-ME-HW-01,SPM Mooring Hawser,Clean hawser with fresh water,,,,14/02/2023 17:54,14/02/2023 18:45,0.85,Planned Maint.,Mooring System,Closed,,,SPM_Offshore,DPR 2205,2023-02 (Feb),P2 - Medium,,February,2023
14/02/2023 17:54,WO0159,SW10,Seaways 10 Vessel,Grease chafe chain and Hawser stow on SW 10,,,,14/02/2023 17:54,14/02/2023 18:45,0.85,Planned Maint.,Anchoring System,Closed,,,ABB_Offshore,DPR 2205,2023-02 (Feb),P2 - Medium,,February,2023
14/02/2023 16:45,WO0157,SW10,Seaways 10 Vessel,SW 10 rotation,,,,14/02/2023 16:45,14/02/2023 17:00,0.25,Planned Maint.,Hoisting & Lifting,Closed,,,ABB_Offshore,DPR 2205,2023-02 (Feb),P2 - Medium,,February,2023
13/02/2023 21:00,WO0156,SPM-AE-BY-02,CALM Buoy - CO760,Install hawser onto mooring bridle,,,,13/02/2023 21:00,13/02/2023 22:20,1.333333333,Planned Maint.,Mooring System,Closed,,,SPM_Offshore,DPR 2204,2023-02 (Feb),P2 - Medium,,February,2023
13/02/2023 17:52,WO0155,SPM-ME-CH-01,SPM Mooring Chain,MGR from SPM2 mooring chain # 2 from @ -68fsw to @ -70fsw,,,,13/02/2023 17:52,13/02/2023 18:44,0.866666667,Planned Corrective Maint.,Anchoring System,Closed,Aquatic Exposure,Removed,SPM_Offshore,DPR 2204,2023-02 (Feb),P2 - Medium,,February,2023
13/02/2023 16:35,WO0154,SPM-AE-BY-02,CALM Buoy - CO760,Weekly Free board checks,,,,13/02/2023 16:35,13/02/2023 17:35,1,Planned Maint.,Buoy Body,Closed,,,SPM_Offshore,DPR 2204,2023-02 (Feb),P2 - Medium,,February,2023
13/02/2023 16:35,WO0153,SPM-AE-BY-02,CALM Buoy - CO760,Bi-weekly turntable rotation,,,,13/02/2023 16:35,13/02/2023 17:35,1,Planned Maint.,Buoy Body,Closed,,,SPM_Offshore,DPR 2204,2023-02 (Feb),P2 - Medium,,February,2023
12/02/2023 16:37,WO0152,ABB-ME-BY-05,ABB Alpha Buoy,"3-Monthly GVI Mooring buoys ABB 05(Alpha Position) Pins, swivel & Touch down",,,,12/02/2023 16:37,12/02/2023 16:51,0.233333333,Planned Maint.,Anchoring System,Closed,,,ABB_Offshore,DPR 2203,2023-02 (Feb),P2 - Medium,,February,2023
12/02/2023 16:37,WO0151,ABB-ME-BY-02,ABB  Bravo Buoy,"3-Monthly GVI Mooring buoys ABB 02(Bravo Position) Pins, swivel & Touch down",,,,12/02/2023 16:37,12/02/2023 16:51,0.233333333,Planned Maint.,Anchoring System,Closed,,,ABB_Offshore,DPR 2203,2023-02 (Feb),P2 - Medium,,February,2023
12/02/2023 16:15,WO0150,ABB-ME-BY-04,ABB Charlie Buoy,"3-Monthly GVI Mooring buoys ABB 04 (Charlie Position) Pins, swivel & Touch down.",,,,12/02/2023 16:15,12/02/2023 16:27,0.2,Planned Maint.,Anchoring System,Closed,,,ABB_Offshore,DPR 2203,2023-02 (Feb),P2 - Medium,,February,2023
12/02/2023 16:15,WO0149,ABB-ME-BY-03,ABB Delta Buoy,"3-Monthly GVI Mooring buoys ABB 03(Delta Position) Pins, swivel & Touch down",,,,12/02/2023 16:15,12/02/2023 16:27,0.2,Planned Maint.,Anchoring System,Closed,,,ABB_Offshore,DPR 2203,2023-02 (Feb),P2 - Medium,,February,2023
12/02/2023 14:38,WO0148,ABB,CMB System for Planned Maint.,"Pre-Berthing - UKP Bush checks - UKP Bush and hooks greased - Wash mooring buoy
decks",,,,12/02/2023 14:38,12/02/2023 17:35,2.95,Planned Maint.,Buoy Body,Closed,,,ABB_Offshore,DPR 2203,2023-02 (Feb),P2 - Medium,,February,2023
11/02/2023 20:51,WO0147,SPM-AE-BY-02,CALM Buoy - CO760,MGR from SPM2 Chain # 1 @ -70fsw to -75fsw,,,,11/02/2023 20:51,11/02/2023 22:25,1.566666667,Planned Corrective Maint.,Anchoring System,Closed,Aquatic Exposure,Removed,SPM_Offshore,DPR 2202,2023-02 (Feb),P2 - Medium,,February,2023
11/02/2023 15:30,WO0145,SPM-AE-BY-02,CALM Buoy - CO760,SPM - Biannual check on Valve 3604 West indicator,,,,11/02/2023 15:30,11/02/2023 19:40,4.166666667,Planned Maint.,Valve,Closed,,,SPM_Offshore,DPR 2202,2023-02 (Feb),P2 - Medium,,February,2023
11/02/2023 15:30,WO0146,SPM-AE-BY-02,CALM Buoy - CO760,Six monthly cleaning of grease from buoy body deck,,,,11/02/2023 15:30,11/02/2023 19:40,4.166666667,Planned Maint.,Lubrication System,Closed,,,SPM_Offshore,DPR 2202,2023-02 (Feb),P2 - Medium,,February,2023
11/02/2023 15:30,WO0144,SPM-AE-BY-02,CALM Buoy - CO760,Check Main bearing view ports - Check Main Hatches on buoy body - Take UT Readings in All Buoy compartments,,,,11/02/2023 15:30,11/02/2023 19:40,4.166666667,Planned Maint.,Buoy Body,Closed,,,SPM_Offshore,DPR 2202,2023-02 (Feb),P2 - Medium,,February,2023
10/02/2023 21:20,WO0143,SPM-ME-CH-01,SPM Mooring Chain,MGR from SPM2 Mooring chain # 3 & 2,,,,10/02/2023 21:20,10/02/2023 22:21,1.016666667,Planned Corrective Maint.,Anchoring System,Closed,Aquatic Exposure,Removed,SPM_Offshore,DPR 2201,2023-02 (Feb),P2 - Medium,,February,2023
10/02/2023 17:51,WO0142,SPM-ME-CH-01,SPM Mooring Chain,MGR from SPM2 Mooring chain # 1 & 2,,,,10/02/2023 17:51,10/02/2023 19:59,2.133333333,Planned Corrective Maint.,Anchoring System,Closed,Aquatic Exposure,Removed,SPM_Offshore,DPR 2201,2023-02 (Feb),P2 - Medium,,February,2023
10/02/2023 16:07,WO0141,ABB,CMB System for Planned Maint.,MGR from Valve 1803,,,,10/02/2023 16:07,10/02/2023 16:55,0.8,Planned Corrective Maint.,Valve,Closed,Aquatic Exposure,Removed,ABB_Offshore,DPR 2201,2023-02 (Feb),P2 - Medium,,February,2023
10/02/2023 16:07,WO0140,ABB-FT-V-1803,ABB PLEM Valve,MGR from PLEM,,,,10/02/2023 16:07,10/02/2023 16:55,0.8,Planned Corrective Maint.,PLEM Piping and Structure,Closed,Aquatic Exposure,Removed,ABB_Offshore,DPR 2201,2023-02 (Feb),P2 - Medium,,February,2023
09/02/2023 18:35,WO0139,ABB-FT-HS-01,ABB Submarine Hose Assembly,3-Monthly check on hose flange anodes,,,,09/02/2023 18:35,09/02/2023 19:08,0.55,Planned Maint.,Submarine Hose,Closed,,,ABB_Offshore,DPR 2200,2023-02 (Feb),P2 - Medium,,February,2023
09/02/2023 17:00,WO0138,Oil-Jetty,Oil Jetty System for Planned Maintenance,Bi-weekly Servitude Walk/Pipeline Inspection,,,,09/02/2023 17:00,09/02/2023 19:00,2,Planned Maint.,Piping,Closed,,,Oil_Jetty,,2023-02 (Feb),P2 - Medium,,February,2023
09/02/2023 14:53,WO0137,ABB,CMB System for Planned Maint.,Pre-berthing checks - UKP Bush checks - UKP Bush & hook greasing,,,,09/02/2023 14:53,09/02/2023 16:43,1.833333333,Planned Maint.,Buoy Body,Closed,,,ABB_Offshore,DPR 2200,2023-02 (Feb),P2 - Medium,,February,2023
08/02/2023 19:35,WO0136,SPM-ME-BD-01,SPM Mooring Bridle,Mooring bridle shackle installation & GVI,,,,08/02/2023 19:35,08/02/2023 23:10,3.583333333,Planned Maint.,Mooring System,Closed,Component Failure,Replaced,SPM_Offshore,DPR 2199,2023-02 (Feb),P2 - Medium,,February,2023
08/02/2023 18:21,WO0135,SPM-ME-CH-01,SPM Mooring Chain,MGR from SPM2 mooring chain # 5 & 6 @ -50fsw,,,,08/02/2023 18:21,08/02/2023 19:29,1.133333333,Planned Corrective Maint.,Anchoring System,Closed,Aquatic Exposure,Removed,SPM_Offshore,DPR 2199,2023-02 (Feb),P2 - Medium,,February,2023
08/02/2023 17:06,WO0134,SPM-ME-CH-01,SPM Mooring Chain,MGR from SPM2 mooring chain # 3 & 4 @ -55fsw,,,,08/02/2023 17:06,08/02/2023 18:08,1.033333333,Planned Corrective Maint.,Anchoring System,Closed,Aquatic Exposure,Removed,SPM_Offshore,DPR 2199,2023-02 (Feb),P2 - Medium,,February,2023
08/02/2023 16:30,WO0133,Oil-Jetty,Oil Jetty System for Planned Maintenance,3-monthly Lubrication of Valves,,,,08/02/2023 16:30,08/02/2023 18:30,2,Planned Maint.,Valve,Closed,,,Oil_Jetty,,2023-02 (Feb),P2 - Medium,,February,2023
07/02/2023 22:42,WO0132,SPM-ME-CH-01,SPM Mooring Chain,MGR from SPM2 mooring chain # 1 @ -50fsw,,,,07/02/2023 22:42,07/02/2023 23:23,0.683333333,Planned Corrective Maint.,Anchoring System,Closed,Aquatic Exposure,Removed,SPM_Offshore,DPR 2198,2023-02 (Feb),P2 - Medium,,February,2023
07/02/2023 21:36,WO0131,SPM-ME-CH-01,SPM Mooring Chain,MGR from SPM2 mooring chain # 5 & 6 @ -45fsw,,,,07/02/2023 21:36,07/02/2023 22:41,1.083333333,Planned Corrective Maint.,Anchoring System,Closed,Aquatic Exposure,Removed,SPM_Offshore,DPR 2198,2023-02 (Feb),P2 - Medium,,February,2023
07/02/2023 19:11,WO0130,SPM-ME-CH-01,SPM Mooring Chain,MGR from SPM2 mooring chain # 3 & 4 @ -45fsw,,,,07/02/2023 19:11,07/02/2023 20:10,0.983333333,Planned Corrective Maint.,Anchoring System,Closed,Aquatic Exposure,Removed,SPM_Offshore,DPR 2198,2023-02 (Feb),P2 - Medium,,February,2023
07/02/2023 17:45,WO0129,SPM-ME-CH-01,SPM Mooring Chain,MGR from SPM2 mooring chain # 1 & 2 @ -40fsw,,,,07/02/2023 17:45,07/02/2023 18:57,1.2,Planned Corrective Maint.,Anchoring System,Closed,Aquatic Exposure,Removed,SPM_Offshore,DPR 2198,2023-02 (Feb),P2 - Medium,,February,2023
07/02/2023 16:50,WO0128,ABB,CMB System for Planned Maint.,Pre-Berthing - UKP Bush checks - UKP Bush & hook greased,,,,07/02/2023 16:50,07/02/2023 17:22,0.533333333,Planned Maint.,Buoy Body,Closed,,,ABB_Offshore,DPR 2197,2023-02 (Feb),P2 - Medium,,February,2023
07/02/2023 16:40,WO0126,SPM-AE-BY-02,CALM Buoy - CO760,"Weekly main bearing, Centre pipe, mooring bridle pad eyes & Torque arm
lubrication",,,,07/02/2023 16:40,07/02/2023 17:35,0.916666667,Planned Maint.,Lubrication System,Closed,,,SPM_Offshore,DPR 2198,2023-02 (Feb),P2 - Medium,,February,2023
07/02/2023 16:40,WO0127,SPM-AE-BY-02,CALM Buoy - CO760,Weekly Free board checks,,,,07/02/2023 16:40,07/02/2023 17:35,0.916666667,Planned Maint.,Buoy Body,Closed,,,SPM_Offshore,DPR 2198,2023-02 (Feb),P2 - Medium,,February,2023
05/02/2023 18:06,WO0125,SPM-ME-CH-01,SPM Mooring Chain,MGR from SPM2 mooring chains # 4 & 5 to -30fsw,,,,05/02/2023 18:06,05/02/2023 19:21,1.25,Planned Corrective Maint.,Anchoring System,Closed,Aquatic Exposure,Removed,SPM_Offshore,DPR 2196,2023-02 (Feb),P2 - Medium,,February,2023
05/02/2023 15:55,WO0124,SPM-FT-BY-02,CALM Buoy - CO760 Cargo transfer System,Coating touch ups on buoy and turntable on going,,,,05/02/2023 15:55,05/02/2023 17:55,2,Planned Corrective Maint.,Buoy Body,Closed,Corrosion,Coated,SPM_Offshore,DPR 2196,2023-02 (Feb),P2 - Medium,,February,2023
05/02/2023 15:55,WO0123,SPM-AE-BY-02,CALM Buoy - CO760,Continue to Denzo tape nuts & Studs on Fluid Transfer System – Flanges &amp; Valves.,,,,05/02/2023 15:55,05/02/2023 17:55,2,Planned Corrective Maint.,Piping,Closed,Corrosion,Wrapping,SPM_Offshore,DPR 2196,2023-02 (Feb),P2 - Medium,,February,2023
04/02/2023 21:23,WO0122,SPM-ME-CH-01,SPM Mooring Chain,MGR from SPM2 mooring chains to -30fsw Chain # 6,,,,04/02/2023 21:23,04/02/2023 22:21,0.966666667,Planned Corrective Maint.,Anchoring System,Closed,Aquatic Exposure,Removed,SPM_Offshore,DPR 2195,2023-02 (Feb),P2 - Medium,,February,2023
04/02/2023 18:37,WO0121,SPM-ME-CH-01,SPM Mooring Chain,MGR from SPM2 mooring chains to -30fsw Chain # 3,,,,04/02/2023 18:37,04/02/2023 19:55,1.3,Planned Corrective Maint.,Anchoring System,Closed,Aquatic Exposure,Removed,SPM_Offshore,DPR 2195,2023-02 (Feb),P2 - Medium,,February,2023
04/02/2023 16:51,WO0120,SPM-ME-CH-01,SPM Mooring Chain,MGR from SPM2 mooring chains to -30fsw Chain # 1 & 2,,,,04/02/2023 16:51,04/02/2023 18:24,1.55,Planned Corrective Maint.,Anchoring System,Closed,Aquatic Exposure,Removed,SPM_Offshore,DPR 2195,2023-02 (Feb),P2 - Medium,,February,2023
04/02/2023 16:08,WO0119,ABB,CMB System for Planned Maint.,Replace Samson hang off line on Cecil buoy,,,,04/02/2023 16:08,04/02/2023 16:19,0.183333333,Planned Corrective Maint.,Buoy Body,Closed,Faulty,Replaced,ABB_Offshore,DPR 2195,2023-02 (Feb),P2 - Medium,,February,2023
03/02/2023 14:57,WO0118,ABB,CMB System for Planned Maint.,Pre-Berthing checks - UKP Bush checks - UKP Bush greasing,,,,03/02/2023 14:57,03/02/2023 18:10,3.216666667,Planned Maint.,Buoy Body,Closed,,,ABB_Offshore,DPR 2194,2023-02 (Feb),P2 - Medium,,February,2023
02/02/2023 20:44,WO0117,SPM-FT-HS-01,SPM Hose String Assembly (Floating/Submarine),Removed all tape and plastic from subsea hose flanges,,,,02/02/2023 20:44,02/02/2023 21:17,0.55,Planned Corrective Maint.,Submarine Hose,Closed,Aquatic Exposure,Removed,SPM_Offshore,DPR 2194,2023-02 (Feb),P2 - Medium,,February,2023
02/02/2023 17:05,WO0116,SPM-AE-BY-02,CALM Buoy - CO760,Completed taking yearly UT readings on Buoy Body,,,,02/02/2023 17:05,02/02/2023 18:45,1.666666667,Planned Maint.,Buoy Body,Closed,,,SPM_Offshore,DPR 2194,2023-02 (Feb),P2 - Medium,,February,2023
02/02/2023 17:05,WO0115,SPM-AE-BY-02,CALM Buoy - CO760,Continue to Denzo tape nuts & Studs on Fluid Transfer System – Flanges & Valves.,,,,02/02/2023 17:05,02/02/2023 18:45,1.666666667,Planned Corrective Maint.,Piping,Closed,Corrosion,Wrapping,SPM_Offshore,DPR 2194,2023-02 (Feb),P2 - Medium,,February,2023
02/02/2023 17:00,WO0114,Oil-Jetty,Oil Jetty System for Planned Maintenance,Monthly Pressure Safety Devices Valve Maintenance,,,,02/02/2023 17:00,02/02/2023 19:00,2,Planned Maint.,Valve,Closed,,,Oil_Jetty,,2023-02 (Feb),P2 - Medium,,February,2023
02/02/2023 17:00,WO0113,Oil-Jetty,Oil Jetty System for Planned Maintenance,Monthly Ball Valve Maintenance,,,,02/02/2023 17:00,02/02/2023 19:00,2,Planned Maint.,Valve,Closed,,,Oil_Jetty,,2023-02 (Feb),P2 - Medium,,February,2023
02/02/2023 17:00,WO0112,Oil-Jetty,Oil Jetty System for Planned Maintenance,Monthly Gate Valve Maintenance,,,,02/02/2023 17:00,02/02/2023 19:00,2,Planned Maint.,Valve,Closed,,,Oil_Jetty,,2023-02 (Feb),P2 - Medium,,February,2023
02/02/2023 16:30,WO0111,Oil-Jetty,Oil Jetty System for Planned Maintenance,Monthly Sump and Sump Pipeline GVI,,,,02/02/2023 16:30,02/02/2023 18:30,2,Planned Maint.,Piping,Closed,,,Oil_Jetty,,2023-02 (Feb),P2 - Medium,,February,2023
02/02/2023 16:10,WO0110,SPM-FT-HS-01,SPM Hose String Assembly (Floating/Submarine),Monthly GVI Floating hoses,,,,02/02/2023 16:10,02/02/2023 16:49,0.65,Planned Maint.,Floating Hose,Closed,,,SPM_Offshore,DPR 2194,2023-02 (Feb),P2 - Medium,,February,2023
01/02/2023 21:42,WO0109,SPM-AE-BY-02,CALM Buoy - CO760,Yearly UT readings Subsea in Centre Well piping & Flat bottom SPM2,,,,01/02/2023 21:42,01/02/2023 22:51,1.15,Planned Maint.,Buoy Body,Closed,,,SPM_Offshore,DPR 2192,2023-02 (Feb),P2 - Medium,,February,2023
01/02/2023 17:25,WO0106,SPM-ME-BD-01,SPM Mooring Bridle,Measure wooden frame on mooring bridle platform,,,,01/02/2023 17:25,01/02/2023 20:00,2.583333333,Planned Maint.,Mooring System,Closed,,,SPM_Offshore,DPR 2192,2023-02 (Feb),P2 - Medium,,February,2023
01/02/2023 17:25,WO0105,SPM-AE-BY-02,CALM Buoy - CO760,Weekly Lubrication,,,,01/02/2023 17:25,01/02/2023 20:00,2.583333333,Planned Maint.,Lubrication System,Closed,,,SPM_Offshore,DPR 2192,2023-02 (Feb),P2 - Medium,,February,2023
01/02/2023 17:25,WO0108,SPM-AE-BY-02,CALM Buoy - CO760,Taking yearly UT measurements as per SOW – Topside & subsea,,,,01/02/2023 17:25,01/02/2023 20:00,2.583333333,Planned Maint.,Buoy Body,Closed,,,SPM_Offshore,DPR 2192,2023-02 (Feb),P2 - Medium,,February,2023
01/02/2023 17:25,WO0104,SPM-AE-BY-02,CALM Buoy - CO760,Continue to Denzo tape nuts & Studs on Fluid Transfer System – Flanges & Valves.,,,,01/02/2023 17:25,01/02/2023 20:00,2.583333333,Planned Corrective Maint.,Piping,Closed,Corrosion,Wrapping,SPM_Offshore,DPR 2192,2023-02 (Feb),P2 - Medium,,February,2023
01/02/2023 17:25,WO0107,SPM-AE-BY-02,CALM Buoy - CO760,Measure Expansion joint cover,,01/02/2023,,01/02/2023 17:25,01/02/2023 20:00,2.583333333,Inspection,Instrumentation,Closed,,,SPM_Offshore,DPR 2192,2023-02 (Feb),P2 - Medium,,February,2023
01/02/2023 16:00,WO0103,SPM-AE-BY-02,CALM Buoy - CO760,Bi-weekly rotate turntable,,,,01/02/2023 16:00,01/02/2023 17:20,1.333333333,Planned Maint.,Buoy Body,Closed,,,SPM_Offshore,DPR 2192,2023-02 (Feb),P2 - Medium,,February,2023
31/01/2023 21:46,WO0102,ABB-FT-V-1803,ABB PLEM Valve,6-Monthly CP readings on PLEM Structure & Jumper hoses flange,,,,31/01/2023 21:46,31/01/2023 22:03,0.283333333,Planned Maint.,Cathodic Protection,Closed,,,ABB_Offshore,DPR 2191,2023-01 (Jan),P2 - Medium,,January,2023
31/01/2023 21:22,WO0101,ABB-FT-HS-01,ABB Submarine Hose Assembly,3-Monthly CP readings on Cargo hose flanges & GVI Cargo hose,,,,31/01/2023 21:22,31/01/2023 21:28,0.1,Planned Maint.,Cathodic Protection,Closed,,,ABB_Offshore,DPR 2191,2023-01 (Jan),P2 - Medium,,January,2023
31/01/2023 19:33,WO0100,SPM-AE-BY-02,CALM Buoy - CO760,Remove 1st winker light from buoy for repairs,,,,31/01/2023 19:33,31/01/2023 19:50,0.283333333,Planned Corrective Maint.,Floating Hose,Closed,Worn,Removed,SPM_Offshore,DPR 2191,2023-01 (Jan),P2 - Medium,,January,2023
31/01/2023 16:30,WO0098,ABB/SPM_Onshore,Onshore ABB_SPM System for Planned Maintenance,Monthly Onshore CP reading and TP/CB structure inspection,,,,31/01/2023 16:30,31/01/2023 18:30,2,Planned Maint.,Cathodic Protection,Closed,,,ABB_SPM_Onshore,,2023-01 (Jan),P2 - Medium,,January,2023
31/01/2023 16:30,WO0097,Oil-Jetty,Oil Jetty System for Planned Maintenance,Servitude Clearance,,,,31/01/2023 16:30,31/01/2023 18:30,2,Planned Maint.,Piping,Closed,,,Oil_Jetty,,2023-01 (Jan),P2 - Medium,,January,2023
31/01/2023 16:30,WO0099,ABB/SPM_Onshore,Onshore ABB_SPM System for Planned Maintenance,Monthly Servitude Clearance,,,,31/01/2023 16:30,31/01/2023 19:30,3,Planned Maint.,Piping,Closed,,,ABB_SPM_Onshore,,2023-01 (Jan),P2 - Medium,,January,2023
30/01/2023 20:24,WO0096,SPM-FT-HS-01,SPM Hose String Assembly (Floating/Submarine),Monthly Subsea hose GVI,,,,30/01/2023 20:24,30/01/2023 21:05,0.683333333,Planned Maint.,Submarine Hose,Closed,,,SPM_Offshore,DPR 2190,2023-01 (Jan),P2 - Medium,,January,2023
30/01/2023 17:48,WO0095,SPM-AE-BY-02,CALM Buoy - CO760,3-Monthly chain angle measurements,,,,30/01/2023 17:48,30/01/2023 18:54,1.1,Planned Maint.,Instrumentation,Closed,,,SPM_Offshore,DPR 2190,2023-01 (Jan),P2 - Medium,,January,2023
30/01/2023 17:07,WO0094,SPM-AE-BY-02,CALM Buoy - CO760,"Marine growth removal from SPM2 chain # 6 @ -5msw, -10msw & -15msw",,,,30/01/2023 17:07,30/01/2023 17:35,0.466666667,Planned Corrective Maint.,Anchoring System,Closed,Aquatic Exposure,Removed,SPM_Offshore,DPR 2190,2023-01 (Jan),P2 - Medium,,January,2023
30/01/2023 15:45,WO0093,SPM-AE-BY-02,CALM Buoy - CO760,Topside maintenance,,,,30/01/2023 15:45,30/01/2023 16:55,1.166666667,Planned Maint.,Buoy Body,Closed,,,SPM_Offshore,DPR 2190,2023-01 (Jan),P2 - Medium,,January,2023
29/01/2023 17:04,WO0092,ABB,CMB System for Planned Maint.,Yearly UT measurement Readings on ABB Mooring buoys,,,,29/01/2023 17:04,29/01/2023 22:10,5.1,Planned Maint.,Buoy Body,Closed,,,ABB_Offshore,DPR 2189,2023-01 (Jan),P2 - Medium,,January,2023
29/01/2023 14:55,WO0091,ABB-ME-BY-05,ABB Alpha Buoy,"Pre-Berthing Checks - Drilled new greasing hole in ABB 05Alpha Position) UKP
bush - Checked UKP bushes - Greased UKP bushes",,,,29/01/2023 14:55,29/01/2023 16:57,2.033333333,Planned Maint.,Buoy Body,Closed,,,ABB_Offshore,DPR 2189,2023-01 (Jan),P2 - Medium,,January,2023
28/01/2023 20:52,WO0090,SPM-AE-BY-02,CALM Buoy - CO760,"Marine Growth Removal from Chains # 3,4 & 5 @ -5msw, - 10msw & -15msw",,,,28/01/2023 20:52,28/01/2023 21:58,1.1,Planned Corrective Maint.,Anchoring System,Closed,Aquatic Exposure,Removed,SPM_Offshore,DPR 2188,2023-01 (Jan),P2 - Medium,,January,2023
28/01/2023 17:53,WO0089,SPM-AE-BY-02,CALM Buoy - CO760,"Marine Growth Removal from Chains # 1, 2 & 3 @ -5msw, -10msw & -15msw in
preparation for Chain angle measurements",,,,28/01/2023 17:53,28/01/2023 19:22,1.483333333,Planned Corrective Maint.,Anchoring System,Closed,Aquatic Exposure,Removed,SPM_Offshore,DPR 2188,2023-01 (Jan),P2 - Medium,,January,2023
28/01/2023 16:05,WO0088,SPM-AE-BY-02,CALM Buoy - CO760,As Found survey topside – Soundings & Denzo taping studs & nuts,,,,28/01/2023 16:05,28/01/2023 17:40,1.583333333,Planned Corrective Maint.,Piping,Closed,Corrosion,Wrapping,SPM_Offshore,DPR 2188,2023-01 (Jan),P2 - Medium,,January,2023
27/01/2023 23:45,WO0087,SPM-AE-BY-02,CALM Buoy - CO760,"Divers continue housekeeping and equipment upkeep - Cut fiberglass grating to
size - Prep Pilot ladder for installation on CALM buoy",,,,27/01/2023 23:45,28/01/2023 01:45,2,Planned Maint.,Buoy Body,Closed,,,SPM_Offshore,DPR 2186,2023-01 (Jan),P2 - Medium,,January,2023
27/01/2023 14:20,WO0085,SPM-AE-BY-02,CALM Buoy - CO760,"Buoy turn table and body deck c/w - Pilot boarding ladder installed - Grating
installed at front of turntable",,,,27/01/2023 14:20,27/01/2023 18:20,4,Planned Maint.,Buoy Body,Closed,,,SPM_Offshore,DPR 2187,2023-01 (Jan),P2 - Medium,,January,2023
27/01/2023 14:20,WO0086,SPM-AE-BY-02,CALM Buoy - CO760,Replace Denzo tape on studs & nuts on flanges,,,,27/01/2023 14:20,27/01/2023 20:00,5.666666667,Planned Corrective Maint.,Piping,Closed,Corrosion,Replaced,SPM_Offshore,DPR 2187,2023-01 (Jan),P2 - Medium,,January,2023
26/01/2023 23:45,WO0084,SPM-AE-BY-02,CALM Buoy - CO760,"Divers continue housekeeping and equipment upkeep - Cut fiberglass grating to
size - Prep Pilot ladder for installation on CALM buoy",,,,26/01/2023 23:45,27/01/2023 01:45,2,Planned Maint.,Buoy Body,Closed,,,SPM_Offshore,DPR 2186,2023-01 (Jan),P2 - Medium,,January,2023
26/01/2023 22:10,WO0083,SPM-AE-BY-02,CALM Buoy - CO760,"- Clean all grease nipples on Main bearing and Centre transfer pipe - Grease all
nipples on the main bearing and centre pipe - Rubble removal - Take measurements
for pilot ladder and damaged grating area for replacement",,,,26/01/2023 22:10,26/01/2023 23:05,0.916666667,Planned Maint.,Buoy Body,Closed,,,SPM_Offshore,DPR 2186,2023-01 (Jan),P2 - Medium,,January,2023
26/01/2023 14:20,WO0082,ABB,CMB System for Planned Maint.,Pre-Berthing checks - UKP Bush checks - UKP Bush greasing,,,,26/01/2023 14:20,26/01/2023 16:05,1.75,Planned Maint.,Buoy Body,Closed,,,ABB_Offshore,DPR 2186,2023-01 (Jan),P2 - Medium,,January,2023
25/01/2023 23:15,WO0081,SPM-AE-BY-02,CALM Buoy - CO760,Install topside winker light,,,,25/01/2023 23:15,25/01/2023 23:40,0.416666667,Planned Maint.,Buoy Body,Closed,,,SPM_Offshore,DPR 2185,2023-01 (Jan),P2 - Medium,,January,2023
25/01/2023 21:08,WO0080,SPM-FT-HS-01,SPM Hose String Assembly (Floating/Submarine),GVI Cargo hose – Pre-Berthing checks,,,,25/01/2023 21:08,25/01/2023 21:38,0.5,Planned Maint.,Buoy Body,Closed,,,SPM_Offshore,DPR 2185,2023-01 (Jan),P2 - Medium,,January,2023
25/01/2023 16:30,WO0079,ABB/SPM_Onshore,Onshore ABB_SPM System for Planned Maintenance,Weekly Servitude Walks,,,,25/01/2023 16:30,25/01/2023 18:30,2,Planned Maint.,Piping,Closed,,,ABB_SPM_Onshore,,2023-01 (Jan),P2 - Medium,,January,2023
25/01/2023 16:30,WO0078,ABB/SPM_Onshore,Onshore ABB_SPM System for Planned Maintenance,"Monthly GVI of Manifolds, Pig Launchers/Receivers, Spool pieces",,,,25/01/2023 16:30,25/01/2023 18:30,2,Planned Maint.,Piping,Closed,,,ABB_SPM_Onshore,,2023-01 (Jan),P2 - Medium,,January,2023
25/01/2023 16:30,WO0076,ABB/SPM_Onshore,Onshore ABB_SPM System for Planned Maintenance,"Monthly Visual  inspection & Patch painting of above grd section (Gao Lagoon  &
TOR Y-Junction)",,,,25/01/2023 16:30,25/01/2023 18:30,2,Planned Maint.,Piping,Closed,,,ABB_SPM_Onshore,,2023-01 (Jan),P2 - Medium,,January,2023
25/01/2023 16:30,WO0077,ABB/SPM_Onshore,Onshore ABB_SPM System for Planned Maintenance,Valves - Quarterly Monthly GVI for leaks & Lubrication,,,,25/01/2023 16:30,25/01/2023 18:30,2,Planned Maint.,Valve,Closed,,,ABB_SPM_Onshore,,2023-01 (Jan),P2 - Medium,,January,2023
25/01/2023 16:10,WO0074,SPM-FT-HS-01,SPM Hose String Assembly (Floating/Submarine),"Start floating hose winker light installation at the following positions - 1st
winker light Between hoses D8662 & D8663 - 2nd winker light between hoses E0488
& E0489- 3rd winker light between hoses D8667 & D8668",,,,25/01/2023 16:10,25/01/2023 17:05,0.916666667,Planned Maint.,Floating Hose,Closed,,,SPM_Offshore,DPR 2185,2023-01 (Jan),P2 - Medium,,January,2023
25/01/2023 16:10,WO0075,SPM-AE-BY-02,CALM Buoy - CO760,Board CALM buoy and start AS Found pictures & survey,,,,25/01/2023 16:10,25/01/2023 17:05,0.916666667,Planned Maint.,Buoy Body,Closed,,,SPM_Offshore,DPR 2185,2023-01 (Jan),P2 - Medium,,January,2023
24/01/2023 18:49,WO0073,ABB-FT-HS-01,ABB Submarine Hose Assembly,MGR on Jumper hoses flanges and Spool piece to pipeline,,,,24/01/2023 18:49,24/01/2023 19:33,0.733333333,Planned Corrective Maint.,Piping Support,Closed,Aquatic Exposure,Removed,ABB_Offshore,DPR 2184,2023-01 (Jan),P2 - Medium,,January,2023
24/01/2023 16:36,WO0071,ABB-FT-V-1803,ABB PLEM Valve,Install new PLEM hang off line,,,,24/01/2023 16:36,24/01/2023 17:35,0.983333333,Planned Corrective Maint.,PLEM Piping and Structure,Closed,Damaged,Replaced,ABB_Offshore,DPR 2184,2023-01 (Jan),P2 - Medium,,January,2023
24/01/2023 16:36,WO0072,ABB-FT-V-1803,ABB PLEM Valve,MGR on Valve 1803,,,,24/01/2023 16:36,24/01/2023 17:35,0.983333333,Planned Corrective Maint.,Valve,Closed,Aquatic Exposure,Removed,ABB_Offshore,DPR 2184,2023-01 (Jan),P2 - Medium,,January,2023
24/01/2023 16:06,WO0070,ABB-FT-PL-18,"ABB Offshore/Onshore Pipeline - 18""",Measure pipeline between Stinger box and Jumper hoses,,,,24/01/2023 16:06,24/01/2023 16:20,0.233333333,Planned Maint.,Piping,Closed,,,ABB_Offshore,DPR 2184,2023-01 (Jan),P2 - Medium,,January,2023
23/01/2023 20:12,WO0069,ABB,CMB System for Planned Maint.,All mooring lines checked and secure on mooring buoy hooks,,,,23/01/2023 20:12,23/01/2023 20:17,0.083333333,Planned Maint.,Mooring System,Closed,,,ABB_Offshore,DPR 2183,2023-01 (Jan),P2 - Medium,,January,2023
23/01/2023 19:45,WO0068,ABB-FT-HS-01,ABB Submarine Hose Assembly,GVI Cargo hose after connection,,,,23/01/2023 19:45,23/01/2023 20:06,0.35,Planned Maint.,Submarine Hose,Closed,,,ABB_Offshore,DPR 2183,2023-01 (Jan),P2 - Medium,,January,2023
22/01/2023 16:52,WO0065,ABB-FT-HS-01,ABB Submarine Hose Assembly,GVI Cargo hose after disconnection,,,,22/01/2023 16:52,22/01/2023 17:25,0.55,Planned Maint.,Submarine Hose,Closed,,,ABB_Offshore,DPR 2182,2023-01 (Jan),P2 - Medium,,January,2023
22/01/2023 16:52,WO0067,ABB,CMB System for Planned Maint.,UKP Bush checks - UKP Bush & QRH greasing,,,,22/01/2023 16:52,22/01/2023 19:30,2.633333333,Planned Maint.,Lubrication System,Closed,,,ABB_Offshore,DPR 2182,2023-01 (Jan),P2 - Medium,,January,2023
22/01/2023 16:52,WO0066,ABB,CMB System for Planned Maint.,Pre-berthing Checks,,,,22/01/2023 16:52,22/01/2023 19:30,2.633333333,Planned Maint.,Mooring System,Closed,,,ABB_Offshore,DPR 2182,2023-01 (Jan),P2 - Medium,,January,2023
21/01/2023 16:30,WO0064,Oil-Jetty,Oil Jetty System for Planned Maintenance,Bi-weekly Servitude Walk/Pipeline Inspection,,,,21/01/2023 16:30,21/01/2023 18:30,2,Planned Maint.,Piping,Closed,,,Oil_Jetty,,2023-01 (Jan),P2 - Medium,,January,2023
20/01/2023 21:13,WO0063,ABB,CMB System for Planned Maint.,Checked all mooring lines are set and secured on mooring buoy QRH’s,,,,20/01/2023 21:13,20/01/2023 21:31,0.3,Planned Maint.,Mooring System,Closed,,,ABB_Offshore,DPR 2180,2023-01 (Jan),P2 - Medium,,January,2023
20/01/2023 21:13,WO0062,ABB,CMB System for Planned Maint.,GVI Cargo hose after connection,,20/01/2023,,20/01/2023 21:13,20/01/2023 21:56,0.716666667,Inspection,Submarine Hose,Closed,,,ABB_Offshore,DPR 2180,2023-01 (Jan),P2 - Medium,,January,2023
20/01/2023 18:42,WO0061,ABB-ME-BY-03,ABB Delta Buoy,Replace one damaged mooring line on ABB03,,,,20/01/2023 18:42,20/01/2023 19:00,0.3,Unplanned Corrective Maint.,Mooring System,Closed,Damaged,Replaced,ABB_Offshore,DPR 2180,2023-01 (Jan),P2 - Medium,,January,2023
20/01/2023 14:37,WO0058,ABB-FT-HS-01,ABB Submarine Hose Assembly,GVI Cargo hose after disconnection,,,,20/01/2023 14:37,20/01/2023 15:04,0.45,Planned Maint.,Submarine Hose,Closed,,,ABB_Offshore,DPR 2180,2023-01 (Jan),P2 - Medium,,January,2023
20/01/2023 14:37,WO0060,ABB,CMB System for Planned Maint.,UKP Bush checks - UKP Bush greasing,,,,20/01/2023 14:37,20/01/2023 16:30,1.883333333,Planned Maint.,Lubrication System,Closed,,,ABB_Offshore,DPR 2180,2023-01 (Jan),P2 - Medium,,January,2023
20/01/2023 14:37,WO0059,ABB,CMB System for Planned Maint.,Pre-berthing Checks,,,,20/01/2023 14:37,20/01/2023 16:30,1.883333333,Planned Maint.,Mooring System,Closed,,,ABB_Offshore,DPR 2180,2023-01 (Jan),P2 - Medium,,January,2023
17/01/2023 19:34,WO0057,ABB-FT-HS-01,ABB Submarine Hose Assembly,GVI Cargo hose after connection,,,,17/01/2023 19:34,17/01/2023 20:03,0.483333333,Planned Maint.,Submarine Hose,Closed,,,ABB_Offshore,DPR 2177,2023-01 (Jan),P2 - Medium,,January,2023
16/01/2023 22:37,WO0056,ABB-FT-HS-01,ABB Submarine Hose Assembly,Replace curated washers with correct washers on Cargo hose,,,,16/01/2023 22:37,16/01/2023 23:15,0.633333333,Planned Corrective Maint.,Submarine Hose,Closed,,Replaced,ABB_Offshore,DPR 2176,2023-01 (Jan),P2 - Medium,,January,2023
16/01/2023 19:15,WO0051,ABB-FT-HS-01,ABB Submarine Hose Assembly,GVI Cargo hose after disconnection,,,,16/01/2023 19:15,16/01/2023 19:57,0.7,Planned Maint.,Submarine Hose,Closed,,,ABB_Offshore,DPR 2176,2023-01 (Jan),P2 - Medium,,January,2023
16/01/2023 19:15,WO0053,ABB,CMB System for Planned Maint.,UKP Bush checks - UKP Bush & QRH greasing,,,,16/01/2023 19:15,16/01/2023 21:28,2.216666667,Planned Maint.,Lubrication System,Closed,,,ABB_Offshore,DPR 2176,2023-01 (Jan),P2 - Medium,,January,2023
16/01/2023 19:15,WO0052,ABB,CMB System for Planned Maint.,Pre-berthing Checks,,,,16/01/2023 19:15,16/01/2023 21:28,2.216666667,Planned Maint.,Mooring System,Closed,,,ABB_Offshore,DPR 2176,2023-01 (Jan),P2 - Medium,,January,2023
16/01/2023 19:15,WO0055,ABB,CMB System for Planned Maint.,MBC GVI and cleaning,,16/01/2023,,16/01/2023 19:15,16/01/2023 21:28,2.216666667,Inspection,MBC,Closed,,,ABB_Offshore,DPR 2176,2023-01 (Jan),P2 - Medium,,January,2023
16/01/2023 19:15,WO0054,ABB,CMB System for Planned Maint.,Mooring buoy freeboard checked All mooring buoy positions checked,,16/01/2023,,16/01/2023 19:15,16/01/2023 21:28,2.216666667,Inspection,Buoy Body,Closed,,,ABB_Offshore,DPR 2176,2023-01 (Jan),P2 - Medium,,January,2023
15/01/2023 19:34,WO0050,ABB,CMB System for Planned Maint.,Checked all mooring lines secured on mooring buoy QRH’s,,,,15/01/2023 19:34,15/01/2023 19:45,0.183333333,Planned Maint.,Mooring System,Closed,,,ABB_Offshore,DPR 2175,2023-01 (Jan),P2 - Medium,,January,2023
15/01/2023 19:04,WO0049,ABB-FT-HS-01,ABB Submarine Hose Assembly,GVI Cargo hose after connection,,,,15/01/2023 19:04,15/01/2023 19:23,0.316666667,Planned Maint.,Submarine Hose,Closed,,,ABB_Offshore,DPR 2175,2023-01 (Jan),P2 - Medium,,January,2023
15/01/2023 15:00,WO0048,ABB,CMB System for Planned Maint.,UKP Bush checks - UKP Bush & QRH greasing,,,,15/01/2023 15:00,15/01/2023 16:10,1.166666667,Planned Maint.,Lubrication System,Closed,,,ABB_Offshore,DPR 2175,2023-01 (Jan),P2 - Medium,,January,2023
15/01/2023 15:00,WO0047,ABB,CMB System for Planned Maint.,Pre-berthing Checks,,,,15/01/2023 15:00,15/01/2023 16:10,1.166666667,Planned Maint.,Mooring System,Closed,,,ABB_Offshore,DPR 2175,2023-01 (Jan),P2 - Medium,,January,2023
14/01/2023 22:57,WO0045,ABB-FT-HS-01,ABB Submarine Hose Assembly,GVI Cargo hose,,,,14/01/2023 22:57,14/01/2023 23:21,0.4,Planned Maint.,Submarine Hose,Closed,,,ABB_Offshore,DPR 2174,2023-01 (Jan),P2 - Medium,,January,2023
14/01/2023 22:57,WO0046,ABB,CMB System for Planned Maint.,Pre-berthing Checks,,,,14/01/2023 22:57,14/01/2023 23:21,0.4,Planned Maint.,Mooring System,Closed,,,ABB_Offshore,DPR 2174,2023-01 (Jan),P2 - Medium,,January,2023
14/01/2023 17:06,WO0044,ABB-FT-V-1803,ABB PLEM Valve,Remove Calcium build up from Stinger Box anodes,,,,14/01/2023 17:06,14/01/2023 18:50,1.733333333,Planned Corrective Maint.,PLEM Piping and Structure,Closed,,Removed,ABB_Offshore,DPR 2174,2023-01 (Jan),P2 - Medium,,January,2023
13/01/2023 18:25,WO0043,ABB-FT-V-1803,ABB PLEM Valve,Seabed survey on Seaside of Jumper hoses and Pipeline to Stinger Box,,,,13/01/2023 18:25,13/01/2023 19:04,0.65,Planned Maint.,PLEM Piping and Structure,Closed,,,ABB_Offshore,DPR 2173,2023-01 (Jan),P2 - Medium,,January,2023
13/01/2023 17:27,WO0042,ABB-FT-PL-18,"ABB Offshore/Onshore Pipeline - 18""",Survey Pipeline between Stinger box &amp; Jumper hoses,,,,13/01/2023 17:27,13/01/2023 17:47,0.333333333,Planned Maint.,Piping,Closed,,,ABB_Offshore,DPR 2173,2023-01 (Jan),P2 - Medium,,January,2023
13/01/2023 16:30,WO0041,ABB-FT-V-1803,ABB PLEM Valve,Fishing net removal on ABB PLEM Buoy,,,,13/01/2023 16:30,13/01/2023 17:27,0.95,Planned Corrective Maint.,Buoy Body,Closed,Marine Fouling / Foreign Object,Removed,ABB_Offshore,DPR 2173,2023-01 (Jan),P2 - Medium,,January,2023
12/01/2023 20:45,WO0040,ABB,CMB System for Planned Maint.,Checked all mooring lines secured on mooring buoy QRH’s,,,,12/01/2023 20:45,12/01/2023 21:00,0.25,Planned Maint.,Mooring System,Closed,,,ABB_Offshore,DPR 2172,2023-01 (Jan),P2 - Medium,,January,2023
12/01/2023 20:15,WO0039,ABB-FT-HS-01,ABB Submarine Hose Assembly,GVI Cargo hose after connection,,,,12/01/2023 20:15,12/01/2023 20:36,0.35,Planned Maint.,Submarine Hose,Closed,,,ABB_Offshore,DPR 2172,2023-01 (Jan),P2 - Medium,,January,2023
12/01/2023 15:37,WO0038,ABB,CMB System for Planned Maint.,"Monthly GVI Mooring buoy ABB 02, 03, 04 & 05",,,,12/01/2023 15:37,12/01/2023 15:58,0.35,Planned Maint.,Buoy Body,Closed,,,ABB_Offshore,DPR 2172,2023-01 (Jan),P2 - Medium,,January,2023
12/01/2023 14:30,WO0037,ABB,CMB System for Planned Maint.,Pre-Berthing Checks - UKP Bush checks - Bush & QRH greasing,,,,12/01/2023 14:30,12/01/2023 16:00,1.5,Planned Maint.,Mooring System,Closed,,,ABB_Offshore,DPR 2172,2023-01 (Jan),P2 - Medium,,January,2023
11/01/2023 14:47,WO0035,ABB-FT-HS-01,ABB Submarine Hose Assembly,GVI Cargo hose,,,,11/01/2023 14:47,11/01/2023 15:17,0.5,Planned Maint.,Submarine Hose,Closed,,,ABB_Offshore,DPR 2171,2023-01 (Jan),P2 - Medium,,January,2023
11/01/2023 14:47,WO0036,ABB,CMB System for Planned Maint.,Pre-berthing Checks,,,,11/01/2023 14:47,11/01/2023 15:17,0.5,Planned Maint.,Mooring System,Closed,,,ABB_Offshore,DPR 2171,2023-01 (Jan),P2 - Medium,,January,2023
10/01/2023 19:13,WO0034,ABB-ME-BY-03,ABB Delta Buoy,Monthly GVI ABB mooring buoy chain connection to anchors system Delta,,,,10/01/2023 19:13,10/01/2023 19:25,0.2,Planned Maint.,Anchoring System,Closed,,,ABB_Offshore,DPR 2170,2023-01 (Jan),P2 - Medium,,January,2023
10/01/2023 17:59,WO0033,ABB-ME-BY-02,ABB  Bravo Buoy,Monthly GVI ABB mooring buoy chain connection to anchors system Bravo,,,,10/01/2023 17:59,10/01/2023 18:41,0.7,Planned Maint.,Anchoring System,Closed,,,ABB_Offshore,DPR 2170,2023-01 (Jan),P2 - Medium,,January,2023
10/01/2023 17:59,WO0032,ABB-ME-BY-05,ABB Alpha Buoy,Monthly GVI ABB mooring buoy chain connection to anchors system Alpha,,,,10/01/2023 17:59,10/01/2023 18:41,0.7,Planned Maint.,Anchoring System,Closed,,,ABB_Offshore,DPR 2170,2023-01 (Jan),P2 - Medium,,January,2023
10/01/2023 17:05,WO0031,ABB-CP-01,ABB Cathodic Protection System - Offshore,6-Monthly CP Readings on Pipeline between Stinger box & Jumper hoses,,,,10/01/2023 17:05,10/01/2023 17:35,0.5,Planned Maint.,Piping,Closed,,,ABB_Offshore,DPR 2170,2023-01 (Jan),P2 - Medium,,January,2023
10/01/2023 17:05,WO0030,ABB-FT-V-1803,ABB PLEM Valve,6-Monthly CP Readings on Stinger box,,,,10/01/2023 17:05,10/01/2023 17:35,0.5,Planned Maint.,PLEM Piping and Structure,Closed,,,ABB_Offshore,DPR 2170,2023-01 (Jan),P2 - Medium,,January,2023
10/01/2023 16:22,WO0029,ABB-CP-01,ABB Cathodic Protection System - Offshore,"6-Monthly CP Readings on ABB PLEM, PLEM Base, Valve 1803 & Jumper hoses",,,,10/01/2023 16:22,10/01/2023 16:56,0.566666667,Planned Maint.,PLEM Piping and Structure,Closed,,,ABB_Offshore,DPR 2170,2023-01 (Jan),P2 - Medium,,January,2023
10/01/2023 16:22,WO0028,ABB-CP-01,ABB Cathodic Protection System - Offshore,6-Monthly CP Readings on Jumper hoses,,,,10/01/2023 16:22,10/01/2023 16:56,0.566666667,Planned Maint.,Hose,Closed,,,ABB_Offshore,DPR 2170,2023-01 (Jan),P2 - Medium,,January,2023
09/01/2023 23:25,WO0027,ABB,CMB System for Planned Maint.,All mooring lines checked and set on mooring buoy QRH’s,,,,09/01/2023 23:25,09/01/2023 23:30,0.083333333,Planned Maint.,Mooring System,Closed,,,ABB_Offshore,DPR 2169,2023-01 (Jan),P2 - Medium,,January,2023
09/01/2023 22:54,WO0026,ABB-FT-HS-01,ABB Submarine Hose Assembly,GVI Cargo hose after connection,,,,09/01/2023 22:54,09/01/2023 23:17,0.383333333,Planned Maint.,Submarine Hose,Closed,,,ABB_Offshore,DPR 2169,2023-01 (Jan),P2 - Medium,,January,2023
09/01/2023 17:26,WO0023,ABB-FT-HS-01,ABB Submarine Hose Assembly,GVI hose end lifting equipment,,,,09/01/2023 17:26,09/01/2023 17:52,0.433333333,Planned Maint.,Submarine Hose,Closed,,,ABB_Offshore,DPR 2169,2023-01 (Jan),P2 - Medium,,January,2023
09/01/2023 17:26,WO0025,ABB,CMB System for Planned Maint.,- UKP Bush checks - UKP Bush 7 QRH greasing,,,,09/01/2023 17:26,09/01/2023 19:56,2.5,Planned Maint.,Lubrication System,Closed,,,ABB_Offshore,DPR 2169,2023-01 (Jan),P2 - Medium,,January,2023
09/01/2023 17:26,WO0024,ABB,CMB System for Planned Maint.,Pre-berthing Checks,,,,09/01/2023 17:26,09/01/2023 19:56,2.5,Planned Maint.,Mooring System,Closed,,,ABB_Offshore,DPR 2169,2023-01 (Jan),P2 - Medium,,January,2023
09/01/2023 17:26,WO0022,ABB,CMB System for Planned Maint.,GVI Cargo hose,,,,09/01/2023 17:26,09/01/2023 17:52,0.433333333,Planned Maint.,Submarine Hose,Closed,,,ABB_Offshore,DPR 2169,2023-01 (Jan),P2 - Medium,,January,2023
08/01/2023 21:50,WO0021,SPM-FT-HS-01,SPM Hose String Assembly (Floating/Submarine),Remove marine growth from floatation collars,,,,08/01/2023 21:50,09/01/2023 01:00,3.166666667,Planned Corrective Maint.,Hose,Closed,Aquatic Exposure,Removed,SPM_Offshore,DPR 2168,2023-01 (Jan),P2 - Medium,,January,2023
08/01/2023 17:32,WO0020,ABB-ME-BY-05,ABB Alpha Buoy,GVI Alpha gravity base connection points,,,,08/01/2023 17:32,08/01/2023 18:46,1.233333333,Planned Maint.,Buoy Body,Closed,,,ABB_Offshore,DPR 2168,2023-01 (Jan),P2 - Medium,,January,2023
08/01/2023 16:23,WO0019,ABB-ME-BY-05,ABB Alpha Buoy,Marine Growth Removal from gravity base & anchor connection points,,,,08/01/2023 16:23,08/01/2023 17:17,0.9,Planned Corrective Maint.,Buoy Body,Closed,Aquatic Exposure,Removed,ABB_Offshore,DPR 2168,2023-01 (Jan),P2 - Medium,,January,2023
08/01/2023 00:04,WO0018,ABB-FT-HS-01,ABB Submarine Hose Assembly,GVI Cargo hose after connection,,,,08/01/2023 00:04,08/01/2023 00:14,0.166666667,Planned Maint.,Submarine Hose,Closed,,,ABB_Offshore,DPR 2167,2023-01 (Jan),P2 - Medium,,January,2023
07/01/2023 17:00,WO0017,ABB-ME-BY-05,ABB Alpha Buoy,Marine Growth Removal from Alpha gravity base connection points,,,,07/01/2023 17:00,07/01/2023 18:07,1.116666667,Planned Corrective Maint.,Buoy Body,Closed,Aquatic Exposure,Removed,ABB_Offshore,DPR 2167,2023-01 (Jan),P2 - Medium,,January,2023
07/01/2023 12:14,WO0016,ABB,CMB System for Planned Maint.,Mooring lines checked and secure on mooring buoy QRH’s,,,,07/01/2023 12:14,07/01/2023 12:20,0.1,Planned Maint.,Mooring System,Closed,,,ABB_Offshore,DPR 2167,2023-01 (Jan),P2 - Medium,,January,2023
06/01/2023 20:30,WO0015,ABB,CMB System for Planned Maint.,Monthly washing of mooring buoy decks,,,,06/01/2023 20:30,06/01/2023 21:30,1,Planned Maint.,Buoy Body,Closed,,,ABB_Offshore,DPR 2166,2023-01 (Jan),P2 - Medium,,January,2023
06/01/2023 18:16,WO0014,ABB-FT-PL-18,"ABB Offshore/Onshore Pipeline - 18""",GVI Pipeline between Stinger Box &amp; Jumper hoses,,,,06/01/2023 18:16,06/01/2023 18:50,0.566666667,Planned Maint.,PLEM Piping and Structure,Closed,,,ABB_Offshore,DPR 2166,2023-01 (Jan),P2 - Medium,,January,2023
06/01/2023 17:29,WO0013,ABB,CMB System for Planned Maint.,Pre-berthing Checks,,,,06/01/2023 17:29,06/01/2023 18:02,0.55,Planned Maint.,Mooring System,Closed,,,ABB_Offshore,DPR 2166,2023-01 (Jan),P2 - Medium,,January,2023
06/01/2023 17:29,WO0012,ABB-FT-HS-01,ABB Submarine Hose Assembly,GVI Cargo hose,,06/01/2023,,06/01/2023 17:29,06/01/2023 18:02,0.55,Inspection,Submarine Hose,Closed,,,ABB_Offshore,DPR 2166,2023-01 (Jan),P2 - Medium,,January,2023
05/01/2023 16:56,WO0011,ABB,CMB System for Planned Maint.,Marine Growth Removal from gravity base & anchor connection points,,,,05/01/2023 16:56,05/01/2023 17:14,0.3,Planned Corrective Maint.,Anchoring System,Closed,Aquatic Exposure,Removed,ABB_Offshore,DPR 2165,2023-01 (Jan),P2 - Medium,,January,2023
04/01/2023 19:28,WO0009,MATHEEW BUOY,Buoy for SW10/Atlantis,3-Monthly GVI of Matheew Buoy,,,,04/01/2023 19:28,04/01/2023 19:48,0.333333333,Planned Maint.,Buoy Body,Closed,,,ABB_Offshore,DPR,2023-01 (Jan),P2 - Medium,,January,2023
04/01/2023 19:28,WO0010,ABB,CMB System for Planned Maint.,GVI Samson work boat mooring’s,,,,04/01/2023 19:28,04/01/2023 19:48,0.333333333,Planned Maint.,Mooring System,Closed,,,ABB_Offshore,DPR 2164,2023-01 (Jan),P2 - Medium,,January,2023
04/01/2023 18:37,WO0008,ABB,CMB System for Planned Maint.,"Monthly GVI ABB Mooring buoy pins, swivel, H Link & Touch Downs on ABB buoys",,,,04/01/2023 18:37,04/01/2023 19:12,0.583333333,Planned Maint.,Swivel System,Closed,Aquatic Exposure,Removed,ABB_Offshore,DPR 2164,2023-01 (Jan),P2 - Medium,,January,2023
04/01/2023 16:50,WO0007,ABB,CMB System for Planned Maint.,Marine growth removal on ABB mooring buoy body sides,,,,04/01/2023 16:50,04/01/2023 18:20,1.5,Planned Corrective Maint.,Buoy Body,Closed,Aquatic Exposure,Removed,ABB_Offshore,DPR 2164,2023-01 (Jan),P2 - Medium,,January,2023
03/01/2023 20:10,WO0005,ABB-FT-V-1803,ABB PLEM Valve,Marine Growth Removal on ABB PLEM Buoy,,,,03/01/2023 20:10,03/01/2023 22:06,1.933333333,Planned Corrective Maint.,PLEM Piping and Structure,Closed,Aquatic Exposure,Removed,ABB_Offshore,DPR 2163,2023-01 (Jan),P2 - Medium,,January,2023
03/01/2023 20:10,WO0006,ABB,CMB System for Planned Maint.,Marine Growth Removal on Mooring Chain,,,,03/01/2023 20:10,03/01/2023 22:06,1.933333333,Planned Corrective Maint.,Anchoring System,Closed,Aquatic Exposure,Removed,ABB_Offshore,DPR 2163,2023-01 (Jan),P2 - Medium,,January,2023
03/01/2023 19:13,WO0004,ABB-CP-01,ABB Cathodic Protection System - Offshore,Stud & Anode check,,,,03/01/2023 19:13,03/01/2023 19:54,0.683333333,Planned Maint.,Cathodic Protection,Closed,,,ABB_Offshore,DPR 2163,2023-01 (Jan),P2 - Medium,,January,2023
03/01/2023 19:13,WO0003,ABB-FT-HS-01,ABB Submarine Hose Assembly,GVI Cargo & Jumper hoses,,,,03/01/2023 19:13,03/01/2023 19:54,0.683333333,Planned Maint.,Submarine Hose,Closed,,,ABB_Offshore,DPR 2163,2023-01 (Jan),P2 - Medium,,January,2023
02/01/2023 16:47,WO0002,ABB,CMB System for Planned Maint.,Pre-Berthing Checks UKP Bush Checks - Bush & QRH Greasing,,,,02/01/2023 16:47,02/01/2023 18:46,1.983333333,Planned Maint.,Lubrication System,Closed,,,ABB_Offshore,DPR 2162,2023-01 (Jan),P2 - Medium,,January,2023
02/01/2023 16:47,WO0001,ABB-FT-HS-01,ABB Submarine Hose Assembly,GVI Cargo hose,,02/01/2023,,02/01/2023 16:47,02/01/2023 17:15,0.466666667,Inspection,Submarine Hose,Closed,,,ABB_Offshore,DPR 2162,2023-01 (Jan),P2 - Medium,,January,2023
